{"version":11,"hash":{"type":"Buffer","data":"krQAQvQO5F59aCJLyqeoKDkiFaE2FuzZDqqhsj/ICguZdkW4IYhNFDveIkt7OYQZaHLQ4swCLx33OYAYBMaUdWt79LcCXtGW2ms0ekaPjDvRQqbP6GXv/akn78VYMrSBw/UhExF/E3ZrzwGB8kc4uK12NXNTqbmiiH6dbI3NBQo="},"indexValueMap":{"BIEgTljqJO/nXBuTGD4vnPaVQy8Y80rv87bza6BnDko=":{"valueMac":{"type":"Buffer","data":"tj76QfnthIurlj5ejZ3gqe8NS97v8iB2eLq+pmsSGso="}},"FNpmyBUpDvKr1cFAfG7W74XCs8PkjfcP2NPzE7U0W1M=":{"valueMac":{"type":"Buffer","data":"ZBgaVPXi0OHUOv1JNFFPkVeWs7dt6laD/nRJmU6DKEY="}},"Gg+BP75yJv0gWZ+Vv+ND5bPNerRiwft2lehjroGPymU=":{"valueMac":{"type":"Buffer","data":"CP0LUMucJkZrKZNzNpzZKUg6iA47HA9PALk9cq3nokM="}},"HwO42G+BGEjUmgZLk5QsT6g8nhD57fUee8aiyBdP5vU=":{"valueMac":{"type":"Buffer","data":"4GvuVwBvVwnv2yvM6A2vBh7BP+jYgOOpYOfRzuu56Fg="}},"I+shw/llUa3yXH+DN79e6xzHzmPJjw5rPWb2iUDQRkw=":{"valueMac":{"type":"Buffer","data":"BJAAFyQ6DP1jPZB2ucGqfgXpSOil6oY8+6pxgXCrhxI="}},"J46KIVFyBYBaOaMFXVjCCWIcJV5snYlZlPLN7f6umsg=":{"valueMac":{"type":"Buffer","data":"1LFMeupSInHVbcKzKLJjWGRB58wWZH2g76DVP2Cb0dE="}},"KpIu1a1LxJM8H0cNSCTr2iatptNGQJDq3sTo4zuOEO0=":{"valueMac":{"type":"Buffer","data":"s6zj6zBWkV1/PUcXXfwsD2rCv+06o2qbgmI37Oikun0="}},"MPE8n/vn/SXU5NRaW7ZQPbYSjuGfTYa/iGBL9bNkJhA=":{"valueMac":{"type":"Buffer","data":"ttt2Uy5Js38cyZ9WLZXobMuunS9reKK5sCIeA15Y58Q="}},"Nc4k14T2MTQL7ucslGNWrT8k6zPDtvKYA8+irrydnV4=":{"valueMac":{"type":"Buffer","data":"ovy4IV6e+QUxn7MmGnimrWfeg10EFvympypSFetnAi0="}},"Obdjito83O/vPvwmK1mM1h1ExBRbHF23C5ECEUcCwls=":{"valueMac":{"type":"Buffer","data":"vQYMsCcXU48hVSXyF5BBxLoz+DxBKO27abk+7ke9hwY="}},"Pwf7gKPzLGpLef1AGSibOpmbPAtCfP9i9qsS3MsJxLU=":{"valueMac":{"type":"Buffer","data":"0HvMKMmewuKjnRldaAAm6cHHhA8HfJpmzOdwFIi4I38="}},"RB7eO3+q7vQzyzxvBmX2RoRkgaFRIewB3juhY/gXwZo=":{"valueMac":{"type":"Buffer","data":"5EZ7BtfnC5/Oi7nU9z2JW7c3C/ro3+EShro1WQ+IvcQ="}},"RaorLwi8kuY3+PvUGVrXJz3UqZRHd2OxbGcil+Sg9z0=":{"valueMac":{"type":"Buffer","data":"q8ZN9TmXdEhtcVgC5171Ky7CV7lmR4v/H26QWpxkbBI="}},"TVPve1RvQgBPc6vBWygqjN3TrlY/Y0GtF443uVCJzG8=":{"valueMac":{"type":"Buffer","data":"EOPWCNdCa9svUfs1zhfVcK2Mxv0nVDtecymy3NguOX0="}},"TbvbecWdBfYVROaqHJPMDn3WcDHO/O9iq8n7YBsT8ik=":{"valueMac":{"type":"Buffer","data":"BEp6hqTsFZE9TDEu//b2+C/3SAPMa6VpRBbd+d7h0rg="}},"TthMtO4xlw7TuviVo1z+wZnP0Tq6dMksSJPKLnud4WU=":{"valueMac":{"type":"Buffer","data":"zjiYltfrmZje1Nh0WWKIfZXFkYjZjCzJKPcqdVBcsgE="}},"UL8XiwlelW9sDDNOhZhqIfNKunxujHLvju2aHV/kBAM=":{"valueMac":{"type":"Buffer","data":"d1zC1pdOTK7VBJJO/RFN3I+C+zL3ZBdZWL3S4bbRuOA="}},"UlHt7CLIpgb4jO+hFqXUT1mIa/M67tNSYgz59lkIGvQ=":{"valueMac":{"type":"Buffer","data":"84UZ8JPekHWnHsNOXXgS11dU5UTMD2+9QEZYvB0OWmE="}},"VXA/5GACY6omA12nsU0/bT/9JG480KtgaQKTTl752iQ=":{"valueMac":{"type":"Buffer","data":"uzUWcMFKnUuZDE8XCVsROJKQPZVoCKEj5ylPsv0b8hY="}},"fHBMarVcEBotJnA1nrKgs/8Oelks9MYhLAGEd9OTKEQ=":{"valueMac":{"type":"Buffer","data":"P44Yy8zNB5FBR8YX8x7i8xx0o3w5GBjzBMIOSx3U9uc="}},"f/0kZuBgbS62zdy1GGtJmzVpiq2S2T5TKAbg2ndvNPU=":{"valueMac":{"type":"Buffer","data":"6+g+x49WxixtbYmEHdbjLgZQxN+l2RbmVnro2+01Zno="}},"gV74d2F0UAtzlBdVo6OXdvR89o2RWSKRmCNL7Z3UjvA=":{"valueMac":{"type":"Buffer","data":"qHwtkGJpcaklBdTWcnpMofDw8qu5TGyWrfauF+bqvyE="}},"h/hZlhoDjbxLeJsX8FE7JiQwY2KfZBlwJyXnSpL41f0=":{"valueMac":{"type":"Buffer","data":"8UPSgHHu6R3jcKbwT0Kosg8XwnrZQfL8Ahcp4XkqHCo="}},"iN7KBpH1xopuhDqHHXLfqNAaQ/2CNMMY3HbAhxyoIcg=":{"valueMac":{"type":"Buffer","data":"1ObfqVBWYFKmtyBM4qIIjZXfgUfIagcDRiAGqZvANYs="}},"jdQoytz4ibYZO+vQPmeIIqN5hv+HwNsZ3B3f79FfJh8=":{"valueMac":{"type":"Buffer","data":"OS0PaObB8CBHrnRYaNgO/VteyJfTBl+JLOXWofDIES8="}},"kAvtA7lrntaxPZ8q55PB/0tubroDBEythmxzmln0fYU=":{"valueMac":{"type":"Buffer","data":"9zrbT1AM9/cMktaqvsNrnQW1rtDqJHdO+yVuXYVXN6E="}},"kDkvqvD0eL46S73Dke83r8dh4bd2O5l/OVl9mj7Q1GI=":{"valueMac":{"type":"Buffer","data":"LbfQBzu80vPH5KSCLSZpdCaSZXovNbRh59fOs3FmM0Q="}},"koej/Uhbae2ygzZI/EQKqEjj+H9vcu7cchbv7fi+eDA=":{"valueMac":{"type":"Buffer","data":"X8bbdD+PuCXV83N6ENNmnhAeA1wSuPOlHB3r1oRKi98="}},"ptH2EAanT8Gv98GEYtZIZyCS4haDicXyqbQjNmkYHaw=":{"valueMac":{"type":"Buffer","data":"dvyxTnQ0hGG+/tWAJonabwEZeWQDzQZs8YGPtilAR0I="}},"qwHInqPswGhR6H2NpQz4RdlRl+XBABkKyDwOb1Gmg+U=":{"valueMac":{"type":"Buffer","data":"rBpyia6MLOoHuB45D26jOSQllYPZS59OBTKwitdu/EU="}},"sNTt6e3tSN2Z0ttoJJ1FkgGGqks417Gd/UHSNLHtd2E=":{"valueMac":{"type":"Buffer","data":"VaOyjPDH98XPnXwSmioTIkpKvQIAlnoAKqzZP4kl5O8="}},"tj8dDTcpkANZQ8Hmna9ax7ji8xT8zG3HDTvaUAYPBoY=":{"valueMac":{"type":"Buffer","data":"osfpsT8n7Jp58qzG1sMPGUNzPzLIkQIjB7+rWP6sJc8="}},"ugA9n6AuToLTiZt7JM+hUv4QOeHeOy6048VOHe45oX0=":{"valueMac":{"type":"Buffer","data":"JaLzTPQf/25g/zQkU8ceaBwd1asmmEh5jsjp8KgB+II="}},"v9Fis2z6Z5avfKyalSUbZMcGJeZs70mFKeO9ooCU7cU=":{"valueMac":{"type":"Buffer","data":"KGTpGa/lp7yrQ4G42c+Tw8KDBdG/KGaVppKFg6Ra8N4="}},"xCKvBW/omIkWmsOiZwSg2eH6hImk4EOscOnM713HoTE=":{"valueMac":{"type":"Buffer","data":"kWsdAy4t2XsLVsn69DcieODTDv+VBRFEqJcodgK0nCM="}},"ysJN1advaIgVvEbssbS637oizz1/oYdTI6YkORdpOBM=":{"valueMac":{"type":"Buffer","data":"GDQ/Xc99b9HRYfWKzNLJGgpkKdWHunuEQHYgZkb7Yx4="}},"z4XQeiLBIviSaGa/gOMzNH1G4/cvgquqF36ANDNhbK4=":{"valueMac":{"type":"Buffer","data":"JqQgPgmuy3bCsfdbyFOQtx4Vdex2ONms/53d2uHrWww="}},"0hPkILa+HylmCMWooAeOjPbBmCvZMVCDvivGPwWUrGo=":{"valueMac":{"type":"Buffer","data":"FeAAN774eVLYRvwZUD7i9lFwrbOyEvNNwN7PZrypkj0="}},"1Iu47+/QAXaSdbdMiq8inYCeSWuyZfAO3pLh2P7g0yA=":{"valueMac":{"type":"Buffer","data":"ACBi8trp2pibeDR9mN6nbHuZbPJZfvkzLYWkxC6OSt0="}},"2GULAQzpJIC+n7QMGMMkVTexWn9oca9cQ44/5gCRAQ4=":{"valueMac":{"type":"Buffer","data":"8mL2NxCD7nzZ4ri8Zvqr5g+1GM8LRrUc4cC1Yi5RqNw="}},"2j1xF/1ceWuawNcQJA/UqG8kSOhoAr/gKlOgQsGU8ac=":{"valueMac":{"type":"Buffer","data":"dtFGatFZmqlTIsFoDH+K4Z8ieTWcq+ZTPU22k/WjXv8="}},"5jH3dTKqw311WM3tuEoQMumAMynhbQ58RYSwmQs1W60=":{"valueMac":{"type":"Buffer","data":"4tso2Ilz0vEYriJiK/d5bBKjdhtF/3+skTGIwquL1qw="}},"5owxhbGNohS7ebLDHWUBYhHmzlhDt2BnzlNz8ZmNtpM=":{"valueMac":{"type":"Buffer","data":"tcEedTvcQXPjwxYbhP81Nay0Q0jSR8D6KXGrvfjUuG4="}},"52himnPmcUHAwXQlQ6iPH0mqDkmJkjtRvSWy9s+nx48=":{"valueMac":{"type":"Buffer","data":"bHukuezBxt3fGKiL8pPIGoMUn5D7FEg/XcW8ePxqeSU="}},"6Pb/WG0LApzB57MDVVxmSH1Nv0j5OIEe6Ao1ZlMYa78=":{"valueMac":{"type":"Buffer","data":"krbPl6nvgL6VGj67wAit9ITQEr+Y1o3wFHE4rGjOx9U="}},"83zlgNbaUMasX/M7jEfrbwOGRcb4SoUUyA8Ps58kGaY=":{"valueMac":{"type":"Buffer","data":"ENdtOlPmxsp6mIg6VHZ5yxNovaey6LvDIgog4e4Mj0U="}},"+Flm+OMzUg8bp0RnWkmG/ikMkTmKMDLqofCXI1Kjr1U=":{"valueMac":{"type":"Buffer","data":"NGBu2g/YMrbEuzDORqR+Z+Jruj9QBZ0hWZOOxTVqxM0="}},"/VoEZaCFTpUtu87UrCsEjuAMOorkaJZYQoYLSDZvV7M=":{"valueMac":{"type":"Buffer","data":"tpMRII7fServflETl7ez2ZCgYbpOmfkAFZy37r8XJQo="}},"X94qmJtdrsBqYxS7RCGC2hH50mE0ho4WBmbysCCUERM=":{"valueMac":{"type":"Buffer","data":"giSxmzlOjcs6WLDMJ9aaQI+obfL4J5PNY/5pDjkPIxQ="}},"6OkDjI8KZ/MFgCRrepZ4jflNw0GBfK7Hj6midG5NifQ=":{"valueMac":{"type":"Buffer","data":"aAHGEjmFf8VVeL1L4nCTSPZdktQepynlnwLOmX5/NfU="}}}}