{"version":70,"hash":{"type":"Buffer","data":"kvVQrfADNUw3I98JbTJ0UEk2Us7CY9vi01qYzVRj4D8TqxFaL+iHvjSUy4wh8u0pwqMMBa6s6qODutxBFMFth9ZoCbbIyxpOneAOc5OsDXIXWFytw5qwAMSgCgez6Zlc+rZHOwr1gYGrtDEXiu4Rd6URE1lVbZjbUOHXE8/w34I="},"indexValueMap":{"AHEpCSgyAerBrSoTXTvcn71rVJLYBCWGOkYOh+Y32c8=":{"valueMac":{"type":"Buffer","data":"DykmtdiQvYAcYQLF4wQfJwBjh+cShG0YX2+t79qqCPc="}},"ATbHPXvQG2gSkcGPRa2YQgfHQsT64S3Mlg48ZXLomIc=":{"valueMac":{"type":"Buffer","data":"uS3O5nvFaiC6hrmcTav1v4PspCrTa5I5ue4slVxbSYg="}},"AiY7DJLuXsFfZfnepinrxpf5qHor3AzyEdTSHRI3gSs=":{"valueMac":{"type":"Buffer","data":"S1+3uqdwwVBHVGeRLzYwxj/qJ4C52G9E+rLd2vuUYg0="}},"BvkI9A6Zc/ntaBnRgNxdi3iyGtaCSf4nGqzZCsBxsIc=":{"valueMac":{"type":"Buffer","data":"7dJX9b5PsREvKSDo9aUl0gMkxidad7SWC9v/h1U4OY0="}},"CHX+Wt0an4slzse6hp7kazrJM9NP+0CZb1ES1iaH+tY=":{"valueMac":{"type":"Buffer","data":"/JhLWuu144eYfamjnLVfaT3T6ArJfyDgBAkGdGOFdHg="}},"CjioNWfds6w8ciUMBlfR6dRAkjnFGjr1ZtVEH6OiUPE=":{"valueMac":{"type":"Buffer","data":"YhqpLSvkMUG6cF8C3Il4nlwE5vb9lVuflb/l1ZmWmL0="}},"Cp4madRE4eJtXqyJUKZ6a5ugAIHszy9IwCyY4C/DF9E=":{"valueMac":{"type":"Buffer","data":"7zNU7ME7/LRfgJbkOeosNQKa+iQZW/b7SvQ9cy0BVEw="}},"DgpIX3e/8PMx40xbEN9zSwQQE6Rn1LqgocTsvqbwyHE=":{"valueMac":{"type":"Buffer","data":"M3nf/UXYddu75oW0iqgYpTrWZHDFt3Ye5ihJTK9BK5s="}},"Exk4m8IY78FUsPeMY5xzQUd2mPb0io2v/tOau12rc9U=":{"valueMac":{"type":"Buffer","data":"5YaEKrWZ2cqJYEUrR+U1mgxw//Iw+c6ASza5zoLwN1Q="}},"Fpj+UIjLH2HyR1lVJlA2fl5jNwbB0SZ0yQJU9j4EeTQ=":{"valueMac":{"type":"Buffer","data":"9S50Vf8s292pheKBr6970K1Uta8cGHxV7zuc49Vgu28="}},"Gfpa5jjV4gFoWHnoWs4v23ZOfeyZ4jvtnRjuMEaM44w=":{"valueMac":{"type":"Buffer","data":"gKenFIytU1ZP1F7RTdgrqbrhZOZPC8U0uyhQkw1bdhM="}},"HfJ1QwvmowSdEHRmzY/1T579gwF6UPh0BJnFXZZ+GFc=":{"valueMac":{"type":"Buffer","data":"sT4zRw4cqZBX5x4p/gR3GpGnjzBA9Aq/ascH/swofRw="}},"H+AeTC820eTz6dOqJaXFS4nVmyZFXaYdtY8xEuNwfT0=":{"valueMac":{"type":"Buffer","data":"u4g/1t45NdMEfi1OkdXRhgF8edF+1nyZ9VxH2uF7UN0="}},"I4ZKBAGKsKnW0W9wW4M4SJ3wyGo68OxH3YCujDybRjg=":{"valueMac":{"type":"Buffer","data":"yHviSXNI+hn2pWL2fb+YQXrnsb9cVu0o3iLkJBd+Axw="}},"JHTwwhf4XHYNzShWmFgFvf20MrfyflqjZlvDxlkUMZE=":{"valueMac":{"type":"Buffer","data":"uQLcFYtILQcp3ucyyms7MJIwY1/TZpCG6qB0YfyaWbU="}},"LQt+hF5IX6MtxvwPI/bbm8GdM7lWTWtG15bXx+ITNGM=":{"valueMac":{"type":"Buffer","data":"ZPAd4vUY6ZL6iAF/uicLZAAY6tujLTbz7cPitHc+HZQ="}},"LV3CuV+PTnrCjK/l4GZ7dl+ZkW7yo4GB16JdGed4dDY=":{"valueMac":{"type":"Buffer","data":"txDJjBOMuQhqfp6HLC1Y5K/CThUeALhHKAARU20jZUQ="}},"L3YIRNlWH5CC3rd+43jscd5nNe/s5uNxcbZZk1piRF4=":{"valueMac":{"type":"Buffer","data":"+e2fEnt7zkspUIID7k2S0QPsk+MSSJuFUVuQ6uFBnrY="}},"MO34ndI7yBKYEqNY+VlKiVktG0O//AwiqWOjkXhht4Q=":{"valueMac":{"type":"Buffer","data":"LJL7EvQ7XjgIZIgWVSn4b+JVoJ6OVbsAqcigFM1gn20="}},"NUkUSCOKPdovOaWrTdFvSC1XLBN1vJr0R5Me9BUqj7c=":{"valueMac":{"type":"Buffer","data":"/EXECe/qiXJbu/xX3Wvsxby90OnlQU6snG6ok7mv6oQ="}},"N7di5LNhNe6wgufLg0LQrYukGyEwjFqOubY/oq1PKuc=":{"valueMac":{"type":"Buffer","data":"Q9lV+ViAD4SN8mJRbmwKtZdtHsfx46CKD9BobefOna0="}},"PZqrLILjI9dodaFpODGb028tWGWlifTJ6j72vg1CXqU=":{"valueMac":{"type":"Buffer","data":"/9zBLc965JOZmFToOdZ8zfTy49XrCea0kkq5Uwtb/VE="}},"RMfJYAjKUWyIv8G5ct/HS+bkQo4jYjOqhI1KwJDo/M8=":{"valueMac":{"type":"Buffer","data":"fkvjDLzFAlhRAyulQwH+IyWu3vR9GdS9Wzb/J8Ce81s="}},"Wv+P/kcZXCFR2cQ+i6/iNx/mznq2vwIa01+ueecUQAU=":{"valueMac":{"type":"Buffer","data":"KVkHv8KQWjzivGt6tdzbTnGVLPIlIeRwrhzXmk50QTE="}},"XX2hZwneE7kn72eSFJ1M9stLYpMpqGnIYJ8qNFds/w4=":{"valueMac":{"type":"Buffer","data":"tun4eJb6Mi4vKxw/aYs5QAo6GoQWC1ML4pWzWeRLsNk="}},"ZUbLtgGJf2OFEnQUhLFWi5Ck9w6ggTQoS/xYcpuW2Y4=":{"valueMac":{"type":"Buffer","data":"olvP1di4jwMl3HsqQXepThNE7SSEpslYZzJflRqdrEU="}},"Z/NWMe+4nnt1QzK99D++AI/AENXFhPG84PtnaXl1KpY=":{"valueMac":{"type":"Buffer","data":"0KV7c62WBx4pyF754MEfBpX1mRyFsRG7XIT+deY2R4A="}},"afy87zTEkuqxQkbQBDQutnisoaS3f94tqi180wJ8SWg=":{"valueMac":{"type":"Buffer","data":"PFSX2fM9NZNByXstzF7jPuCBkm++SxOTE3UoblyI2tY="}},"ciZrdeJWlQru0FJiQrPZa2iRO0VfYdbiQV/IWrRlOQE=":{"valueMac":{"type":"Buffer","data":"E9ESjvrYG1wI2IPTyyCwLVCKD1lTEwhJjRGbrUuxPpU="}},"dh4jtWqyIadpvayEnAFeLPhbUj/4iTuh3z90vbz7Gqk=":{"valueMac":{"type":"Buffer","data":"bwiFe+ktbR6TfT65ZfoHsmoYJ7USOFxZ5C9GzE45DEM="}},"gUDiBnVlK/SUCu2xcazcto339byOlcHwOBlzuRH4kSc=":{"valueMac":{"type":"Buffer","data":"5ny1R7xPmF8IzWt0sMqZTL2L5hjVCeX1oPUrBSSKZik="}},"iuqnJIN/vchbMnj55iv2XzirPizzoVd8Ua4gAsC4Jz8=":{"valueMac":{"type":"Buffer","data":"yCRnNFIESbt3f4aOwYS7Uw60S483kvyHArzzWGlm1Bs="}},"jMMdu7O0a0rZE1MKLRoyMJxjmNeKL0OwnLnGhxZ3gl0=":{"valueMac":{"type":"Buffer","data":"3AsNiB+44F0t3jag9O98CiXOJSyUXscCaNn7MexrNw8="}},"jQcAynblYwVs6FQkEqJtvZ7YzjuxUbzuKX+XzSk7T8U=":{"valueMac":{"type":"Buffer","data":"s6EFwO5mQNR6VwBeb4ZAfR659bS3r7ivj5B4IFpcsJ0="}},"jkXOcSuRjiaWskx/jN/57UmIlsYLg32F8uJEzcjALDY=":{"valueMac":{"type":"Buffer","data":"GF30WPPGGKOiS5RKaxX8p78MgpOAtOu3HDnwniF+wXY="}},"jk/BBGxeYyqa/eAPVJ5BQfc6Jbo/Pxj09rrb27bdMRA=":{"valueMac":{"type":"Buffer","data":"WchiV9OzJ2A+rdc4gzMSXsr1Hz0xlDSSUOYpzXySbXQ="}},"kAJBIPaBRRLERw57deY2m+ZI9MiSl8YEkgv1yyq8INw=":{"valueMac":{"type":"Buffer","data":"3Z8NW+X9oX8ONg+uAOdr724DaNFDSCMewMV3ychaPvM="}},"kBDZMbf9U16IEGa04KUaqoa7XMucdAmZSADQfq8YN/0=":{"valueMac":{"type":"Buffer","data":"AWDDJiOjs7odd/KEecs4SOTwnMkLAtk2TAw5vpbymF0="}},"kafI1yFZDE4kXpy4QlKMAx8QosKkHBwz8GVlqzIHUSw=":{"valueMac":{"type":"Buffer","data":"CH0SyfAsM24f5S84eZJ9N7SCQu6ysHs8PW5dwfY0GoM="}},"mIjyozNZM4jtytbIGzCNOMeOwMZTZlKX/zUAOQADiFg=":{"valueMac":{"type":"Buffer","data":"lNjxeK/otV2ozlox1qkbpqjhG/dL7HceNYyvDzdCMV0="}},"m/rLqCnQnaSHcnisxyGsfr4wSP8MFNe6Rz7JB0PRGAY=":{"valueMac":{"type":"Buffer","data":"kMLXPOPeMiZv/1MdGzNt7xktY6EHq519bZxCyl5YqEQ="}},"nULs0COER2dhmvcUXxoY20cLKE8S8+8xjKDY94uycJ4=":{"valueMac":{"type":"Buffer","data":"xVhhzVlVsuxYpazs15ZWtu2mYtMye5m9Ssw3HvxENYE="}},"ogMRY64W3mEMbD3iXL4XZG+hykN2Uf2ROpruLWSrrNY=":{"valueMac":{"type":"Buffer","data":"qjUHeCtAGXX1/HaqJcWXtc/HeJzgfkfT32HrpaanX+U="}},"ohsYWQtUuZsApBArgAM/LqpOdyjmBdjRWrqzkJsAZg4=":{"valueMac":{"type":"Buffer","data":"BR/DmEEBefndQAGj9sUBBF6ua9C6UEUFYJ6goK/x3gs="}},"q0PxTF1Db2Lx2Ah+4B27G9KijrZVD/uV7STCN1d8Sio=":{"valueMac":{"type":"Buffer","data":"Md1OOF65qYueI+vGN0gvYGysTCWx7yf1G++ot8E68Os="}},"q5dwIPzb9S3dF/Uq8UZo7yIogcnTqmcr91lAqjKzuzE=":{"valueMac":{"type":"Buffer","data":"oUZ7d+cDpmvxaZ4BKyzkBTvYsyiAYAvdddAtlN3SIIs="}},"rUVyqxmXo9mxQYo99rKQOyeLd5VzisvG3mxR4PNBCcE=":{"valueMac":{"type":"Buffer","data":"BF3ZU5T3fiP4XZg+HUygFPHBEHa0Whe8ZFRA/R6/rCY="}},"rkquze2k0fOf4zkJLGcI5sm6fk2h4hrulg0u+/uPtrI=":{"valueMac":{"type":"Buffer","data":"Fribeehv45QJMqzBnfW5lPjS9HxX3XFLThC2t7n2xeo="}},"sFtDLdbrBhW2L8Medg17QpcpuHlfJQ0s18t28HTMTt4=":{"valueMac":{"type":"Buffer","data":"8ILP4m/NBX90/XkGnUD8nqgwzGeGFqBNXiRkmcTDcxQ="}},"sO5AvExzPbAeRB1fVvbY/3qeNOWbeBs05e9UEjJftY4=":{"valueMac":{"type":"Buffer","data":"FbFiVGaWnSytrj0fJs0tOuZqzdhXDrurSFC5h+kGu1M="}},"se17G0DdZGTJSY/x2Sp7JmM9o2Q3uE8UuDP5zzkxQoU=":{"valueMac":{"type":"Buffer","data":"uHPB6sr8DV0wU+kjQ5bLdaAHCnAw9FyeDeVlrN2Xwck="}},"uFsJ4sB5C5fXt57lQhsz7qOuzaVIXk2Y+vUigDzAL5I=":{"valueMac":{"type":"Buffer","data":"8pT3/70O9YpOZKb+SfBHcrYyDx1/vrjeWHBoWA83w4A="}},"u8uEkR7aWcazoO3DyExE1oERI5XIHYTFCfnqEt8tgaw=":{"valueMac":{"type":"Buffer","data":"hDez46HRhih1mubcVhHhiZEbDsYBShv3g6En52RHrWc="}},"wHyItg3l2iwNnfyS2TOj/PQZbU1K7qKVwuN5CfXBHk4=":{"valueMac":{"type":"Buffer","data":"sr5Ed53L5Ve+sWnZ4A8m8KQ3m0XQQppL4W6UMD8xALk="}},"wRGrcWrEa8vvuvkZ2eU5W6VCO2mKZEo2wO8gXGiQj0M=":{"valueMac":{"type":"Buffer","data":"Go5XXXNhVTYi8KJNuEvungqjaIp6OjC4mnnERFCD/8I="}},"xDLyNwLJ6DsxEBRXd4/gyyu9eUKHbIb2pc/YF7rKx4Y=":{"valueMac":{"type":"Buffer","data":"cGGi7+KZPCbqkjRq5lEloGxwaf+8VPRzWr60uywAFUY="}},"xQPMV6e9xXU3eOC3O+5b1JEasMgB8fbdLciCQ59ntjM=":{"valueMac":{"type":"Buffer","data":"PAG4BDsp8Rb1a72IwG3fzpBlzWIJfcDYwcJWJd4t450="}},"ygDlIXGBFKeTiOcQukTQ+l1eyu+tHBNH/4KDGcqswRg=":{"valueMac":{"type":"Buffer","data":"p+Ify3pTRrKjSbRTmt9ce6hp+hgKH62GxCC+nIA03R8="}},"0K4lBoRe0yOYKsPRGBxMgUWmabTXbeDgIrDjMLjbbJw=":{"valueMac":{"type":"Buffer","data":"11hfz/YKdFyQ4alA/S6o6CQv61n/rBfKWwGMXDHLUyw="}},"1xO3733vyCBclULV3ul83mhDhNB5VfgDARuZVVPVtEI=":{"valueMac":{"type":"Buffer","data":"s25wK71wZu+5ujpx9eD2ueTlOKsksuyOXaACj8kHwsg="}},"2a/vDm+IPe7qpDFJp9fnaFX/fFlMSZlXa4i0aPmD+aA=":{"valueMac":{"type":"Buffer","data":"KJnFMHhm/ne8jl9EfZv7Ds8rFL/Tem6xAqlgwwVnWtQ="}},"28JCNlE+yxtUyDzm90Fa4a+v4BJZrnLbrNGgNYYQP90=":{"valueMac":{"type":"Buffer","data":"6gTVBoKuAucyMqrGGGlmG3uA9hp9mIjI8gam2PrR+0Q="}},"2/EW+xMUvtDWuvNCpsQ0Nc30THmRR4HW/5P9qtvb+QQ=":{"valueMac":{"type":"Buffer","data":"QTq8WmIlLjEV6fHKXU068eDnIduoVRJOzJnRX58onnc="}},"3l94mmYqfDGLr1JpeG+A+IGb1cPp49abiZJHjy4D5kg=":{"valueMac":{"type":"Buffer","data":"zc03mSf2lP2EQmvh/uQ+oP00fSdGh9BIKegAFlk8OVg="}},"3sDQS2a9wQAqvruwh2gBdLyFLdoi5EtFB0g8vwkL98U=":{"valueMac":{"type":"Buffer","data":"Qusr2souPufPVQPiCo1byDycT/4Nv8klnWPnAkAJttY="}},"4MVQdV4DeK4iCE416MBzndXK/ueclr4cCOT2l6C4oxY=":{"valueMac":{"type":"Buffer","data":"T6WQmsj61Z4z6f+Xnk9FbetWysrh9QnbQNfkiRPkS7A="}},"4yNXqfOP1zo9xQyHXYrmWJcwBdzzNNROoydP4nPRyzI=":{"valueMac":{"type":"Buffer","data":"b7oAn7K0ra9izX2oeYM6QUUAZKWnUwZykjbbzzqSbCI="}},"6aaMeB3Fj+zc/W7ldgJm3X30UEu4x+eB9XOhKAeXbwQ=":{"valueMac":{"type":"Buffer","data":"2Z3Dzx0CCQg9dm/m3zb5vYwVdPJFtkf2ru+Hi5ed17c="}},"8aj2Q4VKdElSz+XlOKsnXtb82HJYyZghR+yTZUUJVxw=":{"valueMac":{"type":"Buffer","data":"7xW9CZL029mzTMpLQyWS3/Vvn8DzZC6LuLE/SY2YUQI="}},"/LeWK8ySIcPfQhyM7TKai9swcCmxOUxkj6pP7YuIAv4=":{"valueMac":{"type":"Buffer","data":"CNiFY/Ju14Jkpr7ks3SpDdp9QB8pozVf2eSEahMe9co="}},"/eWF3thR3dY147kpOcspBMWFIs8yD8mC/ngwH3yS07s=":{"valueMac":{"type":"Buffer","data":"pItkzuJHdeVzzgQA1Q6WHOvwp+C/ytOnRnsw4Jc8kJ4="}},"Cm5uaoYL026sGKvOGTo8As/JKOy+ig9Zyk3aTiMDlec=":{"valueMac":{"type":"Buffer","data":"NSAbzDIoWP5gSjTJAYeAZySSQB3SgCPIxKAvsCYlyCI="}},"Ve1uDeZcamkcYVSBKug6ZDLNrqPhzVNgluRTGnALkAY=":{"valueMac":{"type":"Buffer","data":"DwfBbEcJQmY77lAQdaHZ7YjWv50WzFdhDj6Vss0bNMQ="}},"2E3kru24CYdTBstLeuYFXqhOGzUNMWqbvY/NwYOmuY0=":{"valueMac":{"type":"Buffer","data":"00AcCOQWcluoaINw0o5TgCMbpZ1rHJwnbh/Ye6gXPGg="}},"7zwLKjDgmnoMKv8ymYil4UE+TlGEOlabuEXbK9ASnN4=":{"valueMac":{"type":"Buffer","data":"eBUXcPrDrvFTrHSvlJ79StiT3Wp1vtznkj+n/QT8FEE="}},"WO+IlaQ9QSPOUIG5oy4ewJMHZ0vkKvjU6rujRjE9LOc=":{"valueMac":{"type":"Buffer","data":"jtuODPEeckoso3Jay0ft+mVSR59YKv+ntcjnM+Id440="}},"n3whkBq+CmVULFjUyyzi2t0jid09qKL44vqSr/n5C8c=":{"valueMac":{"type":"Buffer","data":"2gC6ovuvisHi8u0xoEf0aBLzAJpE4q5oWFDEFXGL25g="}}}}