{"version":9,"hash":{"type":"Buffer","data":"eYMBkP7+T7YnGNQvjUxgCnnDgDk1ZQbY6CEsX3lm1i80PKobnPczo0fbJDWuT4mbtx/elJIrYJJ6OhAmQ/Nu/+lLrBAsFva5O0TPbpj65+HWGKkJQVz3mpIUEdMYatntxcq+It7GGyaSsZKymUTnIDyRLTHNn5erFj/6cbRCvfs="},"indexValueMap":{"BbZf+8/RX3BxDepkn/P+GwX4SsRH0hAIeD0DUTAfjbM=":{"valueMac":{"type":"Buffer","data":"WSqtaKU1oXJu+EZDMOacA9kEMgeoQC1NGlr8vnCErO8="}},"BwzvU6xK3xnX7CPzIl/S5WifsdBEVdVNa/j1J1euPEc=":{"valueMac":{"type":"Buffer","data":"1ELN5gUFibiqnhDRN+wq5cFfMmqqhoUaCXUApjtLP8w="}},"DitxOWGDpPfbaKhAdACbPplr/TkWK52vVV1hc0cnlsg=":{"valueMac":{"type":"Buffer","data":"UuK16rAghNlawMOJxcGAsKZEQUUavwcTQqKA14RCJaI="}},"EVYum32iXwIiIFB3x5ZS9bt6SgL6iIZtG5mgT/pFbJ0=":{"valueMac":{"type":"Buffer","data":"Ed8QVUJ9j+/tdMhMKXfZfcIivxH2kpMgYsRbJ61FJIM="}},"JdF/sJNqbTD+J/Fsx3KHjKDdDmRg3kSKN/HNMP9/HkY=":{"valueMac":{"type":"Buffer","data":"08zc4dDJTcbjC6FfOihyT+OPOv/clWLALcNHCBnDIgQ="}},"KqKQ+AE6MPzIafAFrSXc+vGa7MPvkxvxeLLMZ6kmZCs=":{"valueMac":{"type":"Buffer","data":"s35QxYRntDxMFv5vMLZRytaSGaHnHRCBnv0bezjMUBc="}},"K1RIHxG6c9RnJosO5jWwynpbZdIfiJ4L1kRca6vPAAs=":{"valueMac":{"type":"Buffer","data":"/bOFepvcnJ0nx4lpCuAf4axYWrtJT2e76enx45ErLyw="}},"K6JTRziY0ZoN+c/HpaJGqGhic9FIU4GaBhATwPjEo88=":{"valueMac":{"type":"Buffer","data":"FY1bD/r7gn6k1+BNtQlStOrN6fqDrcpCiznvz2800BM="}},"O5TIBNhoaYhpP7eNYvbooZvZE1U0kmHzk9L9LYSgIxg=":{"valueMac":{"type":"Buffer","data":"lJn2VWEFRd7s3RXbf3JBx7G2dqh0odnlCxStoWCrCOg="}},"RacZQXBNwaPZhuCGoDWPZihZZ88YJfuZrkGuQrC50U8=":{"valueMac":{"type":"Buffer","data":"zB5l6W+FGjQlVGnisGBaOk2/qTcvMSSENUNyLcI0CnM="}},"RdcAROJ0genczxkU4m2HI8E32yLxgwH3bD2/KvFDCsM=":{"valueMac":{"type":"Buffer","data":"sNtXKeeaDHk4ufiwZSWfl9tlvHRw63vJFHQ8mTDATbs="}},"U5PuY64ylJuq1ar/YDnbByW31uq1tRxtFX6Rd3AFqZk=":{"valueMac":{"type":"Buffer","data":"E/LGqvXcC5MSJln69lo60ab9FXL6tCIVh7DXLpHn8YA="}},"W+neUFPyYjdyXS4DjyCK6piXRUHuZPLnySCA3uLDuRA=":{"valueMac":{"type":"Buffer","data":"AenMoWZhRNRvJyHNZFNKaK/AC2947Tox4gGaO1jb9eE="}},"XplcmOtscg6WeSoDQMBiMfEebGcGtbxTPw+40icgGGI=":{"valueMac":{"type":"Buffer","data":"HAXlmJsWZmnTCjyEHU7SsWnn42JvaxelS8K6X2CZjT8="}},"Y4L6VIxDACcUMcdvN2zlD74PwiLYlTtm3XIaKn++lHQ=":{"valueMac":{"type":"Buffer","data":"Uo+0QmM0qlCcmx4pu30ZmXySVztINeG6Tsf/3YxKvQE="}},"alkk/IjvuLvAWUxEi/I8TYOZeNsafvB2VBlDcaDpB50=":{"valueMac":{"type":"Buffer","data":"Y8Ko58rMDxyAYda3lLvl0ZJVCykZ/sXYd9ayZNR4QOk="}},"d8WA13rbUowqDh3waqfb3U8cFhbOXFWJ8CVDeJ+DS2M=":{"valueMac":{"type":"Buffer","data":"CCb5Cbqr5/ylrMm6p5cKdfgVCsGRNwC/PzNz//E7BME="}},"gR1wjsurJAQAfsGc83NHflLaNWybxwKix6/h9ZWjtto=":{"valueMac":{"type":"Buffer","data":"hGc0gJEcjLWeQozGM7Vp3yIewJfYnYrGGRQqs5AoQpA="}},"h68gYNImANEKw7GDnmM1wyWdxKORk71GCxM6AV4YsfE=":{"valueMac":{"type":"Buffer","data":"jAUHOraAeNHJECphPHToFQAqztD3bB0n7uBJhxCqoBs="}},"jdSuffVWCz5VO+j2VK8neITU0i/MwivoDKNHYWdTXEc=":{"valueMac":{"type":"Buffer","data":"gNSG4iAs8lFYh4R2vilG23d3nrojMd6MoSJASqE1Nec="}},"j9Js/yy6Ek5lMFCkvBu9ZvGV/qHEm6GvdDszTJfZu7I=":{"valueMac":{"type":"Buffer","data":"smkB/TKS0j4ZzqS9e48ShYwgNEzvArsvw2v6NILj/fo="}},"kwlGtdBQ7BoAadvO8g5KNNeMfQJ6JqkOR8IBP3w+SdQ=":{"valueMac":{"type":"Buffer","data":"7M0mRJvV8XTFLlAEyXETKPjudSZNxFRO2Vc0oVA9Kz4="}},"lOB9tNJ0Oyxd+ABodaJwh4F4wpYSnt3UQzHgCAeIEY4=":{"valueMac":{"type":"Buffer","data":"OP46RunBsg4aI7qisiLcx1eNRpuQtl39XF3K6ez4i5I="}},"l4OpKZOYgP1fjm12vOtCgs5k8OduFXKZaDf0hQuOnCI=":{"valueMac":{"type":"Buffer","data":"qM3F7A7brbZCdgujTpPHplGMVGIkNMBbQlUXpZBSqmc="}},"mgKyBWt/17AKwLzQBvvHTU/4Wct6v/8k6etSWyco/Aw=":{"valueMac":{"type":"Buffer","data":"Ga9u8Vf3fQyG7bYNOLpbMrEWwssJzO/AIeekZJaG1Dg="}},"nATCLCyooXpFUUYbdmhjgsZ1jAwT37JaM6T+IXv19VM=":{"valueMac":{"type":"Buffer","data":"px23G+4PwPAgl0qeGx+AST9+AZjKuO5Adphw5acqS08="}},"nPzKRgSk30RBm6EW+LEHFahr77++3nbJkHeWJgipp+s=":{"valueMac":{"type":"Buffer","data":"Q/xAjatS/tEL/ZC9w2h+HOr/J8hNpVKYd8TLrQWV9Cs="}},"nadJ/JGZ1a/Eb42Nrf6MJvK/q+nb8LOz6w8KGHuF+hI=":{"valueMac":{"type":"Buffer","data":"UYrp3OrkqIG0KuUpblPC5evWqxN3C8LrBQHSUS3Xkyo="}},"qLoyFAczzQMwllogJnF40ZBBbqjjEyhIfDaOJOyI71A=":{"valueMac":{"type":"Buffer","data":"w/nkTAvbiv93tGxXdKYNLmr+3CfvKnE2muvawTto/ag="}},"q+UHNLvFRXSqqiX37quqA/I/2nJ2REqbYUsbYVy64Rc=":{"valueMac":{"type":"Buffer","data":"VagyT6u3L0H8uaC2sZkVhR0KP90eXyyyJ7AZ2m7RdKc="}},"t4FmBAB1DgHoPtaZpaukhsTtFg8Zzc3OKXv+3w0l/4Q=":{"valueMac":{"type":"Buffer","data":"9f7M00yOp4LCB6hHglc44adGUXiQeTEw1DWayac0BUk="}},"vAFONuKcW9KuQ/sNnnZGZjDWGaEydOnOBlRW7Ad20X8=":{"valueMac":{"type":"Buffer","data":"9pG68kJJpgYq+VIPGVsGjcBJaiWxc55mQe//uFfLA6g="}},"vHvvBn5WcELMJ3y2krcZlDwqMxPC02IvpJ0asHnuxo4=":{"valueMac":{"type":"Buffer","data":"r5VLDtTnVDcf/Im3vshNkLtPmoYjltWuyoJAWRW6Rvo="}},"v7LsuLC5EiXzFfAyQw0ktdBbcApNwuaKP0AUwwo8OiE=":{"valueMac":{"type":"Buffer","data":"c+gJGpDH4jndpqQoL5A4tfQZU2fYwaxrV2EJtKEwetw="}},"x0kJWHT8MiVEG+a/WkhVmiFV7iHYFPj9turYkeplhKY=":{"valueMac":{"type":"Buffer","data":"ocWTNjGqYry2J2xQnYOhIXzV6g+9FRZPJ6gh0+T0ik4="}},"ywY3Gh5HEtxwhdaTa1UbNK4nXWJcUWtHVs9FsVdyxZk=":{"valueMac":{"type":"Buffer","data":"tXioAaGytNANR1v3MCxo8UVRzcNwZdv6+GNAhVu6Dvo="}},"zlUbcbZTPuTanxhw3ZBeck6BjkpiMCzLVx6+ATw+6+A=":{"valueMac":{"type":"Buffer","data":"ANme4394Jk1GrVw6CzJkNHVnrllapdRREVgqW0WFvos="}},"1tkitiKBNhSoS0XlRY4ZZZsNiTyIr1roheqJohuyrdg=":{"valueMac":{"type":"Buffer","data":"hecZAfIY7h2/qSQ2rTgGXdt3iXocIq8hulxFH7NuWy0="}},"3SzPKijjUe5ir6saJTnuq1kqP4rvS2XEN8uorhsylBE=":{"valueMac":{"type":"Buffer","data":"wctJt4pJ4ulgid0DyF1PEIE3o6ZBXMGfpWH9irAOXps="}},"3sb/9GeymqQ9BJ1GeNnI8k5w4odugqlSZs2eLkVEnv0=":{"valueMac":{"type":"Buffer","data":"qjtwlbq+2mW+BXRgdSvlOJbQU+AOh7bimxiPRAT3CFs="}},"52Iff1VNLBreg9t7HxsKb2C4T1HOrUo+J8jL47lPZ4E=":{"valueMac":{"type":"Buffer","data":"qVzcTujjdsa8ivAG9Qsc8pR/GBgQE/puJBOVvJBTRRA="}},"8vpDvUIkKTjCk2UNhntPkYMc4Wt58hhe8vG76jjsNt8=":{"valueMac":{"type":"Buffer","data":"Ux9NywBbxczGfttkok5NoMYnroAuwPdai6qPyeeKEII="}},"9/sYGUTRFRjQrmxm1hPOwB1TU0fyv6VY17OtsqBigIQ=":{"valueMac":{"type":"Buffer","data":"U+19TRYQbxsJ5LitT9XXMEPofskFgG4fhJMcAkpdt4k="}},"+xaAf0ufUFkpJAi9rufRJ/VSy1eb/3ArQs0JIubXC/0=":{"valueMac":{"type":"Buffer","data":"x7nfTTj3L91k0ZaaY9/7Fps+UXavbUAeof8YLokV2GM="}},"/+oB1CMaP0gsKJFqLT8ZhrhIRwcPxu2ama8W2TxAX2A=":{"valueMac":{"type":"Buffer","data":"2OGmW3laiOoSa/2gt4LZ/N2JlC0jKR1mg/61gjBOXZk="}},"QEhO8rz1BPg/R9nNXzrA2S6UHMcSmmuUJdQjk38XLS8=":{"valueMac":{"type":"Buffer","data":"ooDDYAYgu0JLjb5I0MXIAEXjFUSkFxRP6HO3gKbU2DM="}},"je/mkvWZl319cyxK1KhoFlS6SVcLGUfUnJL+zlxrw4A=":{"valueMac":{"type":"Buffer","data":"Ry/OjGCFgRTpC6UdULt3xkD/JYiTlGUCo1wUPvpfzRU="}}}}