{"version":10,"hash":{"type":"Buffer","data":"W2WMazUzw5pTr9X5gZ6AAenojgyV/0rce9MaPCQuL1HKpya/1CapfIuKmU4EY6VMfCrhG0S85QdExcFl43r1AM8/NCHGBOPKso1WF+9zvaqhdV5lf62cCh/saBqg8mVVPDzYGKfzmKXWWW5njqRYBFx4WYcjyMKXZ0ks47RGSc4="},"indexValueMap":{"T14uQ6cbrNrc9nTAot/S+70i0+/nVXzM3XXxgRpEvuY=":{"valueMac":{"type":"Buffer","data":"7D6SVuEe++xZKg6bf9blw9LZgFfIxhq3t8xPbKODKWc="}},"kwkE6N+uQ3ivUPH7LkQ7Q+KbU6iRapCaF7vtVCS0+VE=":{"valueMac":{"type":"Buffer","data":"G6UzTbc9uug4GyFpMQdeMQXWuvHF5iyXiewlpQp5qAI="}}}}