{"noiseKey":{"private":{"type":"Buffer","data":"4B9eKOC2GzXY2EF6QYoGB9ixfz6XBDVtsgrz0y1Mf1k="},"public":{"type":"Buffer","data":"wiXQC55LGegE/G1x5Mp/jKSowSUn2pYdpjvHns9UF0k="}},"pairingEphemeralKeyPair":{"private":{"type":"Buffer","data":"mP6Kf5PNjsY4JxoPFi21aqCuxgH/VYYBJ3eT1Tq8vm4="},"public":{"type":"Buffer","data":"CKLpV593THoW9n8hqDWXxmnn5E8agP5XilgGybZNmAk="}},"signedIdentityKey":{"private":{"type":"Buffer","data":"8KEa8q3MiQfGtE5GwzfZE2sqVXlnxCyNbgzyQojnC2I="},"public":{"type":"Buffer","data":"q/QEUbconoomru/SXCnswAFy0Hczx8ybeoZgVaFAT2c="}},"signedPreKey":{"keyPair":{"private":{"type":"Buffer","data":"2Oul+HSDbD9CC+KV7q9qZK1I9Qkf9Q8i85aneakqAEM="},"public":{"type":"Buffer","data":"iIpgZciuHX/49Pse0k7abNHUvbr/LksVGQT9ukpNgk0="}},"signature":{"type":"Buffer","data":"a4T1nXYLr3Ghx3krA9KrQa0jlu3iXLuX4HB10ulKD3RonOO3/rO1vbtTEK4EJYpVh83pzUzZ+BvUE4QTSkWjig=="},"keyId":1},"registrationId":29,"advSecretKey":"327celiFiVq1t2yRHpkZO143AicTsM0pT7aXTU0V8pk=","processedHistoryMessages":[{"key":{"remoteJid":"62878364240405@s.whatsapp.net","fromMe":true,"id":"E5BA892F5C6D57952EB79583F4F30FD5"},"messageTimestamp":1706203148},{"key":{"remoteJid":"62878364240405@s.whatsapp.net","fromMe":true,"id":"2AF393F27F369A2734C2B3C027545605"},"messageTimestamp":1706203148},{"key":{"remoteJid":"62878364240405@s.whatsapp.net","fromMe":true,"id":"A30A4C512D396EDCE41BC09637DEF959"},"messageTimestamp":1706203160},{"key":{"remoteJid":"62878364240405@s.whatsapp.net","fromMe":true,"id":"AEB88AB2DC9E23241736322D115C7A58"},"messageTimestamp":1706203174},{"key":{"remoteJid":"62878364240405@s.whatsapp.net","fromMe":true,"id":"A1B25A7A4ACE21E9C519A42554B10D4B"},"messageTimestamp":1706203178}],"nextPreKeyId":62,"firstUnuploadedPreKeyId":62,"accountSyncCounter":1,"accountSettings":{"unarchiveChats":false},"deviceId":"36jF9tR3Sk6dJUDzJy6WKg","phoneId":"759eb240-0e59-49c3-8483-085d15e54d91","identityId":{"type":"Buffer","data":"yqwPZmikhM7XE88ed2L+pbDAKio="},"registered":true,"backupToken":{"type":"Buffer","data":"0M/e6Tk3HijjBRrCeP/b9bUA1y8="},"registration":{},"pairingCode":"4KHPWPVW","me":{"id":"62878364240405:14@s.whatsapp.net","lid":"4755065712641:14@lid","name":"latif"},"account":{"details":"CL6YtmcQhrDKrQYYASAAKAA=","accountSignatureKey":"mTRacWsYiwl0xp0fA6BHIZ/eS8FMKJcdcIGD3NWBtwo=","accountSignature":"RubdVPXSCTK96VarnavTsQi15aO+mOcQBz0BfwfzKS9EhSXisyyh8Rd6QWAGClk/3KNQB/Gq/jvWkvx5Fi0XCg==","deviceSignature":"xc053kxMpP9X1Eq5uhPxPfvdZqOrYPnBj4vIttLlBnGY1Q6Z6ILptzNNp9o6GOJnuoxxoVcR+e1oc+S+ADG+jg=="},"signalIdentities":[{"identifier":{"name":"62878364240405:14@s.whatsapp.net","deviceId":0},"identifierKey":{"type":"Buffer","data":"BZk0WnFrGIsJdMadHwOgRyGf3kvBTCiXHXCBg9zVgbcK"}}],"platform":"android","lastAccountSyncTimestamp":1706203223,"myAppStateKeyId":"AAAAANUM"}