[{"senderKeyId":652711715,"senderChainKey":{"iteration":173,"seed":"SFb/0s6jibZynp5AtFzKZDTPU0RF5T24hyKdGpyXN+Q="},"senderSigningKey":{"public":"BSQSx+ieLiK9AW37Zq1we/FnYZgWHjkcdTjNytcSKv8W","private":"CFYadTjy+bPuQ1pnN5hyG8pQPPDod07UCF+NU4NZSGw="},"senderMessageKeys":[{"iteration":1,"seed":"wV5R43KNX9Y3zB5j5HG2eMymmuStKX1HCKjV2r5YGFo="},{},{},{},{},{},{},{},{},{},{},{},{},{},{},{},{},{},{},{},{},{},{},{},{},{},{},{},{},{},{},{},{},{},{},{},{},{},{},{},{},{},{},{},{},{},{},{},{},{},{},{},{},{},{},{},{},{},{},{},{},{},{},{},{},{},{},{},{},{},{},{},{},{},{},{},{},{},{},{},{},{},{},{},{},{}]}]