[{"senderKeyId":1679535908,"senderChainKey":{"iteration":133,"seed":"v3NQdgz0WcKpG2QmZfCWZSY2tLSsh3D5+616NfinUSY="},"senderSigningKey":{"public":"BX+sKZ3rU9WhGuM7t/Y0Pam4JrZuhOMNIQNPsMLNmlId","private":"kC+Zt2ZBk9EMrhiFDfaln243SI3nEZUVn2GG1qXsHWw="},"senderMessageKeys":[{"iteration":1,"seed":"x+tagWaaf1Cle3+DVlD/sqoPLjQbJXYcB9eBhiXLKX0="},{"iteration":3,"seed":"ZZK/oavMTwCjrLL8ub1n/R64zOFg9cXuWjcBEUKyc8E="},{},{},{},{},{},{},{},{},{},{},{},{},{},{},{},{},{},{},{},{},{},{},{},{},{},{},{},{},{},{},{},{},{},{},{},{},{},{},{},{},{},{},{},{},{},{},{},{},{},{},{},{},{},{},{},{},{},{},{},{},{},{},{},{}]}]