[{"senderKeyId":706224950,"senderChainKey":{"iteration":30949,"seed":"zTUfDyegzRQWtQnGQPUxFo7u2Pqp+n+ipMMt92Ergn8="},"senderSigningKey":{"public":"BXHqF2Dx67Y1fHO/KANlobCkSLfuW/1iNJBJcPe0KN4T"},"senderMessageKeys":[{"iteration":30811,"seed":"S3yQz6IsnGCsRxcDjPNRTZ2iiPH7fweH4B9gD7sQZP0="},{"iteration":30812,"seed":"0iakhAa3w8Mjls8BQyqYaTd4Q0w48bmI8TLr0gqm1eg="},{"iteration":30813,"seed":"Tpu7OiWtMLzGWmocFe1mJdIDAkSfIwfB0Jzs+8NHAXQ="},{"iteration":30814,"seed":"jMf1WfM+IFd+WlqTQZp57KdwkF9JCN9MzKwPWbaguP8="},{"iteration":30815,"seed":"2qw40JBo27iNjn5shk97Om74UBMI/4GTNCE+IRmgQzE="},{"iteration":30816,"seed":"i1FnqjkjsLiLbYFZ9d1Gfn5ilk/0J/OE9e7rnYKfTCU="},{"iteration":30817,"seed":"8kaI7IhtV4B2O2BtyxOGP34t0HelTRv/QDhJpDlbw10="},{"iteration":30818,"seed":"ex5lbnneK7mAs5UTRsd0UU5vzZwObbHEMNMuvOP/c3I="},{"iteration":30819,"seed":"HNKnSg7sKqbyV0d2nSbaTHbJdsI+FpuJJPN5cE1S6bA="},{"iteration":30821,"seed":"79tIxgXrI1QZ4UJk4lO3kJ4P96t3rPEBfVnDfbijA08="},{"iteration":30823,"seed":"hmMRcucwNiRFZu7BFL8ag4P256XGu4fM7D2DtIxghf4="},{"iteration":30825,"seed":"IP3dt/0Ix2XCdoB80r2XR5vQJqTSHI4lUVJ2bxSvG0g="},{"iteration":30827,"seed":"N7xBq17+0HOtTMe2hjj4lzq2cFqiuBhKOzEKXAEOYy4="},{"iteration":30829,"seed":"iPodV7/hJf0vh80Z/SDGDtAAI7ivVY/wTrd0qFWavgg="},{"iteration":30831,"seed":"a/wLNCkIVjPY+nKhPcuTpQKGSZo/+x8DAo9DmYHKpBQ="},{"iteration":30833,"seed":"dEC95k3T6309KAnqUlqWz82K00048u38qdDutVsYICc="},{"iteration":30835,"seed":"YDL/H6RSrphuKjP2vbe6wdAx+vzqRXdoAuOXoHMHuY8="},{"iteration":30837,"seed":"QrmyefaJDqDqJBWIvR5jMU//PaJWkW0gwJHz3jL0IXo="},{"iteration":30839,"seed":"rIxtIHPdSzNi731al+x/uco3q8obu37UELP4CehWaLs="},{"iteration":30841,"seed":"I8SZQMrOJHKx7TcJmZ6PswJ61j09UBN/OmNOwXSnmuU="},{"iteration":30843,"seed":"Nq0YD4mj3w5PKOYgjmKxpaVT1zkIod/QkPNYRhFb0Ao="},{"iteration":30845,"seed":"0kjS1FZVzqRzI3gwVc4rmXdJ+byMfdRcHw2dQ6XZEY4="},{"iteration":30847,"seed":"GPgj7odyi3basb33eNnPw+hMJS4T0D+lSrol9nAQ2B8="},{"iteration":30849,"seed":"rRzaIn4xRmYsQ2gkc0RdQ3Ha3hKxWOXbNiwuTXLxzf0="},{"iteration":30851,"seed":"HHDYt1Tn0oOPjYWLhsMApavEy5plLyya0FDH70vqDnE="},{"iteration":30853,"seed":"fiTrH/ocVuRiV9LgyRqr+Iem4Mc6BezGqfKYp9O9544="},{"iteration":30855,"seed":"NBFPz0FtuWR5nzjkvxuvFWVSQ2LFWEDRvFRjAj0tIU8="},{"iteration":30857,"seed":"bjOhQW3fOk63yA6MMTYcMqpav8KnzABCTJopS3R6cOE="},{"iteration":30859,"seed":"p4jdqrbN1GJj7TlCitPbBpVfjQhf27YmZXNkcEuGhME="},{"iteration":30861,"seed":"ahR2+sUuJK4ZAJCtjwhtKV5NUqsD2RmiVb29aKX7TlA="},{"iteration":30863,"seed":"QGOYpxy7SCXpmCwO7qMuKJ9/WzIuhOhGp+C9u4W0AD0="},{},{},{},{},{},{},{},{},{},{},{},{},{},{},{},{},{},{},{},{},{},{},{},{},{},{},{},{},{},{},{},{},{},{},{},{},{},{},{},{},{},{}]},{"senderKeyId":706224950,"senderChainKey":{"iteration":30813,"seed":"eFpcbwTjX5vORmkw9hqeLKdq2ofxGqDvWgkgqITwfBQ="},"senderSigningKey":{"public":"BXHqF2Dx67Y1fHO/KANlobCkSLfuW/1iNJBJcPe0KN4T"},"senderMessageKeys":[]},{"senderKeyId":706224950,"senderChainKey":{"iteration":30815,"seed":"UhKUmBtFIVO0vKodsF69VyIx/QDq1M8PPFdifAKsixA="},"senderSigningKey":{"public":"BXHqF2Dx67Y1fHO/KANlobCkSLfuW/1iNJBJcPe0KN4T"},"senderMessageKeys":[]},{"senderKeyId":706224950,"senderChainKey":{"iteration":30817,"seed":"l3TonTIRVCXgnpftatLFZgadua3CMpf1qXzowftYT+g="},"senderSigningKey":{"public":"BXHqF2Dx67Y1fHO/KANlobCkSLfuW/1iNJBJcPe0KN4T"},"senderMessageKeys":[]},{"senderKeyId":706224950,"senderChainKey":{"iteration":30819,"seed":"zUMFrtYeuU22zQ3CFV5KQMWWgSM1LeX+DqH7mJ5YdrE="},"senderSigningKey":{"public":"BXHqF2Dx67Y1fHO/KANlobCkSLfuW/1iNJBJcPe0KN4T"},"senderMessageKeys":[]}]