{"_sessions":{"BSFnUVxsHkSJnAJ2wEIddy63xmO7KozzPOpLo5T7PRdA":{"registrationId":2094796833,"currentRatchet":{"ephemeralKeyPair":{"pubKey":"BRVxMztQxJ8h7CoSfehlbAN4b5MjkZWqoirga6WpLJtB","privKey":"UD3NaKE7WRt1X/p4tx7vNwM3Y0piGzhWfcypXVaaKF8="},"lastRemoteEphemeralKey":"Bb2BHnRO3IhVEVMHmeL083aB5iKXn/jnXRLsZDe5P9dB","previousCounter":0,"rootKey":"zZORtewglkkwmgPygVBlUFss9XvRGUEGpRuRoEkeW8I="},"indexInfo":{"baseKey":"BSFnUVxsHkSJnAJ2wEIddy63xmO7KozzPOpLo5T7PRdA","baseKeyType":1,"closed":1706241575285,"used":1706241573157,"created":1706241573157,"remoteIdentityKey":"BfmrxLX0MSYYYwQ6nhJz814QAZcCenczkQ/SjumwoMIv"},"_chains":{"BRVxMztQxJ8h7CoSfehlbAN4b5MjkZWqoirga6WpLJtB":{"chainKey":{"counter":-1,"key":"35qi4G9gjGbaIkEP7MuhFS6ARlwfYqUDsSbr/GCfrt4="},"chainType":1,"messageKeys":{}}},"pendingPreKey":{"signedKeyId":1,"baseKey":"BSFnUVxsHkSJnAJ2wEIddy63xmO7KozzPOpLo5T7PRdA","preKeyId":737068}},"Bf8T/5NVb2fRso+gTNwWX3vGHnJb5xzaQTyMHim0mTcO":{"registrationId":2094796833,"currentRatchet":{"ephemeralKeyPair":{"pubKey":"BVeUsqAUXnMBVBESrjjhYc0ljhQ04dZT8GpI69RIOYoG","privKey":"aEqtd6wtzZh/pt+EIOvZXFRRTAzagGzZFuEYepQOVnY="},"lastRemoteEphemeralKey":"Bb2BHnRO3IhVEVMHmeL083aB5iKXn/jnXRLsZDe5P9dB","previousCounter":0,"rootKey":"6McbrMoisJOlhti70BBJ8rFvhBLg2kkWdurREl+MEOI="},"indexInfo":{"baseKey":"Bf8T/5NVb2fRso+gTNwWX3vGHnJb5xzaQTyMHim0mTcO","baseKeyType":1,"closed":-1,"used":1706241575283,"created":1706241575283,"remoteIdentityKey":"BfmrxLX0MSYYYwQ6nhJz814QAZcCenczkQ/SjumwoMIv"},"_chains":{"BVeUsqAUXnMBVBESrjjhYc0ljhQ04dZT8GpI69RIOYoG":{"chainKey":{"counter":7,"key":"o59kxiDi6I0dd/r/5c6c5zd3eT1fCbne5BjiHz18WKE="},"chainType":1,"messageKeys":{}}},"pendingPreKey":{"signedKeyId":1,"baseKey":"Bf8T/5NVb2fRso+gTNwWX3vGHnJb5xzaQTyMHim0mTcO","preKeyId":737834}}},"version":"v1"}