{"_sessions":{"BZ28qG9aigxLRyzIUAkr89OQbNsi+i/+t9GlnOIO5e8w":{"registrationId":1116041180,"currentRatchet":{"ephemeralKeyPair":{"pubKey":"BZiwp9BiFXOgXh1uIaCTsphw+8PaGsr1vqugChO/tSJ3","privKey":"QEmHHujVIKiFklDBaXNk9Jo4Tm6ClANqBXFJVBz7bmo="},"lastRemoteEphemeralKey":"Bcjj9NGXGs84WSlrXVtp7owNUU5TfnYUtZLqzJs4LDAw","previousCounter":0,"rootKey":"sSdO0v4aKe8qsOhxxSpYko0NXo/eV1xyOr+kcGQb15k="},"indexInfo":{"baseKey":"BZ28qG9aigxLRyzIUAkr89OQbNsi+i/+t9GlnOIO5e8w","baseKeyType":1,"closed":1706241575001,"used":1706241573093,"created":1706241573093,"remoteIdentityKey":"BVlrI4JlLpqXozwCjKUrqh8D8tNGL3peQFbwwVcr0S0R"},"_chains":{"BZiwp9BiFXOgXh1uIaCTsphw+8PaGsr1vqugChO/tSJ3":{"chainKey":{"counter":-1,"key":"Yp9sY4YFDFPbth5eREbpXnXETjPVRa0/zDjYknsoIlM="},"chainType":1,"messageKeys":{}}},"pendingPreKey":{"signedKeyId":511,"baseKey":"BZ28qG9aigxLRyzIUAkr89OQbNsi+i/+t9GlnOIO5e8w","preKeyId":15822984}},"BWvP4mQt0+JJMgWVdxXREm96bDhftYaqWGqO9dXhsCxY":{"registrationId":1116041180,"currentRatchet":{"ephemeralKeyPair":{"pubKey":"BXbGcQ+8jMnE5Z31gghRBcfGMSrG7mmgIGmxYWCaQtJV","privKey":"eDlJc9Kb8TNkzm+pzJ/cqpOXbBXKKyma/z/AEmfVP1E="},"lastRemoteEphemeralKey":"Bcjj9NGXGs84WSlrXVtp7owNUU5TfnYUtZLqzJs4LDAw","previousCounter":0,"rootKey":"ZSaClOU3FrwXwfnOPDdFRis6yINUbNZUHkFF9Vg1hJw="},"indexInfo":{"baseKey":"BWvP4mQt0+JJMgWVdxXREm96bDhftYaqWGqO9dXhsCxY","baseKeyType":1,"closed":-1,"used":1706241574997,"created":1706241574997,"remoteIdentityKey":"BVlrI4JlLpqXozwCjKUrqh8D8tNGL3peQFbwwVcr0S0R"},"_chains":{"BXbGcQ+8jMnE5Z31gghRBcfGMSrG7mmgIGmxYWCaQtJV":{"chainKey":{"counter":7,"key":"wgrqhcD1Q+uBRbjn1l7CTYDKCUq07AJU9FyCniBvgMQ="},"chainType":1,"messageKeys":{}}},"pendingPreKey":{"signedKeyId":511,"baseKey":"BWvP4mQt0+JJMgWVdxXREm96bDhftYaqWGqO9dXhsCxY","preKeyId":15822905}}},"version":"v1"}