{"_sessions":{"BXmPoz3d8Kb5psGhbZYxA1bUswrg0/7atc4CStaPry0Y":{"registrationId":399386737,"currentRatchet":{"ephemeralKeyPair":{"pubKey":"BQ90D70yMy2DqYnvPepbu88laRD652D8ccwYvics5+gW","privKey":"kNSIh86xhymGofILF5DIwFGfeBfJR2tfjuREsJGCiWI="},"lastRemoteEphemeralKey":"BTc5APfEwJ+jyVsnRj3QYJpayrDvoURryOU1fK6GfJpG","previousCounter":0,"rootKey":"rl8jkAby2hxtaDLuPFPYNvHzrXnCpGHfsysJXPF2VJ8="},"indexInfo":{"baseKey":"BXmPoz3d8Kb5psGhbZYxA1bUswrg0/7atc4CStaPry0Y","baseKeyType":1,"closed":1706241574056,"used":1706241572832,"created":1706241572832,"remoteIdentityKey":"BXZUOo7wqDPWC49Pb8DWXtdb4Sx2WKrJBA4WNgejwMwJ"},"_chains":{"BQ90D70yMy2DqYnvPepbu88laRD652D8ccwYvics5+gW":{"chainKey":{"counter":-1,"key":"NOygDO+1N7TND8B6ZIj33UydMW7NKPmb2HlvID/kTeI="},"chainType":1,"messageKeys":{}}},"pendingPreKey":{"signedKeyId":2,"baseKey":"BXmPoz3d8Kb5psGhbZYxA1bUswrg0/7atc4CStaPry0Y","preKeyId":4127654}},"BaXcQFe/W4R0SbnCbhinSd2fV21T2H7FqZHWIgqnBb1f":{"registrationId":399386737,"currentRatchet":{"ephemeralKeyPair":{"pubKey":"Bbm6hEWhaOfVnUgVbfSDyD+JWsNF4Fmgf6dxJCdSkt9O","privKey":"cJDsZhkbK3ztmHOVwSX8rbIF2PYdNCuDzWJQhj5MwEI="},"lastRemoteEphemeralKey":"BTc5APfEwJ+jyVsnRj3QYJpayrDvoURryOU1fK6GfJpG","previousCounter":0,"rootKey":"pn8LrLRsb7CJczoIMJvk5pIXHbwEvVmKFO9HYOvnA6w="},"indexInfo":{"baseKey":"BaXcQFe/W4R0SbnCbhinSd2fV21T2H7FqZHWIgqnBb1f","baseKeyType":1,"closed":-1,"used":1706241574052,"created":1706241574052,"remoteIdentityKey":"BXZUOo7wqDPWC49Pb8DWXtdb4Sx2WKrJBA4WNgejwMwJ"},"_chains":{"Bbm6hEWhaOfVnUgVbfSDyD+JWsNF4Fmgf6dxJCdSkt9O":{"chainKey":{"counter":7,"key":"kABUl50PeszFn2m4BmP3y1oZDs+g67GQ6SIukg6bJVg="},"chainType":1,"messageKeys":{}}},"pendingPreKey":{"signedKeyId":2,"baseKey":"BaXcQFe/W4R0SbnCbhinSd2fV21T2H7FqZHWIgqnBb1f","preKeyId":4127472}}},"version":"v1"}