{"_sessions":{"Bc446ABW4gtuVkrJCRh7tF/iSLFeOADXyjJz7WtGYNtq":{"registrationId":1472214884,"currentRatchet":{"ephemeralKeyPair":{"pubKey":"BdqbficMg/zxk3yG9hGVqzp5KR4DDFVn49yjJOPdlgwW","privKey":"YBSsey3x3plh57uhM98SFG41cxRDSw275t1iQE/Bl3Y="},"lastRemoteEphemeralKey":"BfpcCV4+URSE/76uvA8pmEg+ExsaBP3M3N3jEkPlYUw3","previousCounter":0,"rootKey":"Fs7iqUh5vF/J2HbCTpNKdgdy3zqg98VB4EacxoMq5Is="},"indexInfo":{"baseKey":"Bc446ABW4gtuVkrJCRh7tF/iSLFeOADXyjJz7WtGYNtq","baseKeyType":1,"closed":1706241574622,"used":1706241572971,"created":1706241572971,"remoteIdentityKey":"BVv6UPwQ4R+9fyt7Ep0NTeqUZrmcA1l1iOARcPC8AgNQ"},"_chains":{"BdqbficMg/zxk3yG9hGVqzp5KR4DDFVn49yjJOPdlgwW":{"chainKey":{"counter":-1,"key":"BsZJHjHPTv2TpvwmnGEqRaOyQ1Zd3wOKsyZSaWjNyb4="},"chainType":1,"messageKeys":{}}},"pendingPreKey":{"signedKeyId":1,"baseKey":"Bc446ABW4gtuVkrJCRh7tF/iSLFeOADXyjJz7WtGYNtq"}},"BX30ATu/aMsSUDlI6BHkIsmUb7EoUxBmSC7z8X7zb8cg":{"registrationId":1472214884,"currentRatchet":{"ephemeralKeyPair":{"pubKey":"BQQxD4QzEaeiLK+xxyGeyBqPfme3bg5LyMgYOiMkz4YE","privKey":"oKHSjguB7VPtYb9yLODzJGKf3ZRjQrDo8ePXWsIciH8="},"lastRemoteEphemeralKey":"BfpcCV4+URSE/76uvA8pmEg+ExsaBP3M3N3jEkPlYUw3","previousCounter":0,"rootKey":"sgfryvOBeG8oEh4QZ4pvgjtPgwVEJ3vGHp4NY96LL9s="},"indexInfo":{"baseKey":"BX30ATu/aMsSUDlI6BHkIsmUb7EoUxBmSC7z8X7zb8cg","baseKeyType":1,"closed":-1,"used":1706241574620,"created":1706241574620,"remoteIdentityKey":"BVv6UPwQ4R+9fyt7Ep0NTeqUZrmcA1l1iOARcPC8AgNQ"},"_chains":{"BQQxD4QzEaeiLK+xxyGeyBqPfme3bg5LyMgYOiMkz4YE":{"chainKey":{"counter":7,"key":"JvsJMrguHY3WhIZY+jmzUCOlxldViX5h+XnOspb9imc="},"chainType":1,"messageKeys":{}}},"pendingPreKey":{"signedKeyId":1,"baseKey":"BX30ATu/aMsSUDlI6BHkIsmUb7EoUxBmSC7z8X7zb8cg"}}},"version":"v1"}