{"_sessions":{"BQ3B83SDjs3BlspoOXhiG5CVOh16JKo9Wqy+l0gCfL02":{"registrationId":1027339924,"currentRatchet":{"ephemeralKeyPair":{"pubKey":"BfNfxjiTbLjuyOk7V/vrk8BbgFOiJK4zbhVTwpP8r6Bz","privKey":"aPr8JTiBnE4f+5jWAYtGy2hMlee9DklUkMuX9kt6sFA="},"lastRemoteEphemeralKey":"BYhlnSKJg/1rheqNBRPgns0exApWpns41XJaMEV7sGg4","previousCounter":0,"rootKey":"0j1apPeDIKfVHLFmjPX/yOJ2GqOw5n+a1gf3ka4DLcw="},"indexInfo":{"baseKey":"BQ3B83SDjs3BlspoOXhiG5CVOh16JKo9Wqy+l0gCfL02","baseKeyType":1,"closed":1706241575086,"used":1706241573112,"created":1706241573112,"remoteIdentityKey":"BXnoDJr+8px2VDu2ie8CEKsfv4VTKFmfX5YrU/Cj5flW"},"_chains":{"BfNfxjiTbLjuyOk7V/vrk8BbgFOiJK4zbhVTwpP8r6Bz":{"chainKey":{"counter":-1,"key":"u1BLRBgbave/sxc9PBpc/CCCCvxmMdMDP8FN8EIssv8="},"chainType":1,"messageKeys":{}}},"pendingPreKey":{"signedKeyId":11,"baseKey":"BQ3B83SDjs3BlspoOXhiG5CVOh16JKo9Wqy+l0gCfL02","preKeyId":4291541}},"BeY4xTB5rWBAtf7eXTtXfMEZ3KZMK6GCawgW7PcFLw8s":{"registrationId":1027339924,"currentRatchet":{"ephemeralKeyPair":{"pubKey":"Be5iSXzVh0mTgxczHG9i2k85jzVMde0NFxN/m1OmXM5X","privKey":"mMjFQnRnefEOFxff6V50TT5gAQn/YtYuUfu8xWz22Fs="},"lastRemoteEphemeralKey":"BYhlnSKJg/1rheqNBRPgns0exApWpns41XJaMEV7sGg4","previousCounter":0,"rootKey":"01JwNhqO5GLO7E3aqVGH+FXuUSCUI2e2Fx+rqaXXdCY="},"indexInfo":{"baseKey":"BeY4xTB5rWBAtf7eXTtXfMEZ3KZMK6GCawgW7PcFLw8s","baseKeyType":1,"closed":-1,"used":1706241575084,"created":1706241575084,"remoteIdentityKey":"BXnoDJr+8px2VDu2ie8CEKsfv4VTKFmfX5YrU/Cj5flW"},"_chains":{"Be5iSXzVh0mTgxczHG9i2k85jzVMde0NFxN/m1OmXM5X":{"chainKey":{"counter":7,"key":"/irtdvk+opF/eYsiY1/4OEHrcK1FuSwMotlceisTJxs="},"chainType":1,"messageKeys":{}}},"pendingPreKey":{"signedKeyId":11,"baseKey":"BeY4xTB5rWBAtf7eXTtXfMEZ3KZMK6GCawgW7PcFLw8s","preKeyId":4291874}}},"version":"v1"}