{"_sessions":{"BeFFLytNdiDdXzwZFw4vqKeJfh4yFx5HCtLVX64iMtBI":{"registrationId":1831504976,"currentRatchet":{"ephemeralKeyPair":{"pubKey":"BcpdtoxF/Mlynk5cKoC69GxI3I8SSQ5+oUnbreSuaxMG","privKey":"UECnaaTyK/3cVDpkKjbEAEqmVrHomipnxF+yCWbOTWs="},"lastRemoteEphemeralKey":"BZVzqOaw7BGiuG5Z0zBrNcJgftCJgltNm2t3o+Fi6nNJ","previousCounter":0,"rootKey":"4Nfop/qsMahhq7VsI0KYDaL64yrRxMYMGW6cPatRb8U="},"indexInfo":{"baseKey":"BeFFLytNdiDdXzwZFw4vqKeJfh4yFx5HCtLVX64iMtBI","baseKeyType":1,"closed":1706241573920,"used":1706241572806,"created":1706241572806,"remoteIdentityKey":"BWPK76oSl+P+9c+5yeNWCp/OxP43HUPvGSUgnnSsLfEe"},"_chains":{"BcpdtoxF/Mlynk5cKoC69GxI3I8SSQ5+oUnbreSuaxMG":{"chainKey":{"counter":-1,"key":"+5fB3r/DKaeSH9nAYTcoUjlZ73v2Bul9VBX1p7IIkVc="},"chainType":1,"messageKeys":{}}},"pendingPreKey":{"signedKeyId":1,"baseKey":"BeFFLytNdiDdXzwZFw4vqKeJfh4yFx5HCtLVX64iMtBI","preKeyId":6522699}},"BdNQxaljre4JasvHxFdUkAX/y9128flJtcUCa6tXTDV8":{"registrationId":1831504976,"currentRatchet":{"ephemeralKeyPair":{"pubKey":"Bd6N8OyRODt6KWo2oUxzdDAoUOk9y8WfeUxbXzEeNF1x","privKey":"2OKV70i0fJkJakc6qbQKMWNQi3GI6NSJbg0X38ACA1w="},"lastRemoteEphemeralKey":"BZVzqOaw7BGiuG5Z0zBrNcJgftCJgltNm2t3o+Fi6nNJ","previousCounter":0,"rootKey":"/pva9O+bLfXNi7dOrdYcPPTiLcj2GEDTpTEXAaDybcA="},"indexInfo":{"baseKey":"BdNQxaljre4JasvHxFdUkAX/y9128flJtcUCa6tXTDV8","baseKeyType":1,"closed":-1,"used":1706241573918,"created":1706241573918,"remoteIdentityKey":"BWPK76oSl+P+9c+5yeNWCp/OxP43HUPvGSUgnnSsLfEe"},"_chains":{"Bd6N8OyRODt6KWo2oUxzdDAoUOk9y8WfeUxbXzEeNF1x":{"chainKey":{"counter":7,"key":"KM9t9LiZiID06iT+ugM9xBQL8+YB28S5QT2JrwjdQDQ="},"chainType":1,"messageKeys":{}}},"pendingPreKey":{"signedKeyId":1,"baseKey":"BdNQxaljre4JasvHxFdUkAX/y9128flJtcUCa6tXTDV8","preKeyId":6522177}}},"version":"v1"}