{"_sessions":{"BaJuRcwhmNsrrx41in8NdsLOBoE9SnAeBNfzhV1L9rRC":{"registrationId":1754167581,"currentRatchet":{"ephemeralKeyPair":{"pubKey":"BWfu6wIjVtI3Boe4Mvk4Jn86+5l4WtLerrR/EV3cI3oI","privKey":"OALaUa0iD5FaNU/sGOdVTP4TtOzwe8slvdgrSSKJjEA="},"lastRemoteEphemeralKey":"BWG5UCvHSLBii9/yH2c+oTduC/NySKpW+orQCLJtL/E6","previousCounter":0,"rootKey":"GWDL8aLuiOPPo+tLBu/wE/8aV//DlzyIRdpS34lpeXk="},"indexInfo":{"baseKey":"BaJuRcwhmNsrrx41in8NdsLOBoE9SnAeBNfzhV1L9rRC","baseKeyType":1,"closed":1706241573189,"used":1706241572635,"created":1706241572635,"remoteIdentityKey":"BVtlWPl7/bhFU7IzqygC3tFaVQ1bdxrHk33MroL5MQwG"},"_chains":{"BWfu6wIjVtI3Boe4Mvk4Jn86+5l4WtLerrR/EV3cI3oI":{"chainKey":{"counter":-1,"key":"Yow+9zGilrMCwBYwyB5pZ0UtYf0PN1LXBfAb/oSZbk0="},"chainType":1,"messageKeys":{}}},"pendingPreKey":{"signedKeyId":1,"baseKey":"BaJuRcwhmNsrrx41in8NdsLOBoE9SnAeBNfzhV1L9rRC","preKeyId":483800}},"Bb664hPWtKXjD//BeFxhiugot7YRPIGerbeqCtHiG01v":{"registrationId":1754167581,"currentRatchet":{"ephemeralKeyPair":{"pubKey":"BVt90NmVOkYQkYBtMmMBR6YQdjNmdPUxoQApiwlEaYQu","privKey":"iHRkYVsQPg4v1chPF0B81GkmQTNWC6gEqK1sheBpW0o="},"lastRemoteEphemeralKey":"BWG5UCvHSLBii9/yH2c+oTduC/NySKpW+orQCLJtL/E6","previousCounter":0,"rootKey":"SPAycLGQ1DFGVnVHr+n0xjlPrNWn1cAm5VaNgwU9TyM="},"indexInfo":{"baseKey":"Bb664hPWtKXjD//BeFxhiugot7YRPIGerbeqCtHiG01v","baseKeyType":1,"closed":-1,"used":1706241573185,"created":1706241573185,"remoteIdentityKey":"BVtlWPl7/bhFU7IzqygC3tFaVQ1bdxrHk33MroL5MQwG"},"_chains":{"BVt90NmVOkYQkYBtMmMBR6YQdjNmdPUxoQApiwlEaYQu":{"chainKey":{"counter":7,"key":"QRtOcC7sY2ddxxYY8yx38MfYK8p9dpyAGCjTEWtz9Tw="},"chainType":1,"messageKeys":{}}},"pendingPreKey":{"signedKeyId":1,"baseKey":"Bb664hPWtKXjD//BeFxhiugot7YRPIGerbeqCtHiG01v","preKeyId":484599}}},"version":"v1"}