{"_sessions":{"Bc8SgXAyL0wmK7B6sheeAVB9APTLIu3XjL5hXL1Y75Zz":{"registrationId":48,"currentRatchet":{"ephemeralKeyPair":{"pubKey":"BT3BBHgUWQ68015oyJhGWabJNsK+2Zg5s+RyUuJrCdph","privKey":"KBViXrhNAqckcnrC3o48SdJ9IevUU7Y7rN498lIjkGE="},"lastRemoteEphemeralKey":"BeKpEGBHGG8y4EM72mVh+g4TNLPsvg9ZFSYIH7docWxi","previousCounter":0,"rootKey":"/16RkWyj7EYBdFiyjA6VGRG03/i0ih9zzA6cgsye+Ho="},"indexInfo":{"baseKey":"Bc8SgXAyL0wmK7B6sheeAVB9APTLIu3XjL5hXL1Y75Zz","baseKeyType":2,"closed":-1,"used":1706280527546,"created":1706280527546,"remoteIdentityKey":"Bc4mVYoS3fDmNG9RrHqdc9jlagmmW4tYv7ASqWBCFqV6"},"_chains":{"BeKpEGBHGG8y4EM72mVh+g4TNLPsvg9ZFSYIH7docWxi":{"chainKey":{"counter":0,"key":"PlOyqR4iiPSG+++VaQxLTX+ktLjnbEgay7eaUUa2ieg="},"chainType":2,"messageKeys":{}},"BT3BBHgUWQ68015oyJhGWabJNsK+2Zg5s+RyUuJrCdph":{"chainKey":{"counter":-1,"key":"7bKPnksb32jYxh2fJyl+vPTVytidib53KyMfdMBpNyU="},"chainType":1,"messageKeys":{}}}}},"version":"v1"}