{"_sessions":{"Bf7o+MfsDmAUfFJik2wFQT/rxxDHRQ78AjwbqwLdIWVJ":{"registrationId":1786055810,"currentRatchet":{"ephemeralKeyPair":{"pubKey":"BboeO0IeIt0Bdqxn9S6Yu3egty1DCjq9itEPSeU0tbcg","privKey":"SBsPQ38IhWPB/13kZQ0A5ZzkntXbk9lgwrK5CZbOtFg="},"lastRemoteEphemeralKey":"BYXS1owsHr+vSXi1DIHobZrXK1DvR3rSQka4Ji1sgRoU","previousCounter":0,"rootKey":"dkfv4D+aD/l0ST72BohkXA+n7qt5dwiFTKzExpXyz4I="},"indexInfo":{"baseKey":"Bf7o+MfsDmAUfFJik2wFQT/rxxDHRQ78AjwbqwLdIWVJ","baseKeyType":1,"closed":1706241575045,"used":1706241573103,"created":1706241573103,"remoteIdentityKey":"BToDWVW9saVpfY+1dekezqUJcQdnOMwLHwMnVZwKtboo"},"_chains":{"BboeO0IeIt0Bdqxn9S6Yu3egty1DCjq9itEPSeU0tbcg":{"chainKey":{"counter":-1,"key":"2VAZZ2CCBdebpQgszYNBkDkyq8R87LixPUHhml6hwt0="},"chainType":1,"messageKeys":{}}},"pendingPreKey":{"signedKeyId":1,"baseKey":"Bf7o+MfsDmAUfFJik2wFQT/rxxDHRQ78AjwbqwLdIWVJ","preKeyId":10190563}},"BYoXIeVMTm8FlKqbCwhRv8In+mae+IYuL8hV/dSCQ/9n":{"registrationId":1786055810,"currentRatchet":{"ephemeralKeyPair":{"pubKey":"BV6egCGhP7YLNFGo4tM1L0KsWvGkQag2VU26a+iJ+Nlu","privKey":"0MZciedpgGXpy8id94ZXIoMHGTGH3o3wuBs3mCdVnVI="},"lastRemoteEphemeralKey":"BYXS1owsHr+vSXi1DIHobZrXK1DvR3rSQka4Ji1sgRoU","previousCounter":0,"rootKey":"CREZshLmgGb70i5gBvfg7pHYslvB5TLf4EihXNpk0g4="},"indexInfo":{"baseKey":"BYoXIeVMTm8FlKqbCwhRv8In+mae+IYuL8hV/dSCQ/9n","baseKeyType":1,"closed":-1,"used":1706241575043,"created":1706241575043,"remoteIdentityKey":"BToDWVW9saVpfY+1dekezqUJcQdnOMwLHwMnVZwKtboo"},"_chains":{"BV6egCGhP7YLNFGo4tM1L0KsWvGkQag2VU26a+iJ+Nlu":{"chainKey":{"counter":7,"key":"UfSJX1NeVmB6lsnJcerjAMCVhZKE8eQ+zSFKzRqMeyE="},"chainType":1,"messageKeys":{}}},"pendingPreKey":{"signedKeyId":1,"baseKey":"BYoXIeVMTm8FlKqbCwhRv8In+mae+IYuL8hV/dSCQ/9n","preKeyId":10190151}}},"version":"v1"}