{"_sessions":{"Bdq8gII/lnb00+t6X6TeZDeIEBK7DcRy8zpxPiPrkh1N":{"registrationId":177837853,"currentRatchet":{"ephemeralKeyPair":{"pubKey":"BXSqQVGurkvTxVdrZHxLJnbt8a/bhbkijKIAD8UYl1FM","privKey":"SAne7XovJbisxWA0NoGR5d0ehWiYm0/EP6y8FQ+JZUY="},"lastRemoteEphemeralKey":"BRiuK4H+4Hw+lWcoAlmOeO/zM7qR7AHQOWzkZD0mSU0u","previousCounter":0,"rootKey":"8TstUd9Q2lKRpZVHAKbda0Xcu0uUtExmysP9Y7KfIw8="},"indexInfo":{"baseKey":"Bdq8gII/lnb00+t6X6TeZDeIEBK7DcRy8zpxPiPrkh1N","baseKeyType":1,"closed":-1,"used":1706203228242,"created":1706203228242,"remoteIdentityKey":"BanlmMVibj+pjJqDaV1FNHI/Im74uzgEBLNvoqTh4Tgg"},"_chains":{"BXSqQVGurkvTxVdrZHxLJnbt8a/bhbkijKIAD8UYl1FM":{"chainKey":{"counter":2,"key":"Wy7oJIEV5DwG6a4MMxD6ylxt4ryGKP6n+oVMv/ptN+0="},"chainType":1,"messageKeys":{}}},"pendingPreKey":{"signedKeyId":9,"baseKey":"Bdq8gII/lnb00+t6X6TeZDeIEBK7DcRy8zpxPiPrkh1N","preKeyId":4496561}}},"version":"v1"}