{"_sessions":{"BYe/rFObEsae9+e0qlS+bzSpzGB4tH94hw2KfM8ZFKBw":{"registrationId":152309338,"currentRatchet":{"ephemeralKeyPair":{"pubKey":"BRDzWPvv44fyux+Io1QJRn7DKKx5XKWpige2PRgsVT9w","privKey":"GI0S4uB7MdS6dEtL0g34AOSScIFjxCqLB47GbNU3gV8="},"lastRemoteEphemeralKey":"BQltwhLVVFPXnUi8nrlXIVSHQSI8ZlXEPwljmPsT1Wpn","previousCounter":0,"rootKey":"JhIokBqCLqn+N1CIGr2Qh4rXL2XxL8Q2yFPx9wKnaPg="},"indexInfo":{"baseKey":"BYe/rFObEsae9+e0qlS+bzSpzGB4tH94hw2KfM8ZFKBw","baseKeyType":1,"closed":-1,"used":1706203227959,"created":1706203227959,"remoteIdentityKey":"BcKh1jaz98u/ApSSWgrNHQ77EXw/7xMLdFcJYdZowy9l"},"_chains":{"BRDzWPvv44fyux+Io1QJRn7DKKx5XKWpige2PRgsVT9w":{"chainKey":{"counter":2,"key":"snu+FbPRv9dgkd3tsD+BjziKzfwIYqUCeHw8U5/zjAU="},"chainType":1,"messageKeys":{}}},"pendingPreKey":{"signedKeyId":1,"baseKey":"BYe/rFObEsae9+e0qlS+bzSpzGB4tH94hw2KfM8ZFKBw","preKeyId":102896}}},"version":"v1"}