{"_sessions":{"BYxB3vb41JY0SM+OOKaXkT6j44ORbOqMMsC1/f4VEJJE":{"registrationId":1574218992,"currentRatchet":{"ephemeralKeyPair":{"pubKey":"BTeWC4BOQnI4UWvG21kKnFBzR6NDqJmvolu/tVSNoAJp","privKey":"kGDZUlUsFD02dkH01cx4xHOCrBWk/NN0VZYC3gF3OGU="},"lastRemoteEphemeralKey":"Bfw6QewMe8JbZ6qzo8IiJ2Yrk2c1j+g6j7Ne/5SBJUNe","previousCounter":2,"rootKey":"JKbFYqXar4ViCzhBOuVjupHrdLzYLE+mZTno8VzHosM="},"indexInfo":{"baseKey":"BYxB3vb41JY0SM+OOKaXkT6j44ORbOqMMsC1/f4VEJJE","baseKeyType":1,"closed":-1,"used":1706264596862,"created":1706203228264,"remoteIdentityKey":"BR2UEHkl3Bu2km7c+C67O2bA5WVmcSf6qeg1l0xz8XdQ"},"_chains":{"Bfw6QewMe8JbZ6qzo8IiJ2Yrk2c1j+g6j7Ne/5SBJUNe":{"chainKey":{"counter":0,"key":"WZxCxlS2aSQUhRQ4x5YNi8wf+rOL27r75vnOdyBbdTg="},"chainType":2,"messageKeys":{}},"BTeWC4BOQnI4UWvG21kKnFBzR6NDqJmvolu/tVSNoAJp":{"chainKey":{"counter":-1,"key":"8bI5WbSOlGdSJMmZzumeGDhAbrEoR0tDGlD2xu16whI="},"chainType":1,"messageKeys":{}}}}},"version":"v1"}