{"_sessions":{"BQou6bePflNIK7krGq1nTXgPe0NIAVJrqxeEu9znDVo+":{"registrationId":1976123633,"currentRatchet":{"ephemeralKeyPair":{"pubKey":"BSFSkan3uVjwz1AM0Uc9FNVazyiqrbW79EMEimt9U0VS","privKey":"8OjPif927M9+/x83uNHwG82NC/fi3mjiGP81v/3/WnA="},"lastRemoteEphemeralKey":"BW4QFRa5Now9RrgXO9xz/odarowVs8YLtLZ345fddHVU","previousCounter":0,"rootKey":"Kbd0yLBL6fNzZR2VwkNuPAfE/7i9yD7cSMcZQrO/69A="},"indexInfo":{"baseKey":"BQou6bePflNIK7krGq1nTXgPe0NIAVJrqxeEu9znDVo+","baseKeyType":1,"closed":1706241575164,"used":1706241573134,"created":1706241573134,"remoteIdentityKey":"BV2JFZWUpvyjVY9Kt2pgtpjBtTgoIEqNKziA3fCdswdn"},"_chains":{"BSFSkan3uVjwz1AM0Uc9FNVazyiqrbW79EMEimt9U0VS":{"chainKey":{"counter":-1,"key":"dLiEEOInnOgmHtoA/Iev6r96RKCiA2+xg9cnwyNyegI="},"chainType":1,"messageKeys":{}}},"pendingPreKey":{"signedKeyId":13,"baseKey":"BQou6bePflNIK7krGq1nTXgPe0NIAVJrqxeEu9znDVo+","preKeyId":12678679}},"BRBXynxkfvs+y9ql4kK1uGbVLgyXEzbqkV7AxaRvmqYb":{"registrationId":1976123633,"currentRatchet":{"ephemeralKeyPair":{"pubKey":"BTTc0lC5oinnY/feU8mexEC9ZZWIEDD/V59iCX6ugOoX","privKey":"EEsnIZBgk++nILYQJEI5qAAxIAxPnI0LbgkVpJggl1g="},"lastRemoteEphemeralKey":"BW4QFRa5Now9RrgXO9xz/odarowVs8YLtLZ345fddHVU","previousCounter":0,"rootKey":"zzzXm8ZVp5Grawb3r3S0k8gVPDCfjCT3NcPXtfBTjrQ="},"indexInfo":{"baseKey":"BRBXynxkfvs+y9ql4kK1uGbVLgyXEzbqkV7AxaRvmqYb","baseKeyType":1,"closed":-1,"used":1706241575161,"created":1706241575161,"remoteIdentityKey":"BV2JFZWUpvyjVY9Kt2pgtpjBtTgoIEqNKziA3fCdswdn"},"_chains":{"BTTc0lC5oinnY/feU8mexEC9ZZWIEDD/V59iCX6ugOoX":{"chainKey":{"counter":7,"key":"hDd7ciSeUwoqmposSfkm5nSzYVjw81m31G7W3oKKcxc="},"chainType":1,"messageKeys":{}}},"pendingPreKey":{"signedKeyId":13,"baseKey":"BRBXynxkfvs+y9ql4kK1uGbVLgyXEzbqkV7AxaRvmqYb","preKeyId":12678593}}},"version":"v1"}