{"_sessions":{"BYGBuNWmGzPkPB805Bvr/gqNrUlkf/AW030OvRWH9SdV":{"registrationId":494212346,"currentRatchet":{"ephemeralKeyPair":{"pubKey":"Ba8RNoGlEE9HNQz1oqHsH3NIYgU5dFqQC4QrbPZ3S0Fk","privKey":"ODqNc2VqWaHznHmR6RKXgZvPAbKZpElA/yeWpXFqkH8="},"lastRemoteEphemeralKey":"BU4/6mwrmeOfbin0NaDYl8tCD3R1Y1ufvJdZwmdt91xG","previousCounter":0,"rootKey":"ypfednExqbcjT63CNnX9ytXdrZr6xyiTv8fdk34C56g="},"indexInfo":{"baseKey":"BYGBuNWmGzPkPB805Bvr/gqNrUlkf/AW030OvRWH9SdV","baseKeyType":1,"closed":1706241574511,"used":1706241572947,"created":1706241572947,"remoteIdentityKey":"BUrXHJo246o6jMPamtLmNZS5Arj6+OMiVpXb+CLuEmwe"},"_chains":{"Ba8RNoGlEE9HNQz1oqHsH3NIYgU5dFqQC4QrbPZ3S0Fk":{"chainKey":{"counter":-1,"key":"WjlNKYy0DNzRUfn/s4vYPJHWOmrbIXIwUvQZHCbdDUU="},"chainType":1,"messageKeys":{}}},"pendingPreKey":{"signedKeyId":1,"baseKey":"BYGBuNWmGzPkPB805Bvr/gqNrUlkf/AW030OvRWH9SdV","preKeyId":6274107}},"BSLyoobLDXW5CJAQ9heb2oYvwtHFuLzGo8BUX9syxiwB":{"registrationId":494212346,"currentRatchet":{"ephemeralKeyPair":{"pubKey":"BbXP0j/U10KzWVrPoagZpJUk1DQuxiv5cDsdsfVtYIVi","privKey":"4GA1bg/tNcfzh1cPGmlwKrvM/gslNKsvqtyKk3IFGUo="},"lastRemoteEphemeralKey":"BUml5+zeMC6Awcg0GInm4Zhb/e+SIENiMYi2vG+bWT5B","previousCounter":4,"rootKey":"o/Mk/n8hF9DOK2DY1uiG7+dnB9WUIl7F6lxTlyzz1pk="},"indexInfo":{"baseKey":"BSLyoobLDXW5CJAQ9heb2oYvwtHFuLzGo8BUX9syxiwB","baseKeyType":1,"closed":-1,"used":1706242079814,"created":1706241574509,"remoteIdentityKey":"BUrXHJo246o6jMPamtLmNZS5Arj6+OMiVpXb+CLuEmwe"},"_chains":{"BUml5+zeMC6Awcg0GInm4Zhb/e+SIENiMYi2vG+bWT5B":{"chainKey":{"counter":0,"key":"/6Lgp0R2c5GKuHw65K6LSyZCmaMbQAQXxt9nrzC9lVQ="},"chainType":2,"messageKeys":{}},"BbXP0j/U10KzWVrPoagZpJUk1DQuxiv5cDsdsfVtYIVi":{"chainKey":{"counter":2,"key":"V4IkE7xqqcHs9Q/CDZI7BCUdHv8ITYvQaTQf7RdSePI="},"chainType":1,"messageKeys":{}}}}},"version":"v1"}