{"_sessions":{"BQL+mDuoJ+7Ssqy9tEMnU5NfhjCX114J+coCeLBHbnpn":{"registrationId":1567654079,"currentRatchet":{"ephemeralKeyPair":{"pubKey":"BdoXfiDc4tAVXhy7z3VOk5wBbrhIYo0HLYAwPwwT2FoS","privKey":"AD85MVqGODbZ+q2hkuoZmpaIrSMHCJegPdzQfgtKjkc="},"lastRemoteEphemeralKey":"BYkH/CotN35nHQJoeZ82hKmuWdH96/KPormjgi+FT/kZ","previousCounter":0,"rootKey":"5Tbi451+9ga19qnozuZe/LZPjuBs/azsZNyRVXHpgpw="},"indexInfo":{"baseKey":"BQL+mDuoJ+7Ssqy9tEMnU5NfhjCX114J+coCeLBHbnpn","baseKeyType":1,"closed":1706241574301,"used":1706241572882,"created":1706241572882,"remoteIdentityKey":"BUpbB9ayvH2049cjbJxA6ohJD84TSa2cwajZ3DS+YQBh"},"_chains":{"BdoXfiDc4tAVXhy7z3VOk5wBbrhIYo0HLYAwPwwT2FoS":{"chainKey":{"counter":-1,"key":"qCo3/YqZVa1Xd7K97PsJU6GQaTUC7N7vntgEa1/xdW8="},"chainType":1,"messageKeys":{}}},"pendingPreKey":{"signedKeyId":0,"baseKey":"BQL+mDuoJ+7Ssqy9tEMnU5NfhjCX114J+coCeLBHbnpn"}},"BU+5aNVSnb25uR5XSXLc5d2FPlgjjfnuTTvyzmDn+OEh":{"registrationId":1567654079,"currentRatchet":{"ephemeralKeyPair":{"pubKey":"BQZ99veBglgb0jbUIvbAdDWL5yVVywrtTrhk6n5P2KkC","privKey":"WMYuNAH8sNGmgcAj9lXKsa04vx7MHArMBgoYrf+Si0g="},"lastRemoteEphemeralKey":"BYkH/CotN35nHQJoeZ82hKmuWdH96/KPormjgi+FT/kZ","previousCounter":0,"rootKey":"U9KE5FXdMWnLVWYBUCcwpQNXQRURJ35WUmxfia18vO8="},"indexInfo":{"baseKey":"BU+5aNVSnb25uR5XSXLc5d2FPlgjjfnuTTvyzmDn+OEh","baseKeyType":1,"closed":-1,"used":1706241574300,"created":1706241574300,"remoteIdentityKey":"BUpbB9ayvH2049cjbJxA6ohJD84TSa2cwajZ3DS+YQBh"},"_chains":{"BQZ99veBglgb0jbUIvbAdDWL5yVVywrtTrhk6n5P2KkC":{"chainKey":{"counter":7,"key":"mpmeM3h6DbuQL5ERvFKw13KrFEDqmTeP9Vk0Lqox+yg="},"chainType":1,"messageKeys":{}}},"pendingPreKey":{"signedKeyId":0,"baseKey":"BU+5aNVSnb25uR5XSXLc5d2FPlgjjfnuTTvyzmDn+OEh"}}},"version":"v1"}