{"_sessions":{"Bf4bSe1KCZAhynu/AYHliTz2NBeMHYBJ0H/xykk9Bk8n":{"registrationId":13544,"currentRatchet":{"ephemeralKeyPair":{"pubKey":"BWSl1Xd3aWAmJ6L5vq3x6R9vBnThC18yPjbEebMqFXEI","privKey":"UGmdh2acf4NOf/qjL5IvM2BwE4Bak6CZ6UdNhApFNm4="},"lastRemoteEphemeralKey":"BXJ0AoIai6cSjnj3ylDY2bAcFqPWP0JBUCyZC9Srt8EF","previousCounter":0,"rootKey":"22Rxwkw9wY+22ApR1rhdvCdrmygV8wBwZNMGwruK9vU="},"indexInfo":{"baseKey":"Bf4bSe1KCZAhynu/AYHliTz2NBeMHYBJ0H/xykk9Bk8n","baseKeyType":1,"closed":1706241573228,"used":1706241572648,"created":1706241572648,"remoteIdentityKey":"BYv1w42MJNK8091nFnhHRUPkw9ury4oWJU/MJzS7kY0h"},"_chains":{"BWSl1Xd3aWAmJ6L5vq3x6R9vBnThC18yPjbEebMqFXEI":{"chainKey":{"counter":-1,"key":"t5h6jA5LOteJk1zKbIIDtjUqTvvALHHQXtJESNCv8wA="},"chainType":1,"messageKeys":{}}},"pendingPreKey":{"signedKeyId":1,"baseKey":"Bf4bSe1KCZAhynu/AYHliTz2NBeMHYBJ0H/xykk9Bk8n"}},"BdXDtzIwIuibclK/BjpgCUDLo7Niog2HHh/5WLEbAYFK":{"registrationId":13544,"currentRatchet":{"ephemeralKeyPair":{"pubKey":"BZ+KFc0B34M2ROftS9JnBVkP0ry3KpWnUbKOkeOmQ6gl","privKey":"OJI8E/hVVt55XGZQEJHUnuVl8UZ2ksJr4nkNXrTwfmE="},"lastRemoteEphemeralKey":"BXJ0AoIai6cSjnj3ylDY2bAcFqPWP0JBUCyZC9Srt8EF","previousCounter":0,"rootKey":"joeuso+H5VIK8EzEzprAkIPFa4x7jA0dQCDNQAv8LT4="},"indexInfo":{"baseKey":"BdXDtzIwIuibclK/BjpgCUDLo7Niog2HHh/5WLEbAYFK","baseKeyType":1,"closed":-1,"used":1706241573226,"created":1706241573226,"remoteIdentityKey":"BYv1w42MJNK8091nFnhHRUPkw9ury4oWJU/MJzS7kY0h"},"_chains":{"BZ+KFc0B34M2ROftS9JnBVkP0ry3KpWnUbKOkeOmQ6gl":{"chainKey":{"counter":7,"key":"4uH0RuC4+/fp2YrK9XUNU0EIXbKLOoZsAt/9nd/DrRM="},"chainType":1,"messageKeys":{}}},"pendingPreKey":{"signedKeyId":1,"baseKey":"BdXDtzIwIuibclK/BjpgCUDLo7Niog2HHh/5WLEbAYFK"}}},"version":"v1"}