{"_sessions":{"Bear0GdRNYmCoJDzyGnZVEPE5bvMIrnef7R1Xzcs2WRp":{"registrationId":13595,"currentRatchet":{"ephemeralKeyPair":{"pubKey":"BQs3/rnnaAaF8VVxE21qoY+Ssdzz1hv0n4CAipS4o/Bu","privKey":"iLALMBO0dVPKeT2CpVtiCSH7EeJsHNtIAmz2v8WFt3o="},"lastRemoteEphemeralKey":"BeILPBIn6YhJcoGv2BRwhH0gdIxcWNdZFgx9CMpaLFAb","previousCounter":0,"rootKey":"1LBgPNQi4zfmHtxEToMoxNKKeWdI6Wb9v03xf3KxM/Y="},"indexInfo":{"baseKey":"Bear0GdRNYmCoJDzyGnZVEPE5bvMIrnef7R1Xzcs2WRp","baseKeyType":1,"closed":1706241573212,"used":1706241572642,"created":1706241572642,"remoteIdentityKey":"BVRq2YMnD8n1+Go++ty9ZxJihproHEaG8qYlbPFX7+4O"},"_chains":{"BQs3/rnnaAaF8VVxE21qoY+Ssdzz1hv0n4CAipS4o/Bu":{"chainKey":{"counter":-1,"key":"AAOqkcCtuALw16OXR8FRBJ28r3DwXdDSa9PIGG59jmQ="},"chainType":1,"messageKeys":{}}},"pendingPreKey":{"signedKeyId":1,"baseKey":"Bear0GdRNYmCoJDzyGnZVEPE5bvMIrnef7R1Xzcs2WRp"}},"BcbDw2Cq9wIu9FFmh4FSPvBVklFSNnei6Piyx/Zozn43":{"registrationId":13595,"currentRatchet":{"ephemeralKeyPair":{"pubKey":"Bc3ZGtJBAgIKEQjNolZ4j7ibJPqz35iiSVSsOrDmrudS","privKey":"YH1YD49/qxLmxN88bujmcgtggKR0V6m+8PT9ezajek0="},"lastRemoteEphemeralKey":"BeILPBIn6YhJcoGv2BRwhH0gdIxcWNdZFgx9CMpaLFAb","previousCounter":0,"rootKey":"I5g6lOQBhLLebO6BJF8NQHd5ss9OVtocIw62IR24uHM="},"indexInfo":{"baseKey":"BcbDw2Cq9wIu9FFmh4FSPvBVklFSNnei6Piyx/Zozn43","baseKeyType":1,"closed":-1,"used":1706241573210,"created":1706241573210,"remoteIdentityKey":"BVRq2YMnD8n1+Go++ty9ZxJihproHEaG8qYlbPFX7+4O"},"_chains":{"Bc3ZGtJBAgIKEQjNolZ4j7ibJPqz35iiSVSsOrDmrudS":{"chainKey":{"counter":7,"key":"HQjOHxtw1XPbcrfYmzMvMMmquc8hajBh8FRQ22eLdow="},"chainType":1,"messageKeys":{}}},"pendingPreKey":{"signedKeyId":1,"baseKey":"BcbDw2Cq9wIu9FFmh4FSPvBVklFSNnei6Piyx/Zozn43"}}},"version":"v1"}