{"_sessions":{"BTziZzFzogCiw18K5Trrgej27YLMLMCq6yhV/7IoKWgO":{"registrationId":261017850,"currentRatchet":{"ephemeralKeyPair":{"pubKey":"BVNaFH0VavXHfZ/06sOImVm+cSc+wqoZiqfGI7h7eZdR","privKey":"WAz8CnckAfWFxZCKaHKLui3xgiwmrdEBRROH7sSiMGo="},"lastRemoteEphemeralKey":"BVLAoM2MywQp7Qerh2lejKP97tsQm013BQoI/OfBplUN","previousCounter":0,"rootKey":"uj0DKr/NCjRqJRud2HBRBolpsbLyGasFbNgXZ76Ia88="},"indexInfo":{"baseKey":"BTziZzFzogCiw18K5Trrgej27YLMLMCq6yhV/7IoKWgO","baseKeyType":1,"closed":-1,"used":1706203228175,"created":1706203228175,"remoteIdentityKey":"BXJA/ZMTHBD0ylCwa9nEikSvntdNWXIbUr2NhhNQChgZ"},"_chains":{"BVNaFH0VavXHfZ/06sOImVm+cSc+wqoZiqfGI7h7eZdR":{"chainKey":{"counter":2,"key":"AQ1xXrzUPaHIOd2KT2L9p0+zDx1LkCpxkZL3CfO/R3Y="},"chainType":1,"messageKeys":{}}},"pendingPreKey":{"signedKeyId":15,"baseKey":"BTziZzFzogCiw18K5Trrgej27YLMLMCq6yhV/7IoKWgO","preKeyId":12572361}}},"version":"v1"}