{"_sessions":{"BTaNNNAZ0BpkpYeajJZYABPkMwTYhAJDT2xiox8k1BN8":{"registrationId":454898904,"currentRatchet":{"ephemeralKeyPair":{"pubKey":"BXTGMfBkxipIo4mhv5I+0595PQ39NAqEL3ICI4AQ6XM8","privKey":"kDCII9W+3A5sYvN9pYhlt+PodFpOCTVOsUcPMa3c/10="},"lastRemoteEphemeralKey":"BRjOt313qKNsdUShWbpHaVKyO5pkTmMhB/2vAlpTBaIx","previousCounter":1,"rootKey":"SRAhh5t9o+wDKjiYRSF2tLgE1/j+jTiqG2pRYOhK5OA="},"indexInfo":{"baseKey":"BTaNNNAZ0BpkpYeajJZYABPkMwTYhAJDT2xiox8k1BN8","baseKeyType":1,"closed":-1,"used":1706261529077,"created":1706203228253,"remoteIdentityKey":"BatKOp4cKzRuLoXqnkKgrBghHVKDB/194i5l5z79yyFY"},"_chains":{"BRjOt313qKNsdUShWbpHaVKyO5pkTmMhB/2vAlpTBaIx":{"chainKey":{"counter":0,"key":"greCXUGiSRhtyNGuh3YmXE9ZQnv+fEKFqlbodPB6qO0="},"chainType":2,"messageKeys":{}},"BXTGMfBkxipIo4mhv5I+0595PQ39NAqEL3ICI4AQ6XM8":{"chainKey":{"counter":0,"key":"www8Muh24MneovgZfQS5nAbci5WlDKswI6PvtE1SonI="},"chainType":1,"messageKeys":{}}}}},"version":"v1"}