{"_sessions":{"BTJ+JhguCpdNtgMf9em0acrS/rxJC5cO/TzcQRrOgGIa":{"registrationId":2043204792,"currentRatchet":{"ephemeralKeyPair":{"pubKey":"BXPyJPFJ89Q1fd4NsxYFSAdYRBfHkAI6mnaMo/N3ckc6","privKey":"WKX0pEbpn3YGUGIcM90X2QVZ12m9Maz9FqxoRG4+VG8="},"lastRemoteEphemeralKey":"Be44HbjHuFcVqkZboXBCPc7DLBxJNyW/Wod7Ol2gfb5Y","previousCounter":0,"rootKey":"WyuILQOYIFes/I+3KDb9WLn3XxT8xC9SdO8LImgy/pM="},"indexInfo":{"baseKey":"BTJ+JhguCpdNtgMf9em0acrS/rxJC5cO/TzcQRrOgGIa","baseKeyType":1,"closed":1706241574182,"used":1706241572857,"created":1706241572857,"remoteIdentityKey":"BWlUEJ5RI1cjM2Yq3oFjqSI935F7BOoWKgebgjmJD8UM"},"_chains":{"BXPyJPFJ89Q1fd4NsxYFSAdYRBfHkAI6mnaMo/N3ckc6":{"chainKey":{"counter":-1,"key":"T5MK/lkNZq6Xb/pM8BeFzK/6/tLvfZ3EvqbCyRyyN6E="},"chainType":1,"messageKeys":{}}},"pendingPreKey":{"signedKeyId":1,"baseKey":"BTJ+JhguCpdNtgMf9em0acrS/rxJC5cO/TzcQRrOgGIa","preKeyId":7955848}},"BUflvl5ZYPxobs36iG5Gm1brj4E1gIjYnr4GxnBaNCRq":{"registrationId":2043204792,"currentRatchet":{"ephemeralKeyPair":{"pubKey":"BXY+sCvH/4mD8JclcKAWxv6XN7TrVWQdt58586JxhQY9","privKey":"6LutwZ+eMBDnVa7K48JluTO5o5d7ZCbPIB0F5nzLsnw="},"lastRemoteEphemeralKey":"Be44HbjHuFcVqkZboXBCPc7DLBxJNyW/Wod7Ol2gfb5Y","previousCounter":0,"rootKey":"v7sunmMxZmwiol5Q2aHZNSzlBf9gIhVsaGHJ+mYzJjc="},"indexInfo":{"baseKey":"BUflvl5ZYPxobs36iG5Gm1brj4E1gIjYnr4GxnBaNCRq","baseKeyType":1,"closed":-1,"used":1706241574180,"created":1706241574180,"remoteIdentityKey":"BWlUEJ5RI1cjM2Yq3oFjqSI935F7BOoWKgebgjmJD8UM"},"_chains":{"BXY+sCvH/4mD8JclcKAWxv6XN7TrVWQdt58586JxhQY9":{"chainKey":{"counter":7,"key":"vF7wh6dBbuWoSANcdybd4VGCZNw5/tp3hqeThzJtw/w="},"chainType":1,"messageKeys":{}}},"pendingPreKey":{"signedKeyId":1,"baseKey":"BUflvl5ZYPxobs36iG5Gm1brj4E1gIjYnr4GxnBaNCRq","preKeyId":7956389}}},"version":"v1"}