{"_sessions":{"BU0owYG6hg8Ll28tmHrqEWsCcngphSI4wF1pmKKwxzU3":{"registrationId":1227719355,"currentRatchet":{"ephemeralKeyPair":{"pubKey":"BTYufMsOBgWRq7zBTMLK8nP0nBtk/uSBjI12Vn3toLhy","privKey":"OE+xSd65ROUfH7Zp2Bzz1jLp0qYFIjxdWjIkPdOb1Gw="},"lastRemoteEphemeralKey":"Bb44KVmcbzSppFdm3JntsFbOM048GCc9mRi5MBLq07Q7","previousCounter":0,"rootKey":"kJzxGsPJ8DM4lPyG9DUdIRjACfCzYT6Y4OV4ybiNeO4="},"indexInfo":{"baseKey":"BU0owYG6hg8Ll28tmHrqEWsCcngphSI4wF1pmKKwxzU3","baseKeyType":2,"closed":-1,"used":1706234402165,"created":1706234402165,"remoteIdentityKey":"BWlWwq8mCUZ3Gz5op+4jX8OfEeACYLMYe9O1ZMDWCNos"},"_chains":{"Bb44KVmcbzSppFdm3JntsFbOM048GCc9mRi5MBLq07Q7":{"chainKey":{"counter":0,"key":"iHezjkVjTGDGImd8OX0gLy22lzXC7QS6mkfmJtw8nJ4="},"chainType":2,"messageKeys":{}},"BTYufMsOBgWRq7zBTMLK8nP0nBtk/uSBjI12Vn3toLhy":{"chainKey":{"counter":7,"key":"hQtBDvQ+UthDGXHEr/wgKadjIIpt2/JVk457XnHanKM="},"chainType":1,"messageKeys":{}}}}},"version":"v1"}