{"_sessions":{"BYSx3EKaC1ZH8ZALobqbwY9L0uR27yS8HLH5exJuU9ka":{"registrationId":1270901488,"currentRatchet":{"ephemeralKeyPair":{"pubKey":"BUoFx+MBsDDMi7mgl0AJBwYzdwyHnIhICELYVdGqcCg5","privKey":"cG21pYdllz62mnLgZ7Vmja0E5tEOMdLSv9PFCYFq13A="},"lastRemoteEphemeralKey":"BVDCCGhMeFDEsYC+hRmHpKgHS29qLEtpthHjMUNYkQJ6","previousCounter":0,"rootKey":"5En+v9epsIOvKTwEVRCCzw2MPz1O82o3W5Z4PAHy8L4="},"indexInfo":{"baseKey":"BYSx3EKaC1ZH8ZALobqbwY9L0uR27yS8HLH5exJuU9ka","baseKeyType":1,"closed":1706241574894,"used":1706241573061,"created":1706241573061,"remoteIdentityKey":"BSjGyh8WYu/97UwgGyAJsb2XpcEDTItERctZsYsNTdkm"},"_chains":{"BUoFx+MBsDDMi7mgl0AJBwYzdwyHnIhICELYVdGqcCg5":{"chainKey":{"counter":-1,"key":"/p0ze3YVWe1VzJvKHaNFB+jrwCcNPTGX8vfCrjD2Dck="},"chainType":1,"messageKeys":{}}},"pendingPreKey":{"signedKeyId":2,"baseKey":"BYSx3EKaC1ZH8ZALobqbwY9L0uR27yS8HLH5exJuU9ka","preKeyId":7576589}},"BRuoxTBTcmkVzI44Wx6AypazIGQefIRxl2kMfOgkoDNp":{"registrationId":1270901488,"currentRatchet":{"ephemeralKeyPair":{"pubKey":"Ba5gQJK4+swJIpY6RFF2UWQpev5xEnUL0uWNA7Lm59N6","privKey":"4CfjzE7Z8kk6/iaT70gCa8FVNtuW9gAaWO1f2XMSB3c="},"lastRemoteEphemeralKey":"BVDCCGhMeFDEsYC+hRmHpKgHS29qLEtpthHjMUNYkQJ6","previousCounter":0,"rootKey":"DCdU93R+H2VEKp2jk7Ibt3/GGYakkqG3KMXLsfrumiI="},"indexInfo":{"baseKey":"BRuoxTBTcmkVzI44Wx6AypazIGQefIRxl2kMfOgkoDNp","baseKeyType":1,"closed":-1,"used":1706241574892,"created":1706241574892,"remoteIdentityKey":"BSjGyh8WYu/97UwgGyAJsb2XpcEDTItERctZsYsNTdkm"},"_chains":{"Ba5gQJK4+swJIpY6RFF2UWQpev5xEnUL0uWNA7Lm59N6":{"chainKey":{"counter":7,"key":"MD8+w4qJ9PfabYsecg8UL2W08bN9sI+XU1keOT0Aqig="},"chainType":1,"messageKeys":{}}},"pendingPreKey":{"signedKeyId":2,"baseKey":"BRuoxTBTcmkVzI44Wx6AypazIGQefIRxl2kMfOgkoDNp","preKeyId":7576578}}},"version":"v1"}