{"_sessions":{"BSySEln+o7EWgVAbcNb95zV3J1MfSqTv8bUWvN2r0yMJ":{"registrationId":203,"currentRatchet":{"ephemeralKeyPair":{"pubKey":"BQIQresmHAJqXZohj6FlW4dELlAMdg4sSr309ZxP1Dpd","privKey":"eJywrJrv7Uc8Gp1vRNhUSmannRWg/BjmsZL9lhZyNHs="},"lastRemoteEphemeralKey":"BVUEBZPa+r0JPamIZ8fT0yMfyLrcjSFymZgwZbCgAeMZ","previousCounter":0,"rootKey":"Oa9nzdZR7tYDudvUdTozUU0RVSO9lt8LCugqRS3vm34="},"indexInfo":{"baseKey":"BSySEln+o7EWgVAbcNb95zV3J1MfSqTv8bUWvN2r0yMJ","baseKeyType":1,"closed":1706241573304,"used":1706241572663,"created":1706241572663,"remoteIdentityKey":"BcRzMvCbCmb6lVDftw/VjkpfFZONZJrVk1OTTjFTr5dt"},"_chains":{"BQIQresmHAJqXZohj6FlW4dELlAMdg4sSr309ZxP1Dpd":{"chainKey":{"counter":-1,"key":"Rqd9t42ENegPdgOdEOyrddxVnwa3gUelf3oLscdVqDQ="},"chainType":1,"messageKeys":{}}},"pendingPreKey":{"signedKeyId":1,"baseKey":"BSySEln+o7EWgVAbcNb95zV3J1MfSqTv8bUWvN2r0yMJ"}},"BYM00aEPlVCUIuBIjPUhvpNly9OHzd4ubjiVdK44IAdW":{"registrationId":203,"currentRatchet":{"ephemeralKeyPair":{"pubKey":"BdgBUlTlL8btHLQryXniYp0j24zySM/P3MkFoWFRHiZW","privKey":"0NFJwnK7pR0uVjsfDBFY5GSdq1wuaLqX2rLdhaKZRUg="},"lastRemoteEphemeralKey":"BVUEBZPa+r0JPamIZ8fT0yMfyLrcjSFymZgwZbCgAeMZ","previousCounter":0,"rootKey":"40VB+IMtq4lGSQvq+oQbPQae6PhbAxDysfjROb4TxD0="},"indexInfo":{"baseKey":"BYM00aEPlVCUIuBIjPUhvpNly9OHzd4ubjiVdK44IAdW","baseKeyType":1,"closed":-1,"used":1706241573302,"created":1706241573302,"remoteIdentityKey":"BcRzMvCbCmb6lVDftw/VjkpfFZONZJrVk1OTTjFTr5dt"},"_chains":{"BdgBUlTlL8btHLQryXniYp0j24zySM/P3MkFoWFRHiZW":{"chainKey":{"counter":7,"key":"joMSNzW8o6tU6yY+tZiyDJt48GrZTMKVTO3rdkjnoXc="},"chainType":1,"messageKeys":{}}},"pendingPreKey":{"signedKeyId":1,"baseKey":"BYM00aEPlVCUIuBIjPUhvpNly9OHzd4ubjiVdK44IAdW"}}},"version":"v1"}