{"_sessions":{"BSuvs+JlXxXJtbfdRNOHhrcKXr3miisvu217n7u9s10F":{"registrationId":1558680474,"currentRatchet":{"ephemeralKeyPair":{"pubKey":"BURKxZOIgq+373hAO/DrimNQYPpeYEnUpydl/2XHT54+","privKey":"IK8BnzsgFjkjx73mj/KmjDQ3stQB3HJBZxytGpawZ2E="},"lastRemoteEphemeralKey":"BaCGin5Toys+yCrqeAvDIEONr3swxmiwLjjrBO5OjjUO","previousCounter":0,"rootKey":"rtqmE3BokC4SnjkcLWOkWepDzYnLkLFuC0GORYVWdoo="},"indexInfo":{"baseKey":"BSuvs+JlXxXJtbfdRNOHhrcKXr3miisvu217n7u9s10F","baseKeyType":1,"closed":-1,"used":1706203228089,"created":1706203228089,"remoteIdentityKey":"BR5KMbxvTQDA42v2XYoqnEAw7TxwOPoL4gJ4PTc430cr"},"_chains":{"BURKxZOIgq+373hAO/DrimNQYPpeYEnUpydl/2XHT54+":{"chainKey":{"counter":2,"key":"d8IXzRCAobJHoynRjmrKegwiM2Jb3czx7gDnRLoQ2o4="},"chainType":1,"messageKeys":{}}},"pendingPreKey":{"signedKeyId":1,"baseKey":"BSuvs+JlXxXJtbfdRNOHhrcKXr3miisvu217n7u9s10F","preKeyId":11641313}}},"version":"v1"}