{"_sessions":{"BZOQ2O4TXoTQDPcX/2AWLH8HCTGPh/HemqFpXYfFF2xL":{"registrationId":11397,"currentRatchet":{"ephemeralKeyPair":{"pubKey":"BayCAM71BYE1XYcJ1BmKjmUg9HUG8S2yV+NkH0jyp/g7","privKey":"8HgIG1U4Aj9tt5M47zKj9rAr6AZ5PzfJmDwvWa4nDlc="},"lastRemoteEphemeralKey":"BVpNCMexs65Okf3zGGaQnoQ9IAgxohmffN3eu1H15wpL","previousCounter":0,"rootKey":"nJPx/eXoWGVXbEGM9gOkSipkpOx3Mq1nZLJf7Mwm0T4="},"indexInfo":{"baseKey":"BZOQ2O4TXoTQDPcX/2AWLH8HCTGPh/HemqFpXYfFF2xL","baseKeyType":1,"closed":1706241573405,"used":1706241572680,"created":1706241572680,"remoteIdentityKey":"BU6fcV1KCr5Npq4BdeWVlJrORCf9/ORat7t5TgX/jgV/"},"_chains":{"BayCAM71BYE1XYcJ1BmKjmUg9HUG8S2yV+NkH0jyp/g7":{"chainKey":{"counter":-1,"key":"FoAPMwklF5poNA37xl4KSdWQnISEheBlIEJL0tPDmlU="},"chainType":1,"messageKeys":{}}},"pendingPreKey":{"signedKeyId":1,"baseKey":"BZOQ2O4TXoTQDPcX/2AWLH8HCTGPh/HemqFpXYfFF2xL"}},"BXB+sb0aUYoD6NUFRUJTjXtgWvgBLEslEbpQ7Uj0QY89":{"registrationId":11397,"currentRatchet":{"ephemeralKeyPair":{"pubKey":"BRkO+apLoo0jeqV2CvqCBMZaNTuNv35cGIcXVrirsWUJ","privKey":"+HA75Cbj0/1Eerjhm4Ii4ptOmvPIoRLzjyEcWvO9R18="},"lastRemoteEphemeralKey":"BVpNCMexs65Okf3zGGaQnoQ9IAgxohmffN3eu1H15wpL","previousCounter":0,"rootKey":"II9siQjBUDf0VM3IEur3URvFLyWiwyi6F5vc36PKE0Y="},"indexInfo":{"baseKey":"BXB+sb0aUYoD6NUFRUJTjXtgWvgBLEslEbpQ7Uj0QY89","baseKeyType":1,"closed":-1,"used":1706241573402,"created":1706241573402,"remoteIdentityKey":"BU6fcV1KCr5Npq4BdeWVlJrORCf9/ORat7t5TgX/jgV/"},"_chains":{"BRkO+apLoo0jeqV2CvqCBMZaNTuNv35cGIcXVrirsWUJ":{"chainKey":{"counter":7,"key":"6TUkbTGaBOglQ7YctSmd4VX75e99z25dwPGVJfQ9qeI="},"chainType":1,"messageKeys":{}}},"pendingPreKey":{"signedKeyId":1,"baseKey":"BXB+sb0aUYoD6NUFRUJTjXtgWvgBLEslEbpQ7Uj0QY89"}}},"version":"v1"}