{"_sessions":{"BaYV3MlhCVjiL7etgjmf6oXJYYBtN8H86UZx+VmRZX0O":{"registrationId":1613794891,"currentRatchet":{"ephemeralKeyPair":{"pubKey":"BRQh0rySfGAOuyRF86wZKho0PTysBqjrTLY7GR9hsn4e","privKey":"EFjEtfk6oI3Oe8Id+9tdKmWg9V9DTo1hBk6SL09AA1c="},"lastRemoteEphemeralKey":"BXp8CQnZ8aGzy9rA/IHagnHrLPnqFvWN0aUqgSSMs5Ej","previousCounter":0,"rootKey":"wEPPVHHmvdRoYNY425qHdXLwD1N9xDtjHtBwSdVOGG4="},"indexInfo":{"baseKey":"BaYV3MlhCVjiL7etgjmf6oXJYYBtN8H86UZx+VmRZX0O","baseKeyType":1,"closed":1706241573468,"used":1706241572695,"created":1706241572695,"remoteIdentityKey":"BWQC76sksVkOmp2lTOY0bgsIA0bM70NhmyDy67kJalk7"},"_chains":{"BRQh0rySfGAOuyRF86wZKho0PTysBqjrTLY7GR9hsn4e":{"chainKey":{"counter":-1,"key":"CZJDR4S3YKhXbScXinid+A5UDLLOtKkutCb4ke+12Z4="},"chainType":1,"messageKeys":{}}},"pendingPreKey":{"signedKeyId":1,"baseKey":"BaYV3MlhCVjiL7etgjmf6oXJYYBtN8H86UZx+VmRZX0O","preKeyId":15916296}},"BcuwnOiSOhpOzUie+vgdkwvMUnzvFQLZlUwqlRYxthAg":{"registrationId":1613794891,"currentRatchet":{"ephemeralKeyPair":{"pubKey":"BclfkGJJ+EjfQj3F9uHgdfMx+z5wnHIL/sWlnFnTtf86","privKey":"QLoK5cS/or5eF1ZhRMw75f6FHgnnhdYufw/jz7/Ul38="},"lastRemoteEphemeralKey":"BXp8CQnZ8aGzy9rA/IHagnHrLPnqFvWN0aUqgSSMs5Ej","previousCounter":0,"rootKey":"Z/Uz3wRa3JA30BTGeMQEOeYY2B2QfnKWZ5U8ubvwKes="},"indexInfo":{"baseKey":"BcuwnOiSOhpOzUie+vgdkwvMUnzvFQLZlUwqlRYxthAg","baseKeyType":1,"closed":-1,"used":1706241573464,"created":1706241573464,"remoteIdentityKey":"BWQC76sksVkOmp2lTOY0bgsIA0bM70NhmyDy67kJalk7"},"_chains":{"BclfkGJJ+EjfQj3F9uHgdfMx+z5wnHIL/sWlnFnTtf86":{"chainKey":{"counter":7,"key":"aj3mjdTL7wFdTlty8/oAYdvqUfSmxAtiluhTgTYoTdk="},"chainType":1,"messageKeys":{}}},"pendingPreKey":{"signedKeyId":1,"baseKey":"BcuwnOiSOhpOzUie+vgdkwvMUnzvFQLZlUwqlRYxthAg","preKeyId":15916672}}},"version":"v1"}