{"_sessions":{"BbYcGowcai+bh7H/tdUCMG1Y6kGmgdCbVCAplSkUDNUT":{"registrationId":1146196637,"currentRatchet":{"ephemeralKeyPair":{"pubKey":"BbsoRusiPHrHrvWkE9Sw1v0nbnM0ePsS7Q5DJy9NkQtT","privKey":"sBURDpXXDjEWzraAyhSbM4DQUsdz9oomUDbzAwILp2o="},"lastRemoteEphemeralKey":"BXJ9Iw+5zHo0rT4KJWchIt8jgHTutkWGyRg38TrjwQ4x","previousCounter":0,"rootKey":"NLanbcfC1yAPbPgxx/nNSoq1kb77TbGEJItGKe79nmA="},"indexInfo":{"baseKey":"BbYcGowcai+bh7H/tdUCMG1Y6kGmgdCbVCAplSkUDNUT","baseKeyType":1,"closed":-1,"used":1706203228079,"created":1706203228079,"remoteIdentityKey":"BUIOvD8YS+3GSNLsUABi/ZAivnroKChSpwXNaATCqTtB"},"_chains":{"BbsoRusiPHrHrvWkE9Sw1v0nbnM0ePsS7Q5DJy9NkQtT":{"chainKey":{"counter":2,"key":"b9teuKXR3shIFZtKae/gB45RhepV4yQ9jOb180cp5fM="},"chainType":1,"messageKeys":{}}},"pendingPreKey":{"signedKeyId":4,"baseKey":"BbYcGowcai+bh7H/tdUCMG1Y6kGmgdCbVCAplSkUDNUT","preKeyId":1788154}}},"version":"v1"}