{"_sessions":{"BahdAxymdiHUap+aZlON9h9YWUfUbXYsS05bSPIx8UB9":{"registrationId":2068398147,"currentRatchet":{"ephemeralKeyPair":{"pubKey":"BYAgmj85Fup4ECjkoAj5u4PsiNF/LBuepVqLeZS6cnZH","privKey":"kDbkvIIbQdorK2hU8nzoz3YTIU0MYdGYsXzljqXFa2Y="},"lastRemoteEphemeralKey":"Beh3NWhH1ISw8b2bsNId1o5Z7wrmaNip/b1Y8wjZcA9P","previousCounter":0,"rootKey":"nKO9CvE3rnc+39MTSOofs0lMGxweIKSMAM/QR6cRSLY="},"indexInfo":{"baseKey":"BahdAxymdiHUap+aZlON9h9YWUfUbXYsS05bSPIx8UB9","baseKeyType":1,"closed":-1,"used":1706203227939,"created":1706203227939,"remoteIdentityKey":"Baawxqa9Bw7eGtM50Lyw2io3MfY03l6vJEkIRWCTesp0"},"_chains":{"BYAgmj85Fup4ECjkoAj5u4PsiNF/LBuepVqLeZS6cnZH":{"chainKey":{"counter":2,"key":"NVVV2xaMFlplG1xl6kbsJUVhV8iBZ397o7aosiRRvyw="},"chainType":1,"messageKeys":{}}},"pendingPreKey":{"signedKeyId":2,"baseKey":"BahdAxymdiHUap+aZlON9h9YWUfUbXYsS05bSPIx8UB9","preKeyId":805446}}},"version":"v1"}