{"_sessions":{"BfOBZufCZOjDSzZF7Q2a03VMcKQGBa46WsQFK61Dvflm":{"registrationId":753429580,"currentRatchet":{"ephemeralKeyPair":{"pubKey":"BT7yecv6ycWbE/I74e2KaFwytMbe/XWOaPA8c/7TXf5I","privKey":"aLLppWW3YzAogQG1fRn7H/Pb63vNrfDnBTNN0vqFjnQ="},"lastRemoteEphemeralKey":"Bcwd32clJ/qjCoNZRhgl5GEv0LZm4y1K7mKJ077nKXVd","previousCounter":0,"rootKey":"FvexQrp4C/3eIti8vKxqxBD0JrMHyZzl4+Nxw29oZCc="},"indexInfo":{"baseKey":"BfOBZufCZOjDSzZF7Q2a03VMcKQGBa46WsQFK61Dvflm","baseKeyType":1,"closed":1706241574678,"used":1706241572991,"created":1706241572991,"remoteIdentityKey":"BQiJFwMI9+w9a8OsmFZBJcJkrj3FhaOVGsTVcPH1Cv9P"},"_chains":{"BT7yecv6ycWbE/I74e2KaFwytMbe/XWOaPA8c/7TXf5I":{"chainKey":{"counter":-1,"key":"/Fa+pEuEHOfsVUNL6ru+mI8ECcIbQ4cn/MMlcPUSV28="},"chainType":1,"messageKeys":{}}},"pendingPreKey":{"signedKeyId":1,"baseKey":"BfOBZufCZOjDSzZF7Q2a03VMcKQGBa46WsQFK61Dvflm","preKeyId":3616683}},"BReS/vIGMBqlqIo5XjiL+kvjUjPG3Q4wgNxr+95cJf02":{"registrationId":753429580,"currentRatchet":{"ephemeralKeyPair":{"pubKey":"BejEM9A4Q7RFaOy2mPS5RyAISyv6EUN5zoyCZCmCvtE8","privKey":"+D+2nFmJ0+Ryea9PtHgK6TOOPIvqa3A/+TRCAcPGcl0="},"lastRemoteEphemeralKey":"Bcwd32clJ/qjCoNZRhgl5GEv0LZm4y1K7mKJ077nKXVd","previousCounter":0,"rootKey":"Ycv3YKtLVRo1+JboJyFvVP4yuHEUf2YiPmKgaqi16cs="},"indexInfo":{"baseKey":"BReS/vIGMBqlqIo5XjiL+kvjUjPG3Q4wgNxr+95cJf02","baseKeyType":1,"closed":-1,"used":1706241574676,"created":1706241574676,"remoteIdentityKey":"BQiJFwMI9+w9a8OsmFZBJcJkrj3FhaOVGsTVcPH1Cv9P"},"_chains":{"BejEM9A4Q7RFaOy2mPS5RyAISyv6EUN5zoyCZCmCvtE8":{"chainKey":{"counter":7,"key":"ZDS0ddf+ievnc568EEscEPTyhGKMAmDdx0yYSMephxE="},"chainType":1,"messageKeys":{}}},"pendingPreKey":{"signedKeyId":1,"baseKey":"BReS/vIGMBqlqIo5XjiL+kvjUjPG3Q4wgNxr+95cJf02","preKeyId":3616127}}},"version":"v1"}