{"_sessions":{"Bf6dre+PfXkPcN00uJEIv/IR3hd9FUA+JfXE+uGwym9I":{"registrationId":118942100,"currentRatchet":{"ephemeralKeyPair":{"pubKey":"BfVX+UUz0y0vTuIr5WXGkGoRDhDAmzZSR2tyBrYBCoYP","privKey":"KNnyJfxIIffbInfcMkYm/RmxBXB7+ca07dp6v2ID22s="},"lastRemoteEphemeralKey":"BV9Z1/jJ7pI562OV+ts63nfWLDq+JPV3WPSUGE5xCcg5","previousCounter":0,"rootKey":"TsBA0nLq+6Jsi8+LGmlw6bDAu5PO+2YEaqejf3VSM8c="},"indexInfo":{"baseKey":"Bf6dre+PfXkPcN00uJEIv/IR3hd9FUA+JfXE+uGwym9I","baseKeyType":1,"closed":1706241573682,"used":1706241572741,"created":1706241572741,"remoteIdentityKey":"BU0EsaSFw5/DmRthg73N1gBzTeIkTx9pK4byVTVIiXsy"},"_chains":{"BfVX+UUz0y0vTuIr5WXGkGoRDhDAmzZSR2tyBrYBCoYP":{"chainKey":{"counter":-1,"key":"bWXp+WTVeQt8dPLCDkFJMwlGzsy7IFEmsoB/z6k9UJM="},"chainType":1,"messageKeys":{}}},"pendingPreKey":{"signedKeyId":1,"baseKey":"Bf6dre+PfXkPcN00uJEIv/IR3hd9FUA+JfXE+uGwym9I","preKeyId":7471997}},"BSUuyGgGVDXa0zOXNbacj1Qsb/5/kVdNrjRJYkSn8pAW":{"registrationId":118942100,"currentRatchet":{"ephemeralKeyPair":{"pubKey":"BVlrq9OwQrJveoVJMUsNPQM2hSYpuZuyqfcFav7UlxRh","privKey":"mKeg0Wgvpe9ZDYCMPKBCEfxo+p2087XdaccWEGMe6kM="},"lastRemoteEphemeralKey":"BV9Z1/jJ7pI562OV+ts63nfWLDq+JPV3WPSUGE5xCcg5","previousCounter":0,"rootKey":"YJCzGReh46TcRI4Po6NplcxQ5ziM6uVuJN88Dw2mk50="},"indexInfo":{"baseKey":"BSUuyGgGVDXa0zOXNbacj1Qsb/5/kVdNrjRJYkSn8pAW","baseKeyType":1,"closed":-1,"used":1706241573678,"created":1706241573678,"remoteIdentityKey":"BU0EsaSFw5/DmRthg73N1gBzTeIkTx9pK4byVTVIiXsy"},"_chains":{"BVlrq9OwQrJveoVJMUsNPQM2hSYpuZuyqfcFav7UlxRh":{"chainKey":{"counter":7,"key":"yjGTdFZExTg128PxxBagolxXULZMU9jFG7AzceG8BNA="},"chainType":1,"messageKeys":{}}},"pendingPreKey":{"signedKeyId":1,"baseKey":"BSUuyGgGVDXa0zOXNbacj1Qsb/5/kVdNrjRJYkSn8pAW","preKeyId":7472501}}},"version":"v1"}