{"_sessions":{"BS+8rbokMf23tiff7sNvRlYLdj8LS+igUh2QsYSwshYS":{"registrationId":100,"currentRatchet":{"ephemeralKeyPair":{"pubKey":"BbLNCCA+894duS5Rpemr0e8nh47brhTOnYnPMs7K6o4T","privKey":"mH82C9adVVSX2D4faWSZSATen0drb5Ki077ddQkoMXQ="},"lastRemoteEphemeralKey":"BbTFEQl/sPwu7UNuPD7HVZHAh+SUVcRdzZKwuJzSf+Mx","previousCounter":0,"rootKey":"+u3v8H1mMfQIzt+awk10YayuAikKV4mSfxg3BsNx04U="},"indexInfo":{"baseKey":"BS+8rbokMf23tiff7sNvRlYLdj8LS+igUh2QsYSwshYS","baseKeyType":1,"closed":-1,"used":1706203227925,"created":1706203227925,"remoteIdentityKey":"Bf0sHndqr0DNym4HXFtIi6PFkItyvPZPVfleDtGgRR8k"},"_chains":{"BbLNCCA+894duS5Rpemr0e8nh47brhTOnYnPMs7K6o4T":{"chainKey":{"counter":2,"key":"kntV/exrjckFpmv8Mdsug8yQA8UaoxZJCDWd76NJZPI="},"chainType":1,"messageKeys":{}}},"pendingPreKey":{"signedKeyId":1,"baseKey":"BS+8rbokMf23tiff7sNvRlYLdj8LS+igUh2QsYSwshYS"}}},"version":"v1"}