{"_sessions":{"BT12YFCkU/cWNbrjZzSEdlzWYNe5p4yOubv48RYxwvoT":{"registrationId":1965410302,"currentRatchet":{"ephemeralKeyPair":{"pubKey":"BaBrpipAQYPpZqez/JkTXhwc+Xfil9FzBlqKFIYm+kIN","privKey":"WBj3O80fbO92au/1CXJmttO0uMprR67EreWCjWJxsHg="},"lastRemoteEphemeralKey":"BUd6syGL8OohbOWrrpIOomAuJXQEXVI7lhR1w/skYNxd","previousCounter":0,"rootKey":"u+hb5k5mhTN4KkATFFgkAIDQvFIUyJ76k6PHWMkqius="},"indexInfo":{"baseKey":"BT12YFCkU/cWNbrjZzSEdlzWYNe5p4yOubv48RYxwvoT","baseKeyType":1,"closed":-1,"used":1706203228052,"created":1706203228052,"remoteIdentityKey":"BR9+1bIG22zlE1Icin2oncvQB5Sg1bGPdY+pGMizlD1p"},"_chains":{"BaBrpipAQYPpZqez/JkTXhwc+Xfil9FzBlqKFIYm+kIN":{"chainKey":{"counter":0,"key":"YxSXv7SzV3tmExpgfAhEKBt9Vx0nExaDVpRhCx0k1Xk="},"chainType":1,"messageKeys":{}}},"pendingPreKey":{"signedKeyId":14,"baseKey":"BT12YFCkU/cWNbrjZzSEdlzWYNe5p4yOubv48RYxwvoT","preKeyId":9283896}}},"version":"v1"}