{"_sessions":{"BQ4rjiiayLDW4js45o7xaeO7m5Q2QOctDFrT49vVkysF":{"registrationId":693700787,"currentRatchet":{"ephemeralKeyPair":{"pubKey":"BYvwLt3rIh0I/S/XE1+cVNUTQCvDi0mYiNB1S0rr0osC","privKey":"2CBucT6ZQIb/zYWtt5hFeK6WtT9tk6oDm5xhftW/DUg="},"lastRemoteEphemeralKey":"Bee28IrXKsthqt9XItWqsioU12feomd5wSh1N/QQWXgj","previousCounter":0,"rootKey":"v/UR26mlnOQqo3qw0HYEYrhAPDIOZbwh/PLc13eUJfw="},"indexInfo":{"baseKey":"BQ4rjiiayLDW4js45o7xaeO7m5Q2QOctDFrT49vVkysF","baseKeyType":1,"closed":-1,"used":1706203228186,"created":1706203228186,"remoteIdentityKey":"BbYq8Tnas2+MURkxW8WeRGE4ZC880Jsqpk92ihcnRSZv"},"_chains":{"BYvwLt3rIh0I/S/XE1+cVNUTQCvDi0mYiNB1S0rr0osC":{"chainKey":{"counter":2,"key":"OM2pQc12hsSFJl9CTn5Psvqu4NT7oTyKnnFxZir4J0I="},"chainType":1,"messageKeys":{}}},"pendingPreKey":{"signedKeyId":1,"baseKey":"BQ4rjiiayLDW4js45o7xaeO7m5Q2QOctDFrT49vVkysF","preKeyId":1971004}}},"version":"v1"}