{"_sessions":{"BQw5GZmtJEnUqq1LN5Vw0yOg08Vh+XIX8vsil52zCTBb":{"registrationId":222107872,"currentRatchet":{"ephemeralKeyPair":{"pubKey":"BRCvLq15pvXB1exS3xn9ZfF8CglWmTPruIretUBTcboz","privKey":"CMgDxi9WJVVN7O036mBAEtgMOa/Xi/c0qUI0mhzbWUc="},"lastRemoteEphemeralKey":"BdPBSQ9POoCBktlZKCubWygPXcNSb4tpWFdzNxauoh8Z","previousCounter":0,"rootKey":"nJtWL0xc11NaQcqf2hH46U9rIUDCqG+ePNP/EVGHMsA="},"indexInfo":{"baseKey":"BQw5GZmtJEnUqq1LN5Vw0yOg08Vh+XIX8vsil52zCTBb","baseKeyType":1,"closed":1706241575104,"used":1706241573118,"created":1706241573118,"remoteIdentityKey":"BSbo5joDPDrrXRjswslLLC679+J5OOVLdcmzEAh054Ra"},"_chains":{"BRCvLq15pvXB1exS3xn9ZfF8CglWmTPruIretUBTcboz":{"chainKey":{"counter":-1,"key":"ImRi/HVSsAo7kYD12dmacAbZ3g2JeZgEwW4nGojMLvA="},"chainType":1,"messageKeys":{}}},"pendingPreKey":{"signedKeyId":0,"baseKey":"BQw5GZmtJEnUqq1LN5Vw0yOg08Vh+XIX8vsil52zCTBb","preKeyId":4962109}},"BWAWfy4Ne6hwm5JCJP9L4e50H2j5NyouKtLMbD5OZwA2":{"registrationId":222107872,"currentRatchet":{"ephemeralKeyPair":{"pubKey":"Bep5fMTdsnJBst3uWs3zGTeOJeocgnOb46wsSrhr0xRK","privKey":"WCaZFDY5fVXAml+ucXbvjW4jyoEueWfyYBa4SHcTrmI="},"lastRemoteEphemeralKey":"BeTEWL4QgDuQvZ60em3hXGZR2GQYAf7kTOjhHVJfZD5R","previousCounter":6,"rootKey":"d4kmGsvsX1XgeEfF2Wr9IfSAQHD66Nm+lDOLaLCvyrk="},"indexInfo":{"baseKey":"BWAWfy4Ne6hwm5JCJP9L4e50H2j5NyouKtLMbD5OZwA2","baseKeyType":1,"closed":-1,"used":1706242360662,"created":1706241575102,"remoteIdentityKey":"BSbo5joDPDrrXRjswslLLC679+J5OOVLdcmzEAh054Ra"},"_chains":{"BeTEWL4QgDuQvZ60em3hXGZR2GQYAf7kTOjhHVJfZD5R":{"chainKey":{"counter":0,"key":"3hDKWaGAdHuUt1pj5wPcp4vQRnuzlNkejsHiiJMHERc="},"chainType":2,"messageKeys":{}},"Bep5fMTdsnJBst3uWs3zGTeOJeocgnOb46wsSrhr0xRK":{"chainKey":{"counter":0,"key":"ToJ2Wg46Ts01GOisyqHxtF/ZdwVI7xouNzMcZxNdVTw="},"chainType":1,"messageKeys":{}}}}},"version":"v1"}