{"_sessions":{"Bf0n3FhEguBWZ7nrIEYlrKSNZzklhGi2AGMBSd9I3pRF":{"registrationId":33,"currentRatchet":{"ephemeralKeyPair":{"pubKey":"Bb5CjFvlKyojFknCSAugFcUcJZWQ1RnWxKXPL8ez9TJu","privKey":"ULygBzHcxUxfIDorZJ9msHJiXum5ymyKfSBjKpFOJXY="},"lastRemoteEphemeralKey":"Bf0Xv7l2n4dsHbzQv3rfuHiJZa2EBt9b0GMtBxF9mtEV","previousCounter":0,"rootKey":"zzSpe6cVkhbDvX99I1fF7ek6lqOtrj1NqKxyy5AbLRE="},"indexInfo":{"baseKey":"Bf0n3FhEguBWZ7nrIEYlrKSNZzklhGi2AGMBSd9I3pRF","baseKeyType":1,"closed":-1,"used":1706203227861,"created":1706203227861,"remoteIdentityKey":"BQCWqMVWRQLVPeP+M5OTMqK/sacBYNLGOKhUwnk8qTc1"},"_chains":{"Bb5CjFvlKyojFknCSAugFcUcJZWQ1RnWxKXPL8ez9TJu":{"chainKey":{"counter":2,"key":"PUyDcjWgYUT2wK6x7/LSjPeYjhus3vRROGKRb4HRclA="},"chainType":1,"messageKeys":{}}},"pendingPreKey":{"signedKeyId":1,"baseKey":"Bf0n3FhEguBWZ7nrIEYlrKSNZzklhGi2AGMBSd9I3pRF","preKeyId":147}}},"version":"v1"}