{"_sessions":{"Be4E0HBYFTgSyEfbaLN+3bscMFPiWIg+IxC8Ri4d4gAj":{"registrationId":2138550754,"currentRatchet":{"ephemeralKeyPair":{"pubKey":"BYPJZvYy25hPuwE6/5OyuU2AII2lluj/YcPGqRxY470P","privKey":"QFW1MZ4wGxsv1+PMnr2ydAndAJSto/RylVDTDkIMCUs="},"lastRemoteEphemeralKey":"BWws4ZWFXgSad2n78xpk+2l6B7cO38ccRkPGJ5QpDYpn","previousCounter":0,"rootKey":"2CeddbvrTRytb4at6Yk72TWMmhcrPNh/PzlR6DgiaXM="},"indexInfo":{"baseKey":"Be4E0HBYFTgSyEfbaLN+3bscMFPiWIg+IxC8Ri4d4gAj","baseKeyType":1,"closed":-1,"used":1706203228000,"created":1706203228000,"remoteIdentityKey":"BQtJZd3cFOAZtQx4yQ3jIfYRzm61Q08Nwcf57vaKrNwG"},"_chains":{"BYPJZvYy25hPuwE6/5OyuU2AII2lluj/YcPGqRxY470P":{"chainKey":{"counter":2,"key":"4NlztP4P5OuNxzL64expoSj+t+tfrfMLjrjpD6r4MnE="},"chainType":1,"messageKeys":{}}},"pendingPreKey":{"signedKeyId":0,"baseKey":"Be4E0HBYFTgSyEfbaLN+3bscMFPiWIg+IxC8Ri4d4gAj","preKeyId":11596099}}},"version":"v1"}