{"_sessions":{"Bd/be7NMLmM+p78RT5vmKJELWE/hE8gEr5TTSmxc7pxA":{"registrationId":2058182203,"currentRatchet":{"ephemeralKeyPair":{"pubKey":"BSDGnXkcyekV5YsUDRTc50mpPZsDXeeMaGOaTFvfM/dB","privKey":"MBUtjSQMcTy3g8vC+mwuSO8qJ7igeW9AUAt3raLDwVs="},"lastRemoteEphemeralKey":"BWRRHrVLW6rQrsZtvIYyVNSov0CUwpZ/T9Nu5HEbA3g5","previousCounter":0,"rootKey":"bGbAxCQUJgmRNVgsBaq6FBjSqud1I+xGSyGR13s4pMw="},"indexInfo":{"baseKey":"Bd/be7NMLmM+p78RT5vmKJELWE/hE8gEr5TTSmxc7pxA","baseKeyType":1,"closed":1706241574950,"used":1706241573075,"created":1706241573075,"remoteIdentityKey":"BcOJcsuefDCY04FF07nJbctDhWZHCtflmK7xYT3F3eVi"},"_chains":{"BSDGnXkcyekV5YsUDRTc50mpPZsDXeeMaGOaTFvfM/dB":{"chainKey":{"counter":-1,"key":"nCEDNyCdaevQ3W+WMgR7xemPSuMGsT9B6zJN555pfyw="},"chainType":1,"messageKeys":{}}},"pendingPreKey":{"signedKeyId":1,"baseKey":"Bd/be7NMLmM+p78RT5vmKJELWE/hE8gEr5TTSmxc7pxA","preKeyId":2870470}},"BWEkfBt+SM+SHo5phJ/otR+48TVVrh+YZ48M9ID8HX4Z":{"registrationId":2058182203,"currentRatchet":{"ephemeralKeyPair":{"pubKey":"BdQVroLb/Ks6psQHr3TNh9fHXyVK0xc5jofmUhb2YcAN","privKey":"QDQqLKlZVBYLW3YTmwGl2jA4qosNft8BZE2V9cIuNH0="},"lastRemoteEphemeralKey":"BWRRHrVLW6rQrsZtvIYyVNSov0CUwpZ/T9Nu5HEbA3g5","previousCounter":0,"rootKey":"qt1/3hyR/pqxOcwPiwLSVGdc/X98FVU9Ut3co2XREHE="},"indexInfo":{"baseKey":"BWEkfBt+SM+SHo5phJ/otR+48TVVrh+YZ48M9ID8HX4Z","baseKeyType":1,"closed":-1,"used":1706241574948,"created":1706241574948,"remoteIdentityKey":"BcOJcsuefDCY04FF07nJbctDhWZHCtflmK7xYT3F3eVi"},"_chains":{"BdQVroLb/Ks6psQHr3TNh9fHXyVK0xc5jofmUhb2YcAN":{"chainKey":{"counter":7,"key":"+uKr5HdakEK4TmzqiQwhN5e4cRoImmb4nszyukjG1lI="},"chainType":1,"messageKeys":{}}},"pendingPreKey":{"signedKeyId":1,"baseKey":"BWEkfBt+SM+SHo5phJ/otR+48TVVrh+YZ48M9ID8HX4Z","preKeyId":2870042}}},"version":"v1"}