{"_sessions":{"BfS/0yg0ufPnvsSd2S8yBYtR9JK6g5ys4Wheo8Q+/BQ8":{"registrationId":1827849831,"currentRatchet":{"ephemeralKeyPair":{"pubKey":"BTb1BK/4/DVlE/7oTFALGivuZbbhD48i4jpL23/ElHFV","privKey":"uLg6Q7m7ptgjBAOqVJiPVIL4vYUusq45EY8usoKEykY="},"lastRemoteEphemeralKey":"BY1RiCz7+cp3KnSDG7VSLrmeL43mhakkzCtPKUdvvnJh","previousCounter":0,"rootKey":"Q/DVYdNpMy4R9U9Bg11EEVcUFU/9ogydCh6obsqPDlc="},"indexInfo":{"baseKey":"BfS/0yg0ufPnvsSd2S8yBYtR9JK6g5ys4Wheo8Q+/BQ8","baseKeyType":1,"closed":-1,"used":1706307092503,"created":1706203228020,"remoteIdentityKey":"BdzAxoSyIjDbGcGZ8TRXN/1CVQFIDR6Lyq9XgoVkPMgG"},"_chains":{"Bb+bGspT6+P6ldgCgQZo/p9qT0UlVg4BmyrJBiFXzGsD":{"chainKey":{"counter":0},"chainType":2,"messageKeys":{}},"BY1RiCz7+cp3KnSDG7VSLrmeL43mhakkzCtPKUdvvnJh":{"chainKey":{"counter":2,"key":"gBpv68lLBvQ+lTghx9+eNaE186vr3jzv6BCC9EpDVF0="},"chainType":2,"messageKeys":{}},"BTb1BK/4/DVlE/7oTFALGivuZbbhD48i4jpL23/ElHFV":{"chainKey":{"counter":-1,"key":"J8CNaUjW22xHXU9oBVFolMPo01Ilg/X+MZ14B8qE2FI="},"chainType":1,"messageKeys":{}}}}},"version":"v1"}