{"_sessions":{"BY/QWhJ1qasrQ43ooNKZVUdnFqDGUSz36Os+G7B2sO4c":{"registrationId":1568729083,"currentRatchet":{"ephemeralKeyPair":{"pubKey":"Bfe79MYkB60I7PL7xB8GXvKF2O2utaNQOWsc+WEZkPwf","privKey":"cLX6btq9ZVSypt3xy+CFdCtG98GVP++Y5UdveBW/gH4="},"lastRemoteEphemeralKey":"BQPR3wo3U8+jbJlI7HUZzUN9Uiy58QaqIJbv2s4tcQRR","previousCounter":0,"rootKey":"n6FjXlHbOpLLDgSegh0wcakZ3d+Sle8eb6PBPzxQFsw="},"indexInfo":{"baseKey":"BY/QWhJ1qasrQ43ooNKZVUdnFqDGUSz36Os+G7B2sO4c","baseKeyType":1,"closed":1706241574845,"used":1706241573045,"created":1706241573045,"remoteIdentityKey":"BUs9knrlpd1736TIie49TQpljhb+jWfdi+w5KJxEUlxB"},"_chains":{"Bfe79MYkB60I7PL7xB8GXvKF2O2utaNQOWsc+WEZkPwf":{"chainKey":{"counter":-1,"key":"gtTmH/VTHtxCohvfsihwaF2W9uttdQJ6KgYEJk2Sox0="},"chainType":1,"messageKeys":{}}},"pendingPreKey":{"signedKeyId":10,"baseKey":"BY/QWhJ1qasrQ43ooNKZVUdnFqDGUSz36Os+G7B2sO4c","preKeyId":14807072}},"BfsXp9/qSB2/P+GZgn5CtB5FdJ7YTvk9o6lPqbatPoEo":{"registrationId":1568729083,"currentRatchet":{"ephemeralKeyPair":{"pubKey":"BRU9qNuKaxSrvdrgLsEBzewT6gKXN6SRahWJ8j/vBYJ/","privKey":"SN4oQ9SyRmstN+QMDme3+U86lnWeMQkdNBrgCa+uwFQ="},"lastRemoteEphemeralKey":"BQPR3wo3U8+jbJlI7HUZzUN9Uiy58QaqIJbv2s4tcQRR","previousCounter":0,"rootKey":"6j74aovoVgWu+INoDM8fqIsQy2SOWJTUE7qIqEtniZE="},"indexInfo":{"baseKey":"BfsXp9/qSB2/P+GZgn5CtB5FdJ7YTvk9o6lPqbatPoEo","baseKeyType":1,"closed":-1,"used":1706241574843,"created":1706241574843,"remoteIdentityKey":"BUs9knrlpd1736TIie49TQpljhb+jWfdi+w5KJxEUlxB"},"_chains":{"BRU9qNuKaxSrvdrgLsEBzewT6gKXN6SRahWJ8j/vBYJ/":{"chainKey":{"counter":7,"key":"uruh4vElWLX3yXLDsXkCp4pewjJJhqN69nIKA1/ULHg="},"chainType":1,"messageKeys":{}}},"pendingPreKey":{"signedKeyId":10,"baseKey":"BfsXp9/qSB2/P+GZgn5CtB5FdJ7YTvk9o6lPqbatPoEo","preKeyId":14806804}}},"version":"v1"}