{"_sessions":{"BetGN/xyiFqF0YFwbgyLFyjkOG06E7Elgt+cyDL6r2xn":{"registrationId":1885479037,"currentRatchet":{"ephemeralKeyPair":{"pubKey":"Bckf6FolF5o0PHQ4dCP/GL4pwlX6466ReNqR7yFFkXVP","privKey":"oLmhfnc/tthFicAL+cOCz8j83MCmzP0TZ79lpN7CZlk="},"lastRemoteEphemeralKey":"BQ2ceSaS9hV4CQaJAmMvNoJjW9+XNxg3VTqrsfL0usNr","previousCounter":0,"rootKey":"//MU6yIDPNvUkVi7882fS0BVsu3ojmnYQZRAXatR+Ac="},"indexInfo":{"baseKey":"BetGN/xyiFqF0YFwbgyLFyjkOG06E7Elgt+cyDL6r2xn","baseKeyType":1,"closed":1706241574863,"used":1706241573052,"created":1706241573052,"remoteIdentityKey":"BV8KCxrCR29nukhJf1twq4yqyWdw3DsEoWNo9x4packg"},"_chains":{"Bckf6FolF5o0PHQ4dCP/GL4pwlX6466ReNqR7yFFkXVP":{"chainKey":{"counter":-1,"key":"RSDDF8ghwepB9czhqlWY1UhgNyRrQo9gignbV6FgP68="},"chainType":1,"messageKeys":{}}},"pendingPreKey":{"signedKeyId":1,"baseKey":"BetGN/xyiFqF0YFwbgyLFyjkOG06E7Elgt+cyDL6r2xn","preKeyId":14137226}},"BVvvpi/pxCLsZNxprszKYVA2OfCAdV9k4ZISAEnc/sRR":{"registrationId":1885479037,"currentRatchet":{"ephemeralKeyPair":{"pubKey":"BdhJ4Sa4HIOsI9e8xl/PI8el8H8mskqBbKyvWNG+30lC","privKey":"KGccc+xMZV/VcCD3EiTMnNemv/Z1s8qzsyWsYg/f0ls="},"lastRemoteEphemeralKey":"BQ2ceSaS9hV4CQaJAmMvNoJjW9+XNxg3VTqrsfL0usNr","previousCounter":0,"rootKey":"IGh78dqhBAK70EcSLpGCgzfJ/yoQ/UhAmZA638+vt+U="},"indexInfo":{"baseKey":"BVvvpi/pxCLsZNxprszKYVA2OfCAdV9k4ZISAEnc/sRR","baseKeyType":1,"closed":-1,"used":1706241574861,"created":1706241574861,"remoteIdentityKey":"BV8KCxrCR29nukhJf1twq4yqyWdw3DsEoWNo9x4packg"},"_chains":{"BdhJ4Sa4HIOsI9e8xl/PI8el8H8mskqBbKyvWNG+30lC":{"chainKey":{"counter":7,"key":"15DAcaJZQ/JMCNsj++ZU7p7F7OfUHKYwj1auq17kVZY="},"chainType":1,"messageKeys":{}}},"pendingPreKey":{"signedKeyId":1,"baseKey":"BVvvpi/pxCLsZNxprszKYVA2OfCAdV9k4ZISAEnc/sRR","preKeyId":14137236}}},"version":"v1"}