{"_sessions":{"BXsIOoUaShidi9Gi/20qp+8SIr5S+E/e2CcKZid85uMd":{"registrationId":1202775371,"currentRatchet":{"ephemeralKeyPair":{"pubKey":"BWQ12mtpm0YhzEnD7c0KdsPEsMWxWuIXXDCPc+gkefUh","privKey":"uDyCeSqK35DHoE6OfIxjCsdE29TlpDx66WV3BjGf+Ho="},"lastRemoteEphemeralKey":"BbVcOzqoBV9Rl+Yvu8RsGb26XbGxySClkRbqEPI8hNkt","previousCounter":1,"rootKey":"W7LUFLsaxKnZ3K/kwZzBu6LbrHz0EEPVssJ9H46oAig="},"indexInfo":{"baseKey":"BXsIOoUaShidi9Gi/20qp+8SIr5S+E/e2CcKZid85uMd","baseKeyType":1,"closed":-1,"used":1706260828237,"created":1706203228063,"remoteIdentityKey":"BbexpIfO2m5/kuU1MqN9kwAKT/27ptg29M+woVucl6h/"},"_chains":{"BbVcOzqoBV9Rl+Yvu8RsGb26XbGxySClkRbqEPI8hNkt":{"chainKey":{"counter":0,"key":"KEqDZlejyKYGtnrcgSc7rpTojfCZ3oMsMYXbOpOUrHM="},"chainType":2,"messageKeys":{}},"BWQ12mtpm0YhzEnD7c0KdsPEsMWxWuIXXDCPc+gkefUh":{"chainKey":{"counter":0,"key":"HVtzFZNO1xWWSjlVJgsOZjS+jq6q5RqxHupMFazT8Zw="},"chainType":1,"messageKeys":{}}}}},"version":"v1"}