{"_sessions":{"BXfqVd1extG+9HhcTtPCa0lq2dFshgVxlO3X2y2mhCZW":{"registrationId":468645498,"currentRatchet":{"ephemeralKeyPair":{"pubKey":"Bbez7SU43i7FffLd199UwWqoidX9tG+RZUYe8U3rwJ5l","privKey":"8N0t0naKrJtgPWzG6sn6Bucsu8xqzuwaKD20B4WJxEE="},"lastRemoteEphemeralKey":"BXMX1Kk8xwa2E2UI69Afo+MZf4xTugBaJq2WyDuBtjJe","previousCounter":0,"rootKey":"QUhpBfiYr9TtP344DPkDm1zVUSj7ofWGp/f1D+6JybI="},"indexInfo":{"baseKey":"BXfqVd1extG+9HhcTtPCa0lq2dFshgVxlO3X2y2mhCZW","baseKeyType":1,"closed":-1,"used":1706203228181,"created":1706203228181,"remoteIdentityKey":"BSlhuCATBuLRL3z5veTIuGl2NW4N4NkIqDXDPpSDumgF"},"_chains":{"Bbez7SU43i7FffLd199UwWqoidX9tG+RZUYe8U3rwJ5l":{"chainKey":{"counter":2,"key":"hjq2BHsKN3X3Qn+kzca+lBKbIEEnsRbk+N6NmuPvhlE="},"chainType":1,"messageKeys":{}}},"pendingPreKey":{"signedKeyId":7,"baseKey":"BXfqVd1extG+9HhcTtPCa0lq2dFshgVxlO3X2y2mhCZW","preKeyId":12965140}}},"version":"v1"}