{"_sessions":{"BRP8WEhA4YBrnK0Wli5WuGReBD1bO6IfPJtxshyCTnZr":{"registrationId":188944919,"currentRatchet":{"ephemeralKeyPair":{"pubKey":"BWnuVoP1Xrzr9CRjKvOuew8HplVaUAULGvhzaDKfJDR8","privKey":"aJNCoI3Y0e1hlqRj6YzBf5zUoLxhDQDwJs6uAfBgiVw="},"lastRemoteEphemeralKey":"BasgybvukvpSEZT49ey4q1/BrXUiziUFdK3jLYrHINI0","previousCounter":0,"rootKey":"oMBFl3VYOjd7vK8wZHs9fWUdZ0y8pY6xNNE5ocZc9WU="},"indexInfo":{"baseKey":"BRP8WEhA4YBrnK0Wli5WuGReBD1bO6IfPJtxshyCTnZr","baseKeyType":1,"closed":1706241574428,"used":1706241572918,"created":1706241572918,"remoteIdentityKey":"Bb26z9Up0PG4qUMVX9ACWSPfDLXtjOBYGXqlNECQQEVi"},"_chains":{"BWnuVoP1Xrzr9CRjKvOuew8HplVaUAULGvhzaDKfJDR8":{"chainKey":{"counter":-1,"key":"UGIgDsUcGbWsvoqlFL5tRU26YZ2bNJyuI+YyFFiBn7A="},"chainType":1,"messageKeys":{}}},"pendingPreKey":{"signedKeyId":2,"baseKey":"BRP8WEhA4YBrnK0Wli5WuGReBD1bO6IfPJtxshyCTnZr","preKeyId":14982647}},"BeErgcNXVBjCd0bKbPwq2Rv7A8jYzod1qJDhfkqO3dhU":{"registrationId":188944919,"currentRatchet":{"ephemeralKeyPair":{"pubKey":"BQWHLt0NlcEQiaEtsbnH90d7r/A1jeNJLoN3Trpsught","privKey":"AO2zTXsxs9z1jPDFXBRIrcd/zXUA3OUwiKP1dnI+g0o="},"lastRemoteEphemeralKey":"BasgybvukvpSEZT49ey4q1/BrXUiziUFdK3jLYrHINI0","previousCounter":0,"rootKey":"PMb+OWLBK1JWtMFBPZCEPE4eUZjHzlPlNPTITJgV91U="},"indexInfo":{"baseKey":"BeErgcNXVBjCd0bKbPwq2Rv7A8jYzod1qJDhfkqO3dhU","baseKeyType":1,"closed":-1,"used":1706241574424,"created":1706241574424,"remoteIdentityKey":"Bb26z9Up0PG4qUMVX9ACWSPfDLXtjOBYGXqlNECQQEVi"},"_chains":{"BQWHLt0NlcEQiaEtsbnH90d7r/A1jeNJLoN3Trpsught":{"chainKey":{"counter":7,"key":"5vrVjU+WdDTCIxv0StJ1Z6FGoRNiSd09cmAN7o3ptn8="},"chainType":1,"messageKeys":{}}},"pendingPreKey":{"signedKeyId":2,"baseKey":"BeErgcNXVBjCd0bKbPwq2Rv7A8jYzod1qJDhfkqO3dhU","preKeyId":14982127}}},"version":"v1"}