{"_sessions":{"Bck2Rdo1LTnwx3shZ4n/uBVN/CDJIh8NfVKmEuzjIiU1":{"registrationId":1126281893,"currentRatchet":{"ephemeralKeyPair":{"pubKey":"BYCBNfzLW+ZqnVGlKNlJGgLPZtNm+oYffUr8BYG4mIk2","privKey":"WBiENtR3TP4oEHlYS2AppzHFI3pDUKQBCoeY2KTh4ks="},"lastRemoteEphemeralKey":"BRMK71thwHtMTtdfWrcS+gYzLXIWdPYVc6Hw7M7ro8lH","previousCounter":0,"rootKey":"xrtzNzAhE1bge6ZzSqW9Nlt18OR0kLMbVIG+ntQRXiA="},"indexInfo":{"baseKey":"Bck2Rdo1LTnwx3shZ4n/uBVN/CDJIh8NfVKmEuzjIiU1","baseKeyType":1,"closed":-1,"used":1706203228136,"created":1706203228136,"remoteIdentityKey":"BUgIU1yh3qobSU4rDWwLyrfHsUySEpHYyJ3CvwIOBfsL"},"_chains":{"BYCBNfzLW+ZqnVGlKNlJGgLPZtNm+oYffUr8BYG4mIk2":{"chainKey":{"counter":2,"key":"kjo6jok6Ma4xqmKtpHOjrQ9OaNuy0CwcnDiBgzGBy5s="},"chainType":1,"messageKeys":{}}},"pendingPreKey":{"signedKeyId":5,"baseKey":"Bck2Rdo1LTnwx3shZ4n/uBVN/CDJIh8NfVKmEuzjIiU1"}}},"version":"v1"}