{"_sessions":{"BTdPzm7kU+NHhLyL37bJX3UIy7J58GaEeYbAnwHm5Tgn":{"registrationId":1370329623,"currentRatchet":{"ephemeralKeyPair":{"pubKey":"BTIbWFyJN2tBq1kVo7ngVQEW0+Mk4gzBkpizzyBwuL85","privKey":"cJ5KUNCCwHLyRMfAJ+sESw0/XoWrzMMtqcqenUFH2H0="},"lastRemoteEphemeralKey":"Be16rXe79xI0f61NTQuU0LOzRQPDsSbEtJwouZ6iij9i","previousCounter":0,"rootKey":"OpGwSt9FwaHADxB1OhegL/ozVhiq4cQWL+R6yEOo00o="},"indexInfo":{"baseKey":"BTdPzm7kU+NHhLyL37bJX3UIy7J58GaEeYbAnwHm5Tgn","baseKeyType":1,"closed":-1,"used":1706203228221,"created":1706203228221,"remoteIdentityKey":"BdpPKbWlHcB9RqPSeOw4r+fiOpFWhpWWPl4rWag3M4YL"},"_chains":{"BTIbWFyJN2tBq1kVo7ngVQEW0+Mk4gzBkpizzyBwuL85":{"chainKey":{"counter":2,"key":"kxBx4kmINKteiB62Imf7fhgFdTuS8ePK8DCpvBesXGc="},"chainType":1,"messageKeys":{}}},"pendingPreKey":{"signedKeyId":4,"baseKey":"BTdPzm7kU+NHhLyL37bJX3UIy7J58GaEeYbAnwHm5Tgn","preKeyId":9811156}}},"version":"v1"}