{"_sessions":{"Bde8l5WpOw+eScYwOqeMylC1lxMMrrzaU8oJBIWjAUh/":{"registrationId":537865970,"currentRatchet":{"ephemeralKeyPair":{"pubKey":"BXkjYvWeq7j6CHja0wmTP3YLHLSEE8WJScbRpkacABtX","privKey":"cDC7vYhJ82JsMORqha8dU4tmZDe/r2lw/JCLvJEsYkU="},"lastRemoteEphemeralKey":"Bf65+sOobN2F0wNFBQAGz9Rwx7n+C1eGW9Rr4oN8UNwO","previousCounter":0,"rootKey":"3cm3sYOec3VfyCTm+QgeewNCA5b3JToNZZ843FlHFbs="},"indexInfo":{"baseKey":"Bde8l5WpOw+eScYwOqeMylC1lxMMrrzaU8oJBIWjAUh/","baseKeyType":1,"closed":1706241574644,"used":1706241572978,"created":1706241572978,"remoteIdentityKey":"BWFV1AjLszUil8PRCAuVVdrtZ+hFNA/Q2+wvpeyWK7ZK"},"_chains":{"BXkjYvWeq7j6CHja0wmTP3YLHLSEE8WJScbRpkacABtX":{"chainKey":{"counter":-1,"key":"chwzBk8CIZFO+2xS90O5d7iNhTqwaaLuXCwPtj2uye0="},"chainType":1,"messageKeys":{}}},"pendingPreKey":{"signedKeyId":1,"baseKey":"Bde8l5WpOw+eScYwOqeMylC1lxMMrrzaU8oJBIWjAUh/","preKeyId":16331599}},"BYINaQy6gULvGrWC1aWTJMXV8pCKxlW/swwAssyDBqgj":{"registrationId":537865970,"currentRatchet":{"ephemeralKeyPair":{"pubKey":"BTNx4i2uPc/c4VNq86n38S0f5hVa5+b7NxacuZ64qmVw","privKey":"uHcyeK4ga/Jg3+QVaHrsoQaemAgQ5TBReedfyE6wRk4="},"lastRemoteEphemeralKey":"Bf65+sOobN2F0wNFBQAGz9Rwx7n+C1eGW9Rr4oN8UNwO","previousCounter":0,"rootKey":"+d5UK5jzdrCt2nZIHi41Beq3q2NuwuNqlz/v5GF6CXU="},"indexInfo":{"baseKey":"BYINaQy6gULvGrWC1aWTJMXV8pCKxlW/swwAssyDBqgj","baseKeyType":1,"closed":-1,"used":1706241574642,"created":1706241574642,"remoteIdentityKey":"BWFV1AjLszUil8PRCAuVVdrtZ+hFNA/Q2+wvpeyWK7ZK"},"_chains":{"BTNx4i2uPc/c4VNq86n38S0f5hVa5+b7NxacuZ64qmVw":{"chainKey":{"counter":7,"key":"2S/JaNJMBxQyxIHLPd1eC/HfA7ffdLTwf/kNzgd+IOQ="},"chainType":1,"messageKeys":{}}},"pendingPreKey":{"signedKeyId":1,"baseKey":"BYINaQy6gULvGrWC1aWTJMXV8pCKxlW/swwAssyDBqgj","preKeyId":16332144}}},"version":"v1"}