{"_sessions":{"BRjNdsBjkKd+7Ju1fGsgIi2TpgZdY/Tz465U97U83xZ4":{"registrationId":1216310262,"currentRatchet":{"ephemeralKeyPair":{"pubKey":"BcalCq9wlqDD2GZwdwzWUvPLwuDMQgJPPhD8zTBDIw1l","privKey":"cMONeSMOFsUntVsNUP2wHzvSBeQ9gNFRe2FN5QbSslE="},"lastRemoteEphemeralKey":"BfTQuTJ8VEB+5phSgD3BeihG54/vnGp29ZGssYnKt2Yq","previousCounter":0,"rootKey":"iskT0sMij0UFRPAr5Qe9HX7m15jK6Ui6mf69aPA7HIA="},"indexInfo":{"baseKey":"BRjNdsBjkKd+7Ju1fGsgIi2TpgZdY/Tz465U97U83xZ4","baseKeyType":1,"closed":1706241573617,"used":1706241572727,"created":1706241572727,"remoteIdentityKey":"BTjOSXD+krxA2HCK0OJCu6WMYkimlDqQdhN7IFQ47u8y"},"_chains":{"BcalCq9wlqDD2GZwdwzWUvPLwuDMQgJPPhD8zTBDIw1l":{"chainKey":{"counter":-1,"key":"9JTSX11XdciTP9etsv4pp6VKPn0UAUW1LazHuNSv1dw="},"chainType":1,"messageKeys":{}}},"pendingPreKey":{"signedKeyId":2,"baseKey":"BRjNdsBjkKd+7Ju1fGsgIi2TpgZdY/Tz465U97U83xZ4"}},"BY+cermZDhXNnvOXq4BX0yozb31mDrgYdPxKHlXAuH0d":{"registrationId":1216310262,"currentRatchet":{"ephemeralKeyPair":{"pubKey":"BdSHIr/o5hOGbsR2E4nkrr9TivVT5y4h2NgmXBiAqxEl","privKey":"uHR0cxB1UrB5/oXG9doSoyaK/05c1kpsOwd6Z8Ib6Uc="},"lastRemoteEphemeralKey":"BfTQuTJ8VEB+5phSgD3BeihG54/vnGp29ZGssYnKt2Yq","previousCounter":0,"rootKey":"PPob9OPh1NfZcB4SfnxUCCHHYlDjXmt+B0wSEbqhuXs="},"indexInfo":{"baseKey":"BY+cermZDhXNnvOXq4BX0yozb31mDrgYdPxKHlXAuH0d","baseKeyType":1,"closed":-1,"used":1706241573615,"created":1706241573615,"remoteIdentityKey":"BTjOSXD+krxA2HCK0OJCu6WMYkimlDqQdhN7IFQ47u8y"},"_chains":{"BdSHIr/o5hOGbsR2E4nkrr9TivVT5y4h2NgmXBiAqxEl":{"chainKey":{"counter":7,"key":"B370FXyUHXXgtEI/H5vvP2iFD3uI9gr6+fQlXq3LpUc="},"chainType":1,"messageKeys":{}}},"pendingPreKey":{"signedKeyId":2,"baseKey":"BY+cermZDhXNnvOXq4BX0yozb31mDrgYdPxKHlXAuH0d"}}},"version":"v1"}