{"_sessions":{"BUOFW/GPkpptfj9s3KQMHa35y2FPKzm2n3g80sOLntgO":{"registrationId":2006899259,"currentRatchet":{"ephemeralKeyPair":{"pubKey":"BdTT0f/bRCIlJadfJVTAeS8iJSkIcW73AC5R2NEIkuV0","privKey":"EAYRLxvrx6YfNd8pBrmIUvG5r+1sJ+w+HGhaJu8xaWk="},"lastRemoteEphemeralKey":"BRaSrjZCvZxcWqJKI2H+6zQR7SY9IBHG8WQ/lzhCk1wj","previousCounter":0,"rootKey":"Bk0jcZqQNFIEEy4n2IoKSCceNiBBwx3xs72QRe9dc1I="},"indexInfo":{"baseKey":"BUOFW/GPkpptfj9s3KQMHa35y2FPKzm2n3g80sOLntgO","baseKeyType":1,"closed":-1,"used":1706203228125,"created":1706203228125,"remoteIdentityKey":"Bc+p25TY21qAt/TiyMKDkBa9OvtpPybhzF52S0Avvlle"},"_chains":{"BdTT0f/bRCIlJadfJVTAeS8iJSkIcW73AC5R2NEIkuV0":{"chainKey":{"counter":2,"key":"IMGnhBZwDnM6IdcELS7zp74fgmiREzX5QrHppXvEpoc="},"chainType":1,"messageKeys":{}}},"pendingPreKey":{"signedKeyId":11,"baseKey":"BUOFW/GPkpptfj9s3KQMHa35y2FPKzm2n3g80sOLntgO","preKeyId":8499725}}},"version":"v1"}