{"_sessions":{"Bas71iYDbapnDq254RNedIkX6PKLpQk3psHZODjfHQpb":{"registrationId":161128485,"currentRatchet":{"ephemeralKeyPair":{"pubKey":"BbAgJ5KQ1ZtNlMtt7dXEHpw9DAeHVLdxQVxeb7ejMmA3","privKey":"qNGQqiWjAoaPG2yEq06ST/tbbEzdjitAjEeWxSCezV8="},"lastRemoteEphemeralKey":"BWG8o7E+sRePmwxBoPv47w7jxPyT29VB+jvhqXugBmwA","previousCounter":0,"rootKey":"jiduZfekydLe238f5B5R6OJTglz/wnq/4zIqZJq+bdQ="},"indexInfo":{"baseKey":"Bas71iYDbapnDq254RNedIkX6PKLpQk3psHZODjfHQpb","baseKeyType":1,"closed":-1,"used":1706203227971,"created":1706203227971,"remoteIdentityKey":"BV5VsTAhODcUUYFDIO9KzM9HLFlqpOAvAiTfkn07eckH"},"_chains":{"BbAgJ5KQ1ZtNlMtt7dXEHpw9DAeHVLdxQVxeb7ejMmA3":{"chainKey":{"counter":2,"key":"S2e5oGeGflvFxyRoWaWKR9K9c0J+9srS92eJhdPW/wg="},"chainType":1,"messageKeys":{}}},"pendingPreKey":{"signedKeyId":2,"baseKey":"Bas71iYDbapnDq254RNedIkX6PKLpQk3psHZODjfHQpb","preKeyId":8107633}}},"version":"v1"}