{"_sessions":{"BfDGiLWA4LkgH8rcG9uL2W6XhkXeq/z05DbqKT+WofQ/":{"registrationId":78786599,"currentRatchet":{"ephemeralKeyPair":{"pubKey":"BYgE+ak7HD2CzQ1a0yeD6TDiO52d9mONvCttWCfIav0J","privKey":"8OGPxK2gKTwKiJFXoKFZVLUXkf3o9YoEfyNL5+wg0Uk="},"lastRemoteEphemeralKey":"BZ34O0qFLJHF3Khlh52zTTPZxbjF8vCT29rQu7DSBjwJ","previousCounter":0,"rootKey":"8/LeiNP0n2m67iI+onxPuzb3hU5uJMM6j1THLui5c9U="},"indexInfo":{"baseKey":"BfDGiLWA4LkgH8rcG9uL2W6XhkXeq/z05DbqKT+WofQ/","baseKeyType":1,"closed":1706241574285,"used":1706241572878,"created":1706241572878,"remoteIdentityKey":"BSJSFKcUah5Luye+Ybzs0ki4iLPXdh6J/SNwez+PSxww"},"_chains":{"BYgE+ak7HD2CzQ1a0yeD6TDiO52d9mONvCttWCfIav0J":{"chainKey":{"counter":-1,"key":"HOVfx8mfM6/QpgZNXEUhemwl0gP4HYvHffcPaFbqH9g="},"chainType":1,"messageKeys":{}}},"pendingPreKey":{"signedKeyId":0,"baseKey":"BfDGiLWA4LkgH8rcG9uL2W6XhkXeq/z05DbqKT+WofQ/"}},"BYiOZthPxyhLsXjsmEHyPEE8aD4AU2Mtd8n3ETi8BvYy":{"registrationId":78786599,"currentRatchet":{"ephemeralKeyPair":{"pubKey":"BVp1iaJj45A8CAf2T4OQCajBo+wBHBc7KjDJkpP9Ech/","privKey":"kAoKq27zfEOgooARM/6LkwmoalzQocx1vsJgV9QzhEA="},"lastRemoteEphemeralKey":"BZ34O0qFLJHF3Khlh52zTTPZxbjF8vCT29rQu7DSBjwJ","previousCounter":0,"rootKey":"p2ejTBump9/8o0D+LtY7dO2MqSR1J8P0d/2bhEfq0Eo="},"indexInfo":{"baseKey":"BYiOZthPxyhLsXjsmEHyPEE8aD4AU2Mtd8n3ETi8BvYy","baseKeyType":1,"closed":-1,"used":1706241574282,"created":1706241574282,"remoteIdentityKey":"BSJSFKcUah5Luye+Ybzs0ki4iLPXdh6J/SNwez+PSxww"},"_chains":{"BVp1iaJj45A8CAf2T4OQCajBo+wBHBc7KjDJkpP9Ech/":{"chainKey":{"counter":7,"key":"W+PnSOqxtcZ6cDFKWREK2D3KvqamNSOJ4rk2EyoIIq8="},"chainType":1,"messageKeys":{}}},"pendingPreKey":{"signedKeyId":0,"baseKey":"BYiOZthPxyhLsXjsmEHyPEE8aD4AU2Mtd8n3ETi8BvYy"}}},"version":"v1"}