{"_sessions":{"BQ/S4CDh/FQn1UYXLADZPRyrNA44G821weW1umJnUls+":{"registrationId":1389459553,"currentRatchet":{"ephemeralKeyPair":{"pubKey":"Bbnax5GQHqaIHrdkKNaChbH/Vo9bGWPIsqjrGqpIFGpO","privKey":"CEc9IFMWmCly8t4O6Q/j/c4OdMW0jS/Am2jDcFNP/0I="},"lastRemoteEphemeralKey":"BdMZOCG2zKebGW8VANnUWgxUNDqOq1K5ACvmtwetMtcd","previousCounter":0,"rootKey":"BXNZaYIrIZtsKKVKwTYOIfzSQrhD6YW3WBivIT0vVG0="},"indexInfo":{"baseKey":"BQ/S4CDh/FQn1UYXLADZPRyrNA44G821weW1umJnUls+","baseKeyType":1,"closed":-1,"used":1706203228084,"created":1706203228084,"remoteIdentityKey":"BUBMSWcTApOp9/YBVkA/96vQTsH2KiBY9kDfkagIf3RE"},"_chains":{"Bbnax5GQHqaIHrdkKNaChbH/Vo9bGWPIsqjrGqpIFGpO":{"chainKey":{"counter":2,"key":"XYk+XvKruhKpvGcMhszZtllEH7erRxhYqWuTdo/mwMM="},"chainType":1,"messageKeys":{}}},"pendingPreKey":{"signedKeyId":8,"baseKey":"BQ/S4CDh/FQn1UYXLADZPRyrNA44G821weW1umJnUls+","preKeyId":14431974}}},"version":"v1"}