{"_sessions":{"BWF8X77Mh5RN+xej+CWRX/9spKiDDwCoomoCHuh2b7YM":{"registrationId":1912740746,"currentRatchet":{"ephemeralKeyPair":{"pubKey":"BaaYHmc463nL3Fo8gb/zbONTtQNcbLkhf5hEu0KjPiE+","privKey":"oFLF6oFC+//L8PL8/NkIEuvpMI9qsswphs5nYKXwZHA="},"lastRemoteEphemeralKey":"BVbBXj1OCYExv91Nd+8OzAPZgMuB3IlzPIls0PulsWQe","previousCounter":0,"rootKey":"bMAvNGJ8sUrmEx66jJ4Oxp0BtPXrtcOgitP2QkuDSL0="},"indexInfo":{"baseKey":"BWF8X77Mh5RN+xej+CWRX/9spKiDDwCoomoCHuh2b7YM","baseKeyType":1,"closed":1706241574030,"used":1706241572825,"created":1706241572825,"remoteIdentityKey":"BYHxcduYJmJciHe8Iss8lU56M1VkKTWzt/DwFx7c7TdB"},"_chains":{"BaaYHmc463nL3Fo8gb/zbONTtQNcbLkhf5hEu0KjPiE+":{"chainKey":{"counter":-1,"key":"Av9fwmmeiedw8aDJ+EAOyhzNVHwCH8RdWF8w2EJ2JCY="},"chainType":1,"messageKeys":{}}},"pendingPreKey":{"signedKeyId":1,"baseKey":"BWF8X77Mh5RN+xej+CWRX/9spKiDDwCoomoCHuh2b7YM","preKeyId":5867882}},"BWrZVGG8k6cGORdzQM20iS1nSuOmKu6U9/oDy9SF8dlz":{"registrationId":1912740746,"currentRatchet":{"ephemeralKeyPair":{"pubKey":"BaP6boepKGoZVgjlHUSaUVsjUC+1kCcVPMOQVJEBWIIJ","privKey":"UIJ6XDETQtIFFHB7F2excSijRZhGPEUIb9NTekl46lI="},"lastRemoteEphemeralKey":"BVbBXj1OCYExv91Nd+8OzAPZgMuB3IlzPIls0PulsWQe","previousCounter":0,"rootKey":"SM/3+O9XP1R4j9cTJQoTC+tPY0Dre5fd3x5Ew15DZd0="},"indexInfo":{"baseKey":"BWrZVGG8k6cGORdzQM20iS1nSuOmKu6U9/oDy9SF8dlz","baseKeyType":1,"closed":-1,"used":1706241574027,"created":1706241574027,"remoteIdentityKey":"BYHxcduYJmJciHe8Iss8lU56M1VkKTWzt/DwFx7c7TdB"},"_chains":{"BaP6boepKGoZVgjlHUSaUVsjUC+1kCcVPMOQVJEBWIIJ":{"chainKey":{"counter":7,"key":"tIZ5jRc+GjvMeRZNgJgltR2ienmyj7GHYiitzjio2Xc="},"chainType":1,"messageKeys":{}}},"pendingPreKey":{"signedKeyId":1,"baseKey":"BWrZVGG8k6cGORdzQM20iS1nSuOmKu6U9/oDy9SF8dlz","preKeyId":5867886}}},"version":"v1"}