{"_sessions":{"BSGDpYAUU0s1E2OVZRnAlkxIkIn3q0g0oXfHRpjP9ehM":{"registrationId":1235647501,"currentRatchet":{"ephemeralKeyPair":{"pubKey":"BXfc9hnze8LbKDgordlztSMuZ8XClis4bGccj5XUb2w0","privKey":"IEkIjfNUQLQLKE+QA3hAr61L8PprlML7K8MVogHdI14="},"lastRemoteEphemeralKey":"BQhm+QvRSf70lGyy6EaTiF9RT7VSBMSYGEL1AZNEKjdg","previousCounter":0,"rootKey":"Dco/z/OZRAejJwDD/KKudpbkzHvSqvyiLd+3MUMH0rE="},"indexInfo":{"baseKey":"BSGDpYAUU0s1E2OVZRnAlkxIkIn3q0g0oXfHRpjP9ehM","baseKeyType":1,"closed":1706241574495,"used":1706241572940,"created":1706241572940,"remoteIdentityKey":"BdU27PvXhX8soZmkJuQURehJ4Tt7e0UzDRRNPgRXLdZx"},"_chains":{"BXfc9hnze8LbKDgordlztSMuZ8XClis4bGccj5XUb2w0":{"chainKey":{"counter":-1,"key":"0CFoUeXYqsx03v9X4VWsiaifMwMdwdKw7EzKW803WQ8="},"chainType":1,"messageKeys":{}}},"pendingPreKey":{"signedKeyId":11,"baseKey":"BSGDpYAUU0s1E2OVZRnAlkxIkIn3q0g0oXfHRpjP9ehM","preKeyId":9429433}},"BTKA9MLJM5ElQhhfj6zBiiOL3Ltn1hajb8bBYYj8KZRz":{"registrationId":1235647501,"currentRatchet":{"ephemeralKeyPair":{"pubKey":"BRJ32sX7AEGuaRB8yDUloPlOHgVbwfTkmJHW6O7gSh93","privKey":"QLBtSZ14ZSHjwS1om63POdfX6BaOjt9/8g0xSeqkqHY="},"lastRemoteEphemeralKey":"BQhm+QvRSf70lGyy6EaTiF9RT7VSBMSYGEL1AZNEKjdg","previousCounter":0,"rootKey":"xbIEzOtfB0MHHU+w8XCjGMBcfP3Kfn39RHIvlni/tNM="},"indexInfo":{"baseKey":"BTKA9MLJM5ElQhhfj6zBiiOL3Ltn1hajb8bBYYj8KZRz","baseKeyType":1,"closed":-1,"used":1706241574493,"created":1706241574493,"remoteIdentityKey":"BdU27PvXhX8soZmkJuQURehJ4Tt7e0UzDRRNPgRXLdZx"},"_chains":{"BRJ32sX7AEGuaRB8yDUloPlOHgVbwfTkmJHW6O7gSh93":{"chainKey":{"counter":7,"key":"dEMNL/nse2nsQ3INlfXMjHu2HQuq+DZmBfYj40cFd9w="},"chainType":1,"messageKeys":{}}},"pendingPreKey":{"signedKeyId":11,"baseKey":"BTKA9MLJM5ElQhhfj6zBiiOL3Ltn1hajb8bBYYj8KZRz","preKeyId":9429656}}},"version":"v1"}