{"_sessions":{"BVL1ggFYtvT6siHzDAWdr04N60YqI6lkWZhvpvAVIfES":{"registrationId":1780181496,"currentRatchet":{"ephemeralKeyPair":{"pubKey":"Bd1OIp5y7O5h55UNv0CtJi0NMeLLq3E2IeURKlLQIzdW","privKey":"mH7yHBufopDG5rWCtPxV6xR64ssOqq5JMwnkvlmP1Wo="},"lastRemoteEphemeralKey":"BSoJJoAdQnjyOlNbhHG3ysj+B5ciYVzfi+PGisPl/khK","previousCounter":0,"rootKey":"4qEqJJilcjxMFcqvWY4UW8NEXYcDQSA6BZ3nq2KhlUM="},"indexInfo":{"baseKey":"BVL1ggFYtvT6siHzDAWdr04N60YqI6lkWZhvpvAVIfES","baseKeyType":1,"closed":1706241574081,"used":1706241572838,"created":1706241572838,"remoteIdentityKey":"BeUyySKkPVjlZST6JhDcJ1I2e2ySbbhpCyV6m7NzPK8R"},"_chains":{"Bd1OIp5y7O5h55UNv0CtJi0NMeLLq3E2IeURKlLQIzdW":{"chainKey":{"counter":-1,"key":"Y6Rhh8u0Zh6KxiY1C7P4HSIerGdm5zhtor9yOjYaXiM="},"chainType":1,"messageKeys":{}}},"pendingPreKey":{"signedKeyId":1,"baseKey":"BVL1ggFYtvT6siHzDAWdr04N60YqI6lkWZhvpvAVIfES","preKeyId":5315395}},"BcLipMtfW/RzS46x7IIjaFwJB5FZBJ/c1JgSCR9reNMS":{"registrationId":1780181496,"currentRatchet":{"ephemeralKeyPair":{"pubKey":"BQifSY9Ol27oHYbZQLekrpuCuqxt83aRqH1RYXSCXvRA","privKey":"CE8Lfo0rweS+l1diJh8pnH1xjk4N3UKNyLqTHGX9zmI="},"lastRemoteEphemeralKey":"BSoJJoAdQnjyOlNbhHG3ysj+B5ciYVzfi+PGisPl/khK","previousCounter":0,"rootKey":"lbozM920Lw8TWx8WMKlhJa1cBNAZ9qXAKLyQC+TmaMs="},"indexInfo":{"baseKey":"BcLipMtfW/RzS46x7IIjaFwJB5FZBJ/c1JgSCR9reNMS","baseKeyType":1,"closed":-1,"used":1706241574079,"created":1706241574079,"remoteIdentityKey":"BeUyySKkPVjlZST6JhDcJ1I2e2ySbbhpCyV6m7NzPK8R"},"_chains":{"BQifSY9Ol27oHYbZQLekrpuCuqxt83aRqH1RYXSCXvRA":{"chainKey":{"counter":7,"key":"4Mr1WPpsEiQxdZ6QpCPnQcFe99O+ABapUE+0b1GjGAQ="},"chainType":1,"messageKeys":{}}},"pendingPreKey":{"signedKeyId":1,"baseKey":"BcLipMtfW/RzS46x7IIjaFwJB5FZBJ/c1JgSCR9reNMS","preKeyId":5315379}}},"version":"v1"}