{"_sessions":{"BceqwcCx+lvWimGjt0ZPsXHvYz577jgKHPKIvuY0r7Ml":{"registrationId":1429330437,"currentRatchet":{"ephemeralKeyPair":{"pubKey":"BeuW86pEGt+cE0TKETA82lzhY3jLwqYRIiloOZukqOBq","privKey":"CIYPXsGkYKFEMgztMTF4GsscCw64YZrzzp8mPq8cYEc="},"lastRemoteEphemeralKey":"BeoQwMGFjuA+jNVaGV5Wh6gur61HQi+cN7wzM2OWd+Mz","previousCounter":2,"rootKey":"WmPXwoM8stOhDggcN/RhBiDFtuTI/MMhy1MsebQlfqg="},"indexInfo":{"baseKey":"BceqwcCx+lvWimGjt0ZPsXHvYz577jgKHPKIvuY0r7Ml","baseKeyType":1,"closed":-1,"used":1706273156529,"created":1706203228285,"remoteIdentityKey":"BUtqMiUfr6CgI3+TI/I1iVsy3cpcXDdqrwzg4tCNQBwl"},"_chains":{"BeoQwMGFjuA+jNVaGV5Wh6gur61HQi+cN7wzM2OWd+Mz":{"chainKey":{"counter":0,"key":"YPd2/kD+jZd11Bo1roDmiFJQEXPRCoHaYXL0iLX9Ubs="},"chainType":2,"messageKeys":{}},"BeuW86pEGt+cE0TKETA82lzhY3jLwqYRIiloOZukqOBq":{"chainKey":{"counter":-1,"key":"as5Hnc8ZWP1uxC55BKBWVUNKsylyhOjl5Z6ML9jk0mY="},"chainType":1,"messageKeys":{}}}}},"version":"v1"}