{"_sessions":{"BfbnKN7e3LrwsNzldrE/k3xlJVBwRkACmbCCgRbR9bI3":{"registrationId":1295359853,"currentRatchet":{"ephemeralKeyPair":{"pubKey":"BaFNVHwSrbyd+iYhRCLBlBs9HiDYBfRS+AABfKjDjmxd","privKey":"COEd6D4szmbb9LSApunSsepzCRW4IsSpq32DNeEwHl4="},"lastRemoteEphemeralKey":"Bcc2ArOLgZ5IFZ16Zu4HFTTy0T04qqVni5qziTQbjto1","previousCounter":0,"rootKey":"lcxoc/84HHhQ4VhYfMmhY/47U/qu7sAQ2XGlCUgQhp8="},"indexInfo":{"baseKey":"BfbnKN7e3LrwsNzldrE/k3xlJVBwRkACmbCCgRbR9bI3","baseKeyType":1,"closed":1706241574446,"used":1706241572925,"created":1706241572925,"remoteIdentityKey":"BZDpBi5OCTUUWRzCubJ7jQstmpfNR0FTfc7azopUOOVH"},"_chains":{"BaFNVHwSrbyd+iYhRCLBlBs9HiDYBfRS+AABfKjDjmxd":{"chainKey":{"counter":-1,"key":"PINpcxbEb+asDZ/Ck7twa04uhwEynJXoXO/kUAShdng="},"chainType":1,"messageKeys":{}}},"pendingPreKey":{"signedKeyId":2,"baseKey":"BfbnKN7e3LrwsNzldrE/k3xlJVBwRkACmbCCgRbR9bI3","preKeyId":9197746}},"BSnIdlnzaaCw9uLyOHOBFM6zJAzoWh4G/7kL4wMTbmpp":{"registrationId":1295359853,"currentRatchet":{"ephemeralKeyPair":{"pubKey":"BZKqGj09jWHS7CNqgP4E2irM0NXDLgIngu2jM1+fmeBV","privKey":"oBOvNw6cDnhnWm6C1NyQ1tEVnZnfUqyOJmvpLqdjcmI="},"lastRemoteEphemeralKey":"Bcc2ArOLgZ5IFZ16Zu4HFTTy0T04qqVni5qziTQbjto1","previousCounter":0,"rootKey":"Q566u2ZKcKUJkSuGJpnjJfcQAWsqq8HYhR5xHCFIvag="},"indexInfo":{"baseKey":"BSnIdlnzaaCw9uLyOHOBFM6zJAzoWh4G/7kL4wMTbmpp","baseKeyType":1,"closed":-1,"used":1706241574444,"created":1706241574444,"remoteIdentityKey":"BZDpBi5OCTUUWRzCubJ7jQstmpfNR0FTfc7azopUOOVH"},"_chains":{"BZKqGj09jWHS7CNqgP4E2irM0NXDLgIngu2jM1+fmeBV":{"chainKey":{"counter":7,"key":"l0cyQT1voT8UIYNnr0FmRlmNFJ1NjbG2vlUE4Lz7T88="},"chainType":1,"messageKeys":{}}},"pendingPreKey":{"signedKeyId":2,"baseKey":"BSnIdlnzaaCw9uLyOHOBFM6zJAzoWh4G/7kL4wMTbmpp","preKeyId":9197801}}},"version":"v1"}