{"_sessions":{"BaqwzEifA+3nWTAhBXgsmEQOWt8nBNiGmCASbFI79tt0":{"registrationId":1793775922,"currentRatchet":{"ephemeralKeyPair":{"pubKey":"BdcQOCPuaWlr4HHbRLxynhOkO4lm+sKb1NF0VxoRYRkz","privKey":"uIvmtI3td4jm17/e1UvLVAQ8vKNgaDoaTGpY29xeAUI="},"lastRemoteEphemeralKey":"BU52XnLO8ml/0iWy4kN8I8JnTExO130OMYKmKtHAU7Rm","previousCounter":1,"rootKey":"Y8wc5WRskf+UnN3de3gkX8xpq0eRtNSnJASwWn7Da/E="},"indexInfo":{"baseKey":"BaqwzEifA+3nWTAhBXgsmEQOWt8nBNiGmCASbFI79tt0","baseKeyType":1,"closed":-1,"used":1706237741604,"created":1706203228236,"remoteIdentityKey":"BfnwegNGL9uwqg2XzSOmbnBRcQJeLCMp6sr7M7uMNng3"},"_chains":{"BU52XnLO8ml/0iWy4kN8I8JnTExO130OMYKmKtHAU7Rm":{"chainKey":{"counter":1,"key":"t1tUba7RKXJoiOjeCs3aBKyU21aeLLpC6foX8hfrp3s="},"chainType":2,"messageKeys":{}},"BdcQOCPuaWlr4HHbRLxynhOkO4lm+sKb1NF0VxoRYRkz":{"chainKey":{"counter":0,"key":"oJ2fT9DyQbwIEDWbXMuLwl61xR0K+mM0Q1blq94r3I0="},"chainType":1,"messageKeys":{}}}}},"version":"v1"}