{"_sessions":{"BausJBGdwUsXsfFlCVeMJqXQDuvd9bos9Mh8OGPLebkm":{"registrationId":846009007,"currentRatchet":{"ephemeralKeyPair":{"pubKey":"BRn5tY71EQDv6X7w341pQWELeNOfar/0ho5ey4iiCdkK","privKey":"IL9fTOVBXEsmfl1DqrHVFtwx7E0aysB1zViB+Yd3Pmw="},"lastRemoteEphemeralKey":"Bdm/JU8s2IRLi3mGabSkBw6knhE4k7G2GzWXueXlCURk","previousCounter":0,"rootKey":"IIjFKtyBb4cBMbpH8Vbq4gkAr9yG3JcMS1z0VLTFU3c="},"indexInfo":{"baseKey":"BausJBGdwUsXsfFlCVeMJqXQDuvd9bos9Mh8OGPLebkm","baseKeyType":1,"closed":-1,"used":1706203228247,"created":1706203228247,"remoteIdentityKey":"BQxtSCjqTsiicwTDaKQI/XGQp6U+IF+qn6NAGU7VyY93"},"_chains":{"BRn5tY71EQDv6X7w341pQWELeNOfar/0ho5ey4iiCdkK":{"chainKey":{"counter":2,"key":"iwaHtuT9BgFiY/bsr3jGjSMzedEz0ivrt0w1DiASh5Y="},"chainType":1,"messageKeys":{}}},"pendingPreKey":{"signedKeyId":0,"baseKey":"BausJBGdwUsXsfFlCVeMJqXQDuvd9bos9Mh8OGPLebkm"}}},"version":"v1"}