{"_sessions":{"BRLGLInipE8h0E8d36x1uczYoKNFSX+Xgxd1JtABRXwD":{"registrationId":1192783965,"currentRatchet":{"ephemeralKeyPair":{"pubKey":"BW1YyRqcI3NXqanAUZVLN4zqE599sI7DhRe3n1COMrxz","privKey":"sBr0sAjyB9NG0teFWkzJkxk1XTFFWCQr2UMGQxDtQFc="},"lastRemoteEphemeralKey":"BVDgyj0veWOx609yavWQWQXzXLrWR7C6jZ2P+6pqcSlq","previousCounter":2,"rootKey":"Q8O9GOeQ137sXXsYYzP9TEy1aUS58vkbyxcQxCSuuog="},"indexInfo":{"baseKey":"BRLGLInipE8h0E8d36x1uczYoKNFSX+Xgxd1JtABRXwD","baseKeyType":1,"closed":-1,"used":1706273474731,"created":1706203228131,"remoteIdentityKey":"BRN/+nS83q4bYr983KyupzqT4V15jaYqihXDyMLtIs9z"},"_chains":{"BVDgyj0veWOx609yavWQWQXzXLrWR7C6jZ2P+6pqcSlq":{"chainKey":{"counter":0,"key":"tQnU6aBLAFHlH7SWS2B0L+zq7NyGvVFnmFvmiRmRnlo="},"chainType":2,"messageKeys":{}},"BW1YyRqcI3NXqanAUZVLN4zqE599sI7DhRe3n1COMrxz":{"chainKey":{"counter":-1,"key":"ylQLaW/BBkbvMOxt3dvsk9WkxUpW89zUPo50a5TpXvI="},"chainType":1,"messageKeys":{}}}}},"version":"v1"}