{"_sessions":{"Bbv3rOIv5fjp2OhO6EwY8VsuHmn+cSoRDvl+0CwbJmsn":{"registrationId":942428437,"currentRatchet":{"ephemeralKeyPair":{"pubKey":"Baa/LVXWPapvHKJGXkH8K0fJFtqfHscFhxTomEvQ/OVO","privKey":"MJXPu2WAc9HwYeEnAw1TDpODD9hWKmOr59kgwCddhFM="},"lastRemoteEphemeralKey":"BUgBiEnGqBmK3z0nnl4JGxrAvdrLwZzealsGsIUFgkFw","previousCounter":0,"rootKey":"SoWtd7pyuPEi63eKLa0AHEp9rj5cop4eyK/kiMbH2Hk="},"indexInfo":{"baseKey":"Bbv3rOIv5fjp2OhO6EwY8VsuHmn+cSoRDvl+0CwbJmsn","baseKeyType":1,"closed":1706241573547,"used":1706241572713,"created":1706241572713,"remoteIdentityKey":"BWwssIbpiFHScgSU1jC+kJ/hPmid2I5+UhXfEvNUFWhj"},"_chains":{"Baa/LVXWPapvHKJGXkH8K0fJFtqfHscFhxTomEvQ/OVO":{"chainKey":{"counter":-1,"key":"e7Q4xG94TD4MxtNAuVknht+Nh0umep5YgBG0bROn0Ts="},"chainType":1,"messageKeys":{}}},"pendingPreKey":{"signedKeyId":0,"baseKey":"Bbv3rOIv5fjp2OhO6EwY8VsuHmn+cSoRDvl+0CwbJmsn","preKeyId":14852520}},"BQTrtC0hhi0482JqIvXlJ0FGbEC2nYq15Na3aDBsNnYb":{"registrationId":942428437,"currentRatchet":{"ephemeralKeyPair":{"pubKey":"BY/NfjsFMU0s456bVnZuaBFgU4RQhH49zHFuwwxroMQH","privKey":"EIKYuLBthtGnCz98CkkiJ3QQ/MSP59yzZtkNcVZu2lU="},"lastRemoteEphemeralKey":"BUgBiEnGqBmK3z0nnl4JGxrAvdrLwZzealsGsIUFgkFw","previousCounter":0,"rootKey":"S89J3mMisGnJHX9BnQXW21Ej0KS7hehzs32ZkMTjgyM="},"indexInfo":{"baseKey":"BQTrtC0hhi0482JqIvXlJ0FGbEC2nYq15Na3aDBsNnYb","baseKeyType":1,"closed":-1,"used":1706241573545,"created":1706241573545,"remoteIdentityKey":"BWwssIbpiFHScgSU1jC+kJ/hPmid2I5+UhXfEvNUFWhj"},"_chains":{"BY/NfjsFMU0s456bVnZuaBFgU4RQhH49zHFuwwxroMQH":{"chainKey":{"counter":7,"key":"ja+TC3cZ7gGddm3j4VvHNSe+yVMAq3v34iucscKYppk="},"chainType":1,"messageKeys":{}}},"pendingPreKey":{"signedKeyId":0,"baseKey":"BQTrtC0hhi0482JqIvXlJ0FGbEC2nYq15Na3aDBsNnYb","preKeyId":14852681}}},"version":"v1"}