{"_sessions":{"BW50H7tyBYI4l6IrJTaRLElZt1dvYTwtjoJ86pMLUvZQ":{"registrationId":1825036534,"currentRatchet":{"ephemeralKeyPair":{"pubKey":"BcumekeIc/4GOZPCnTOtHxcuuN4ivr/FZyOEULg25Wle","privKey":"mCoKLcRjw3uurPLnUtd0pvJIg3FP7iSZdLiUBtpMkW0="},"lastRemoteEphemeralKey":"BevzTxmSqsiy7uhQDXYTJOYhGFGP2UDoXMDXTBRVcYcu","previousCounter":0,"rootKey":"pM3bBTuPlw8DagDLkvf6RO+eHf/4NTL/yWB3T7VYUrs="},"indexInfo":{"baseKey":"BW50H7tyBYI4l6IrJTaRLElZt1dvYTwtjoJ86pMLUvZQ","baseKeyType":1,"closed":1706241574719,"used":1706241573004,"created":1706241573004,"remoteIdentityKey":"BdrgSsQOTr/KdV7TKPikQof1n3lgFcFh0ApiUZ3Zb04I"},"_chains":{"BcumekeIc/4GOZPCnTOtHxcuuN4ivr/FZyOEULg25Wle":{"chainKey":{"counter":-1,"key":"4+bMNlCcm47ozdYGkHI4cBNZ5ExrnpnyLCzPQduokn8="},"chainType":1,"messageKeys":{}}},"pendingPreKey":{"signedKeyId":7,"baseKey":"BW50H7tyBYI4l6IrJTaRLElZt1dvYTwtjoJ86pMLUvZQ","preKeyId":1381468}},"BTMe8rPmX4t6oVXEADnNXl8mWdfy8kNe3EtZhf24bolT":{"registrationId":1825036534,"currentRatchet":{"ephemeralKeyPair":{"pubKey":"BT2dTC4Vetjk9ye9Ag54dNJ0C9/wz5tHRu1SiVGab94f","privKey":"IOAKG4brgWPsPrrsfsdKHM4aWSYxMXflEhYkiP3EJ1Y="},"lastRemoteEphemeralKey":"BevzTxmSqsiy7uhQDXYTJOYhGFGP2UDoXMDXTBRVcYcu","previousCounter":0,"rootKey":"qSG95p4/mI7jvsIf7AFcRx3g4bdN4YH9HymLqAhAFy8="},"indexInfo":{"baseKey":"BTMe8rPmX4t6oVXEADnNXl8mWdfy8kNe3EtZhf24bolT","baseKeyType":1,"closed":-1,"used":1706241574717,"created":1706241574717,"remoteIdentityKey":"BdrgSsQOTr/KdV7TKPikQof1n3lgFcFh0ApiUZ3Zb04I"},"_chains":{"BT2dTC4Vetjk9ye9Ag54dNJ0C9/wz5tHRu1SiVGab94f":{"chainKey":{"counter":7,"key":"17QK0746MEft8daik0jggIMPT7wS6sNxup19B6jUzIE="},"chainType":1,"messageKeys":{}}},"pendingPreKey":{"signedKeyId":7,"baseKey":"BTMe8rPmX4t6oVXEADnNXl8mWdfy8kNe3EtZhf24bolT","preKeyId":1381828}}},"version":"v1"}