{"_sessions":{"BdSzzKM6pmZ65PrrCHKI2mKVpQF9iTEjlAab/8wRQMQa":{"registrationId":1663813654,"currentRatchet":{"ephemeralKeyPair":{"pubKey":"BeTwYp9u52MMgSeLogPh5qIreBb5efUWr9sxI94+5EgC","privKey":"wCLvXpOfuMMfXKPskuG50yOZAmvlKWTZVip0dgXL01s="},"lastRemoteEphemeralKey":"BQncq6jSSpEyIX4kJzrDucZBvx0u/4O38stxyytwj5Rx","previousCounter":0,"rootKey":"lh/n3JKFYIgRDnxe5Dy4g6SUKqrM+y4Fg4Kq1E3XKZM="},"indexInfo":{"baseKey":"BdSzzKM6pmZ65PrrCHKI2mKVpQF9iTEjlAab/8wRQMQa","baseKeyType":1,"closed":-1,"used":1706203228109,"created":1706203228109,"remoteIdentityKey":"BXl6us9+xrlHPBkUOIf8ZklLEKTeYTZ+BAC8iL4S6uNf"},"_chains":{"BeTwYp9u52MMgSeLogPh5qIreBb5efUWr9sxI94+5EgC":{"chainKey":{"counter":10,"key":"CidNXBnHs3OaQ45XFibyH/LuYCMUxlwNdXw6IIq4oY8="},"chainType":1,"messageKeys":{}}},"pendingPreKey":{"signedKeyId":15,"baseKey":"BdSzzKM6pmZ65PrrCHKI2mKVpQF9iTEjlAab/8wRQMQa"}}},"version":"v1"}