{"_sessions":{"Ba/m2e3yYuLOMCKhCKQp440nG27BhEkeekGy6a5OSHcM":{"registrationId":337698657,"currentRatchet":{"ephemeralKeyPair":{"pubKey":"BZarIMgUqR0f990ypHrxucwgeUsiOLlM3ej6auEgNYEI","privKey":"uGCzP/i/YfVeTlz0NptFHpUaOxbNCx5n1tyb8ti3Gmk="},"lastRemoteEphemeralKey":"BR14ll5LmbR9YUvKB64lZ4I7Gxi/jy2hxjYzXG/J/K0b","previousCounter":0,"rootKey":"pU9DLKSFWDH5HKTlTbGCXHpaJDxZvADyvmbjD+l1rUU="},"indexInfo":{"baseKey":"Ba/m2e3yYuLOMCKhCKQp440nG27BhEkeekGy6a5OSHcM","baseKeyType":1,"closed":-1,"used":1706203228202,"created":1706203228202,"remoteIdentityKey":"BYe/M4rLpyDnVtIeLG8IkO2ug/DYSLevN1fhniQXA7cL"},"_chains":{"BZarIMgUqR0f990ypHrxucwgeUsiOLlM3ej6auEgNYEI":{"chainKey":{"counter":2,"key":"naNCfvH1Bm9nAfZjQD69tJnRF3QpCmThIUsmGhpkU6o="},"chainType":1,"messageKeys":{}}},"pendingPreKey":{"signedKeyId":2,"baseKey":"Ba/m2e3yYuLOMCKhCKQp440nG27BhEkeekGy6a5OSHcM","preKeyId":12479292}}},"version":"v1"}