{"_sessions":{"BSQYqETFkqzqdQj7WIDq1QRXm9VjOxm8UW0fSYowdJkz":{"registrationId":126582811,"currentRatchet":{"ephemeralKeyPair":{"pubKey":"BXTqiJoyApELMg3pIBMhl1uHu9+mwmS2axO7XxuJcZsW","privKey":"YP5IrozvDQtpRaVhKoEZXFf+aC4SVnMQuM7+W+cLdkQ="},"lastRemoteEphemeralKey":"Bfzm4VyAqOcucIYGJ5WObVrs17Ix8u6cQM70RDKdGE92","previousCounter":0,"rootKey":"xh05ySJflUO73ew+MQQKpgCvFPL01FUgz/ingg9zet4="},"indexInfo":{"baseKey":"BSQYqETFkqzqdQj7WIDq1QRXm9VjOxm8UW0fSYowdJkz","baseKeyType":1,"closed":-1,"used":1706203228164,"created":1706203228164,"remoteIdentityKey":"Bb2yJTTNV6K67JnbDXTE0ltwXxT+btuIMrQ10nC/cRFB"},"_chains":{"BXTqiJoyApELMg3pIBMhl1uHu9+mwmS2axO7XxuJcZsW":{"chainKey":{"counter":2,"key":"nQqMtKkX+LQQoygMrTdFeUbdPPDT4eNSIwEZWshZpEA="},"chainType":1,"messageKeys":{}}},"pendingPreKey":{"signedKeyId":10,"baseKey":"BSQYqETFkqzqdQj7WIDq1QRXm9VjOxm8UW0fSYowdJkz","preKeyId":12030279}}},"version":"v1"}