{"_sessions":{"BdFJD/LpNBkAsrCamebaGl/pY6Sh2GGH0s8ryWMmST0H":{"registrationId":375583512,"currentRatchet":{"ephemeralKeyPair":{"pubKey":"BW7wFPZHe+A7DBE7n+0z31FnCdySSiN2fSh0J3493E1c","privKey":"+JpuvNmoeEF1/8cjsL4IJO3QGBv+9HvWnqYtg6+K33w="},"lastRemoteEphemeralKey":"Behu//3Wft3CmYebj+gZ0aTh5V0i4mYvQNTowNTipjom","previousCounter":0,"rootKey":"gf61fKevMmfFogNxzYzbvAaiDCOBLCN7nL6qYwyvR/Y="},"indexInfo":{"baseKey":"BdFJD/LpNBkAsrCamebaGl/pY6Sh2GGH0s8ryWMmST0H","baseKeyType":1,"closed":-1,"used":1706203227933,"created":1706203227933,"remoteIdentityKey":"Ba1oUPNnkNMeLZwgkdiM+qhrFWT45rjCYDM22At6WSB7"},"_chains":{"BW7wFPZHe+A7DBE7n+0z31FnCdySSiN2fSh0J3493E1c":{"chainKey":{"counter":10,"key":"Ipt9DfnOTu2KXQUidx1Y1tsEUbp8Q7icghA4dvvW/us="},"chainType":1,"messageKeys":{}}},"pendingPreKey":{"signedKeyId":0,"baseKey":"BdFJD/LpNBkAsrCamebaGl/pY6Sh2GGH0s8ryWMmST0H","preKeyId":2590479}}},"version":"v1"}