{"_sessions":{"BXvChVcbOlaS+H8tw3zFZT2keMTsJcuOeQTMxAE/hQN3":{"registrationId":977797544,"currentRatchet":{"ephemeralKeyPair":{"pubKey":"BT4ytreKgYL/k5Sncww/HVMWaLvvH26u8VFxtTnVeVdW","privKey":"CDMuJck/eYQvgZalpB0S4yYlRu6NY+g6qyqG5wBUY20="},"lastRemoteEphemeralKey":"BWKedvk2Gp7yXqnM3P5AsX/4qo2giTIMwQgB50Y+HRRf","previousCounter":0,"rootKey":"gNCvNb/+9PYM1ciAb5wtoB5JiMRT505ZmsqXWjkO1Tk="},"indexInfo":{"baseKey":"BXvChVcbOlaS+H8tw3zFZT2keMTsJcuOeQTMxAE/hQN3","baseKeyType":1,"closed":1706241574799,"used":1706241573030,"created":1706241573030,"remoteIdentityKey":"BePCA2rDJ15cebyD4tRq3O2e0/C8x4Tm0lJwhbXQCQtj"},"_chains":{"BT4ytreKgYL/k5Sncww/HVMWaLvvH26u8VFxtTnVeVdW":{"chainKey":{"counter":-1,"key":"vo8hypACmADfECCz/c++ENufP2t/Rmb9pW8HTSoTLfY="},"chainType":1,"messageKeys":{}}},"pendingPreKey":{"signedKeyId":0,"baseKey":"BXvChVcbOlaS+H8tw3zFZT2keMTsJcuOeQTMxAE/hQN3","preKeyId":8372679}},"BYisPoMwiHd8crXgCb3QtoDn7Tm6eoQSZWgCKFkS+r4L":{"registrationId":977797544,"currentRatchet":{"ephemeralKeyPair":{"pubKey":"BcuAjOHZlRjF/Q4luhMik1/HqOAHQ4i2oUrraTAl1Z1k","privKey":"CGPGho/Umae918s1Z0FcF/Jit1Ot9nWlQl3gQALq9VE="},"lastRemoteEphemeralKey":"BWKedvk2Gp7yXqnM3P5AsX/4qo2giTIMwQgB50Y+HRRf","previousCounter":0,"rootKey":"IB8N1827VTv/t9iGZOaB9SZYJxHbCvXoW4bu3+3mojM="},"indexInfo":{"baseKey":"BYisPoMwiHd8crXgCb3QtoDn7Tm6eoQSZWgCKFkS+r4L","baseKeyType":1,"closed":-1,"used":1706241574797,"created":1706241574797,"remoteIdentityKey":"BePCA2rDJ15cebyD4tRq3O2e0/C8x4Tm0lJwhbXQCQtj"},"_chains":{"BcuAjOHZlRjF/Q4luhMik1/HqOAHQ4i2oUrraTAl1Z1k":{"chainKey":{"counter":7,"key":"5dC/3WdCBQrFKyx+CKVLxgCXWcZXwq/z1+YIZqxsIEQ="},"chainType":1,"messageKeys":{}}},"pendingPreKey":{"signedKeyId":0,"baseKey":"BYisPoMwiHd8crXgCb3QtoDn7Tm6eoQSZWgCKFkS+r4L","preKeyId":8372107}}},"version":"v1"}