{"_sessions":{"BZLTGh+k6MYrK3aPIJtOM/OZONrDUWniLsoYFVqRnFlt":{"registrationId":232160854,"currentRatchet":{"ephemeralKeyPair":{"pubKey":"BcHUghezzTg+qaN/5z5hlOBtRKpI39zTX2rlIWmyklgS","privKey":"8F7QPGuuhhBkpffSdUfmHNwN7R4jvsUHLifQ2ydzlEY="},"lastRemoteEphemeralKey":"Be9bYvJKS8xTNHR+pniLfYQX9XehPUg155zjwtF8KmRn","previousCounter":2,"rootKey":"Xud72HxzIvLex4NBv2S/PA4rS+waXrtFyRESg91Iges="},"indexInfo":{"baseKey":"BZLTGh+k6MYrK3aPIJtOM/OZONrDUWniLsoYFVqRnFlt","baseKeyType":1,"closed":-1,"used":1706277459822,"created":1706203228275,"remoteIdentityKey":"BclKa9EFfMYvom8LJ3QcZX50V3Lc8RvptYhXCBF7H+hz"},"_chains":{"Be9bYvJKS8xTNHR+pniLfYQX9XehPUg155zjwtF8KmRn":{"chainKey":{"counter":0,"key":"/Xb4wAYnm5aoCDAkfF7F8TtwwOCIvHLsTV311Yc4cso="},"chainType":2,"messageKeys":{}},"BcHUghezzTg+qaN/5z5hlOBtRKpI39zTX2rlIWmyklgS":{"chainKey":{"counter":-1,"key":"1vKMQyIlk4ys8o7PomS9FGW3+hQ5lS9tRH9jCSWH5Ss="},"chainType":1,"messageKeys":{}}}}},"version":"v1"}