{"_sessions":{"BTelHJo0you1b1nqaBpP7KpHr1tSQ+FhKeJXXqocN11f":{"registrationId":235,"currentRatchet":{"ephemeralKeyPair":{"pubKey":"BSlw0Lantzj5k8gZLY6w6i3nezFYij/Oa94fifrEnQdS","privKey":"+Lcawy9lrz8BfVl9lBKnGLuL8oD4nj2hDYu+acU2p1Q="},"lastRemoteEphemeralKey":"BU+iAjL6ypKvL6BnIRQmRMmyjkrB8dk1dAAfsgaAU21h","previousCounter":0,"rootKey":"3TK+WxlCfBNuEPjgKf5lqUq9EG/5LLDurbSNmfgcGXw="},"indexInfo":{"baseKey":"BTelHJo0you1b1nqaBpP7KpHr1tSQ+FhKeJXXqocN11f","baseKeyType":1,"closed":1706241573428,"used":1706241572686,"created":1706241572686,"remoteIdentityKey":"BSJBuRvxtqFfoV9X1yIxbMQxEoa0upx/uKiduz4huZZT"},"_chains":{"BSlw0Lantzj5k8gZLY6w6i3nezFYij/Oa94fifrEnQdS":{"chainKey":{"counter":-1,"key":"2qU5xyG/GNM4MaOWxpfwjs3jKxwIDqlyMvIwFOrbe7Y="},"chainType":1,"messageKeys":{}}},"pendingPreKey":{"signedKeyId":1,"baseKey":"BTelHJo0you1b1nqaBpP7KpHr1tSQ+FhKeJXXqocN11f","preKeyId":3346}},"BQn1qfFZsG6vuaiaDX6VJ9OzYZCOKHzyOcCxt8Mrkq1J":{"registrationId":235,"currentRatchet":{"ephemeralKeyPair":{"pubKey":"BQaXBKweXtDx5mYVLzKGi09B29NLLVA3TlcjvodEtGcr","privKey":"iJesI+N+94UHY7JmESoaXTNUl2QZyT2bb1fxgfSeCFU="},"lastRemoteEphemeralKey":"BU+iAjL6ypKvL6BnIRQmRMmyjkrB8dk1dAAfsgaAU21h","previousCounter":0,"rootKey":"KJ0XuhZ+FUdCZJrjPq+hj7Q26lCPCM0VcjtYlGv6W0g="},"indexInfo":{"baseKey":"BQn1qfFZsG6vuaiaDX6VJ9OzYZCOKHzyOcCxt8Mrkq1J","baseKeyType":1,"closed":-1,"used":1706241573425,"created":1706241573425,"remoteIdentityKey":"BSJBuRvxtqFfoV9X1yIxbMQxEoa0upx/uKiduz4huZZT"},"_chains":{"BQaXBKweXtDx5mYVLzKGi09B29NLLVA3TlcjvodEtGcr":{"chainKey":{"counter":7,"key":"BrO9PoMKJP4rIr5tiHRTcBOSl3QoHTX5d/j40LfaLYQ="},"chainType":1,"messageKeys":{}}},"pendingPreKey":{"signedKeyId":1,"baseKey":"BQn1qfFZsG6vuaiaDX6VJ9OzYZCOKHzyOcCxt8Mrkq1J","preKeyId":3288}}},"version":"v1"}