{"_sessions":{"Bf7f6Uc97MoR/GS8JbOV2zfCtMrKFrO3HLE4RNVHqRYj":{"registrationId":1181714318,"currentRatchet":{"ephemeralKeyPair":{"pubKey":"Ba5HkVGYKduar12uSScHV1NJ2pqIeFuXIiEQrFUHYyd+","privKey":"0MqKo5gTsMgQekwlz607epuza0Xr9jThAtSPsvrCkHc="},"lastRemoteEphemeralKey":"BemMFem8wymqUil4RhKqHFF18Ahjk0xZchLfr9iF1CIX","previousCounter":0,"rootKey":"+IA1axOANoQSugJEqDx/Rx89IxpZMjuUoiyf+oo2lso="},"indexInfo":{"baseKey":"Bf7f6Uc97MoR/GS8JbOV2zfCtMrKFrO3HLE4RNVHqRYj","baseKeyType":1,"closed":1706241573487,"used":1706241572700,"created":1706241572700,"remoteIdentityKey":"BfcQ/HlSD7K4gzZkwJIcnEUtmgL09aM5EbinUfxigTgR"},"_chains":{"Ba5HkVGYKduar12uSScHV1NJ2pqIeFuXIiEQrFUHYyd+":{"chainKey":{"counter":-1,"key":"g8+u3TBTHcXyG2yfqmTdxl+gAzmtRzAt4wxkrTmphYI="},"chainType":1,"messageKeys":{}}},"pendingPreKey":{"signedKeyId":19,"baseKey":"Bf7f6Uc97MoR/GS8JbOV2zfCtMrKFrO3HLE4RNVHqRYj","preKeyId":5477026}},"BUiUuI/PDzMqUO8oC9zQ9Rs3cCj7d1cD/wJrfTAIxi03":{"registrationId":1181714318,"currentRatchet":{"ephemeralKeyPair":{"pubKey":"BSxD+sibgx+91L3zLqkBh7jTngP/eeMA0E9UmVG//ng0","privKey":"0PvA4dPykp8XNU+aftQaMe7jeUqKE2BVY2bfDxkkaXU="},"lastRemoteEphemeralKey":"BemMFem8wymqUil4RhKqHFF18Ahjk0xZchLfr9iF1CIX","previousCounter":0,"rootKey":"E9nv4zG1qq9gCobpv4YGZkVVjkvcNpKTtedQ1XljkkM="},"indexInfo":{"baseKey":"BUiUuI/PDzMqUO8oC9zQ9Rs3cCj7d1cD/wJrfTAIxi03","baseKeyType":1,"closed":-1,"used":1706241573485,"created":1706241573485,"remoteIdentityKey":"BfcQ/HlSD7K4gzZkwJIcnEUtmgL09aM5EbinUfxigTgR"},"_chains":{"BSxD+sibgx+91L3zLqkBh7jTngP/eeMA0E9UmVG//ng0":{"chainKey":{"counter":7,"key":"k4QwsDRRRdsX3+DEX15gj7mCULIf5Ptu6NhqTtgIcgk="},"chainType":1,"messageKeys":{}}},"pendingPreKey":{"signedKeyId":19,"baseKey":"BUiUuI/PDzMqUO8oC9zQ9Rs3cCj7d1cD/wJrfTAIxi03","preKeyId":5477053}}},"version":"v1"}