{"_sessions":{"BcdNjLM18vCiz1xD+RgL3qwN7/xxlKCWKiwBPo7DLUIi":{"registrationId":2094314068,"currentRatchet":{"ephemeralKeyPair":{"pubKey":"BUYXARmOavu5+TOgVEXmhdly0cvVfSnYWkxvWpg6KBgP","privKey":"SPVDQxkubXXOvXd9gdgvj6eGsS6GE7c598qJZ/UvNmg="},"lastRemoteEphemeralKey":"Bf7uXmiKaWRH/k3PZk8ptpEiOq8jOR/AUWf+dxSAHDJ1","previousCounter":0,"rootKey":"BQHZcKKhLL/neGifzYYfyM38VXiahVH6dDD+9P6Racs="},"indexInfo":{"baseKey":"BcdNjLM18vCiz1xD+RgL3qwN7/xxlKCWKiwBPo7DLUIi","baseKeyType":1,"closed":1706241573845,"used":1706241572793,"created":1706241572793,"remoteIdentityKey":"Bdl9dhskJi3HQ+c144yqfBlFqzhdcMz36x+/a0Gdp6Ms"},"_chains":{"BUYXARmOavu5+TOgVEXmhdly0cvVfSnYWkxvWpg6KBgP":{"chainKey":{"counter":-1,"key":"cOG8cPcfDvOFOLA2KSnfKCVwmBbSXxveFNb51Y9WHs8="},"chainType":1,"messageKeys":{}}},"pendingPreKey":{"signedKeyId":5,"baseKey":"BcdNjLM18vCiz1xD+RgL3qwN7/xxlKCWKiwBPo7DLUIi","preKeyId":4261607}},"BVamXxRZERtsBgtaBn4pToVKhrUvnjYQJPg3Lma/kzlV":{"registrationId":2094314068,"currentRatchet":{"ephemeralKeyPair":{"pubKey":"Bdfu6HFC++QcNahxwQoIOwAkqf/ArEC+NodvsgGwpXRc","privKey":"gEeyr7D51owcfffWEdnUrVXukh2bDkKvJ5lj10/+DEM="},"lastRemoteEphemeralKey":"Bf7uXmiKaWRH/k3PZk8ptpEiOq8jOR/AUWf+dxSAHDJ1","previousCounter":0,"rootKey":"UYNeptAeXZnVqGrLP7bu+sFCJZ/4kNMreIXNDR/R6bM="},"indexInfo":{"baseKey":"BVamXxRZERtsBgtaBn4pToVKhrUvnjYQJPg3Lma/kzlV","baseKeyType":1,"closed":-1,"used":1706241573841,"created":1706241573841,"remoteIdentityKey":"Bdl9dhskJi3HQ+c144yqfBlFqzhdcMz36x+/a0Gdp6Ms"},"_chains":{"Bdfu6HFC++QcNahxwQoIOwAkqf/ArEC+NodvsgGwpXRc":{"chainKey":{"counter":7,"key":"bT0HscAw/5Xcs8cu3Apx3AWePGiWB9/eA8YRX7DyqOo="},"chainType":1,"messageKeys":{}}},"pendingPreKey":{"signedKeyId":5,"baseKey":"BVamXxRZERtsBgtaBn4pToVKhrUvnjYQJPg3Lma/kzlV","preKeyId":4261514}}},"version":"v1"}