{"_sessions":{"BTppvxbhoJytJCdmnOsvBuSqu2/FXsk941rx5J8Ijvka":{"registrationId":238615874,"currentRatchet":{"ephemeralKeyPair":{"pubKey":"BTGV/RJTcWunyznscL/DbSfvj1GSiZpZ2my7tV8FrRVZ","privKey":"yAxFuheSQbhKgg+mO02capLJsUFh04ziW90Y9jk56W8="},"lastRemoteEphemeralKey":"BR/eb52oSRtjq5reAV6a5OJAaIRbDu7eIGhZ2OtNr/Ir","previousCounter":0,"rootKey":"UhtZ1VxMyrkTtl1MrLxIF24vv84aTOG2FTEWBu8DPn4="},"indexInfo":{"baseKey":"BTppvxbhoJytJCdmnOsvBuSqu2/FXsk941rx5J8Ijvka","baseKeyType":1,"closed":-1,"used":1706203228068,"created":1706203228068,"remoteIdentityKey":"BdlIn6QadO5JBEdOV0Wu3WFrVy0hPIiXkFTqnSZIh34H"},"_chains":{"BTGV/RJTcWunyznscL/DbSfvj1GSiZpZ2my7tV8FrRVZ":{"chainKey":{"counter":2,"key":"tALqboYdUCsPvyLEfU692w5dLNrhyJjvHGdjOguoVVY="},"chainType":1,"messageKeys":{}}},"pendingPreKey":{"signedKeyId":1,"baseKey":"BTppvxbhoJytJCdmnOsvBuSqu2/FXsk941rx5J8Ijvka","preKeyId":6868797}}},"version":"v1"}