{"_sessions":{"BQsk/PgoPe1Pp2VVww9HuwmXaEu+o6BiSOT3pNt7//gY":{"registrationId":1247889284,"currentRatchet":{"ephemeralKeyPair":{"pubKey":"BdEOs9YGbdwwmx+RtnwiMsOyZpehBKwrK+KsPWyM/8xB","privKey":"wNRwjFNqTNuKs0JWOidPTxUgwDLRfBdPYTQRBhNP+Wk="},"lastRemoteEphemeralKey":"BT5uvTd85i5BAmC5i5ycdZlY2fXKRKP8S5s9EdV8MsZf","previousCounter":0,"rootKey":"qutYs+JHuSYDfk6Imk/GIitSwtemDp6NkZQmuB3BRDc="},"indexInfo":{"baseKey":"BQsk/PgoPe1Pp2VVww9HuwmXaEu+o6BiSOT3pNt7//gY","baseKeyType":1,"closed":1706241574007,"used":1706241572820,"created":1706241572820,"remoteIdentityKey":"BRxHzlR1XbLz/8GmDXR31Q5THPDFPn/fODwgT79Wbvw2"},"_chains":{"BdEOs9YGbdwwmx+RtnwiMsOyZpehBKwrK+KsPWyM/8xB":{"chainKey":{"counter":-1,"key":"ta5vGlXYPQVsGA2y37/CBO9S9BfQ+8WwVzRtqoIEeog="},"chainType":1,"messageKeys":{}}},"pendingPreKey":{"signedKeyId":28,"baseKey":"BQsk/PgoPe1Pp2VVww9HuwmXaEu+o6BiSOT3pNt7//gY"}},"BQ0jP5kp0R+ZfRHur/bwXnYPwhPLQ4V2c+vRJPBywAJo":{"registrationId":1247889284,"currentRatchet":{"ephemeralKeyPair":{"pubKey":"BQEAztCWHXNm2H3uhEchjFwlBTkx1JyNl+rdfBi8DkI9","privKey":"aBfHFMiEAnnAnsY0PndlrW8g1RnyPdnqr3xoaPIWT3M="},"lastRemoteEphemeralKey":"BT5uvTd85i5BAmC5i5ycdZlY2fXKRKP8S5s9EdV8MsZf","previousCounter":0,"rootKey":"jVGbvaFlPLt6jLxG+QoLicbD85/cq4su5eO5Ig4VDFs="},"indexInfo":{"baseKey":"BQ0jP5kp0R+ZfRHur/bwXnYPwhPLQ4V2c+vRJPBywAJo","baseKeyType":1,"closed":-1,"used":1706241574004,"created":1706241574004,"remoteIdentityKey":"BRxHzlR1XbLz/8GmDXR31Q5THPDFPn/fODwgT79Wbvw2"},"_chains":{"BQEAztCWHXNm2H3uhEchjFwlBTkx1JyNl+rdfBi8DkI9":{"chainKey":{"counter":7,"key":"TIonxebdjVEOfWrZP9uB9memcWfx2mwDNkok+Yx8vpc="},"chainType":1,"messageKeys":{}}},"pendingPreKey":{"signedKeyId":28,"baseKey":"BQ0jP5kp0R+ZfRHur/bwXnYPwhPLQ4V2c+vRJPBywAJo"}}},"version":"v1"}