{"_sessions":{"BdZH0zeTX+1VmdyfjQ5YedSDerheHzUcJP94B+IkOzEP":{"registrationId":740968700,"currentRatchet":{"ephemeralKeyPair":{"pubKey":"BRhvYtbOU3Zf8a7EeEMvGBMF5DYSJ+vYJiO+11+oUpsE","privKey":"MOr/xeRWd7d9p5EL7yIsMiF6REA1DfJmEa2eK0Hl51k="},"lastRemoteEphemeralKey":"BbScHYwzOJ2BcsDHh5eWnhPf4oqAgLNHo2d//aaTxPYO","previousCounter":0,"rootKey":"nEVS1TxNpshLifOitR/oYgyXRLGQ7No2auGFdrDRkug="},"indexInfo":{"baseKey":"BdZH0zeTX+1VmdyfjQ5YedSDerheHzUcJP94B+IkOzEP","baseKeyType":1,"closed":1706241573639,"used":1706241572731,"created":1706241572731,"remoteIdentityKey":"BZmARdAiuQ3HYMpeZMDbel43JLIhiBAFxAfAI4DfMocp"},"_chains":{"BRhvYtbOU3Zf8a7EeEMvGBMF5DYSJ+vYJiO+11+oUpsE":{"chainKey":{"counter":-1,"key":"iz0MiEe/6OMxxJUPQ56uLO4vjYGFe4VhPxK/oaIL/Ro="},"chainType":1,"messageKeys":{}}},"pendingPreKey":{"signedKeyId":2,"baseKey":"BdZH0zeTX+1VmdyfjQ5YedSDerheHzUcJP94B+IkOzEP","preKeyId":10899888}},"BT43AC/9+qYjPwLWp7FN7k5ggo/rtj11dh4cbV2nOAoO":{"registrationId":740968700,"currentRatchet":{"ephemeralKeyPair":{"pubKey":"BY9C4ErJVcarbuPKUj+eh5rBxbjXzARWJIfKqJlA9phL","privKey":"oNaXSFXDnYJVX0Z8IN8U7zPiF1zIIdgbeaXT+LKu7EU="},"lastRemoteEphemeralKey":"BbScHYwzOJ2BcsDHh5eWnhPf4oqAgLNHo2d//aaTxPYO","previousCounter":0,"rootKey":"Kyq+BZ+sxkxjOtwHbQoU5B1Z/M8msFYpDDSPT/RpCHQ="},"indexInfo":{"baseKey":"BT43AC/9+qYjPwLWp7FN7k5ggo/rtj11dh4cbV2nOAoO","baseKeyType":1,"closed":-1,"used":1706241573637,"created":1706241573637,"remoteIdentityKey":"BZmARdAiuQ3HYMpeZMDbel43JLIhiBAFxAfAI4DfMocp"},"_chains":{"BY9C4ErJVcarbuPKUj+eh5rBxbjXzARWJIfKqJlA9phL":{"chainKey":{"counter":7,"key":"gx5fDrRgJ+oLpOKUQbD8FtkNDM6oQS+Qm8TK+HQNpjQ="},"chainType":1,"messageKeys":{}}},"pendingPreKey":{"signedKeyId":2,"baseKey":"BT43AC/9+qYjPwLWp7FN7k5ggo/rtj11dh4cbV2nOAoO","preKeyId":10899942}}},"version":"v1"}