{"_sessions":{"Bdyhlf4hcR0ggO2/swGR28YcmGVYbVuSewu+F5WBKJlk":{"registrationId":846733948,"currentRatchet":{"ephemeralKeyPair":{"pubKey":"Bc6JroGuAHytZCtuFCBXXDHDmKmBEMfCECyF8PacDfo5","privKey":"kG+GZ+ezASGzO7+d6q0fH83PDSDqJS55UUABaYH+BXo="},"lastRemoteEphemeralKey":"BQn39KHmgiaTBeguP2n2of88zZQtU0MBrul5rjeupDFL","previousCounter":0,"rootKey":"tUYj1H7PRy6i4RTWVBRDuhgBEC+vcwY/HSXQsqb6y9k="},"indexInfo":{"baseKey":"Bdyhlf4hcR0ggO2/swGR28YcmGVYbVuSewu+F5WBKJlk","baseKeyType":1,"closed":-1,"used":1706203228094,"created":1706203228094,"remoteIdentityKey":"BYbmeVTjcrvJJw6JY6VWu0mAVh/ezFzQ4OteRto76+Jn"},"_chains":{"Bc6JroGuAHytZCtuFCBXXDHDmKmBEMfCECyF8PacDfo5":{"chainKey":{"counter":2,"key":"vIgybGdicNpgPQmVWKw0SgLFX9GRip/IsPxZxT86sZ0="},"chainType":1,"messageKeys":{}}},"pendingPreKey":{"signedKeyId":19,"baseKey":"Bdyhlf4hcR0ggO2/swGR28YcmGVYbVuSewu+F5WBKJlk","preKeyId":10427372}}},"version":"v1"}