{"_sessions":{"BeAihZnkIA1+QIqXEf56kFuau6QP9MiB6j0QP5Zfb8ch":{"registrationId":2089191363,"currentRatchet":{"ephemeralKeyPair":{"pubKey":"BfovoJyegMr/TdH9HJykHkMMgvw5i1l8H0Rm822ItXxG","privKey":"aFCp/tPKE1EOtBEI6FIqUbgwvtrcyMMXg/429RR6TmE="},"lastRemoteEphemeralKey":"BZwpo4D/w81ghNTJoVzAY8OWBVGxEDVTToaVSiWS0txq","previousCounter":0,"rootKey":"DDOLOkSVxHC8WKchEI1+9tS3v8Sxwp7j3I6NszuVW1w="},"indexInfo":{"baseKey":"BeAihZnkIA1+QIqXEf56kFuau6QP9MiB6j0QP5Zfb8ch","baseKeyType":1,"closed":1706241573947,"used":1706241572811,"created":1706241572811,"remoteIdentityKey":"BSGSzeSlU6g11XoQYr1P7UTrz1sqTJg0Gc3GBzFAxkRb"},"_chains":{"BfovoJyegMr/TdH9HJykHkMMgvw5i1l8H0Rm822ItXxG":{"chainKey":{"counter":-1,"key":"+Zg5vsVMb/SEHj8C+QTiEHe9AsrD8wZdM5Q5AyiZweE="},"chainType":1,"messageKeys":{}}},"pendingPreKey":{"signedKeyId":0,"baseKey":"BeAihZnkIA1+QIqXEf56kFuau6QP9MiB6j0QP5Zfb8ch","preKeyId":3128458}},"BWXe8PskezRevnD6nfNVw85P247NZgnOfhQ3cCN6ogJ2":{"registrationId":2089191363,"currentRatchet":{"ephemeralKeyPair":{"pubKey":"BWE07t8mXyqFpWLeIRUruRJ0AsLBtIlUPSA6Sezbp8cP","privKey":"+BgDQUtuK01TG+T5uYQmc4LzvRx8UntLFcDeJYQzDE8="},"lastRemoteEphemeralKey":"BZwpo4D/w81ghNTJoVzAY8OWBVGxEDVTToaVSiWS0txq","previousCounter":0,"rootKey":"SO+hNKzGbXKkhjrrF3Nm2fL9Rfevg43nJOdZAqT42lY="},"indexInfo":{"baseKey":"BWXe8PskezRevnD6nfNVw85P247NZgnOfhQ3cCN6ogJ2","baseKeyType":1,"closed":-1,"used":1706241573945,"created":1706241573945,"remoteIdentityKey":"BSGSzeSlU6g11XoQYr1P7UTrz1sqTJg0Gc3GBzFAxkRb"},"_chains":{"BWE07t8mXyqFpWLeIRUruRJ0AsLBtIlUPSA6Sezbp8cP":{"chainKey":{"counter":7,"key":"Sys0ho/ZT9UpyIZLKKpHGYjaiGq6cMr8pc0KbRDhO40="},"chainType":1,"messageKeys":{}}},"pendingPreKey":{"signedKeyId":0,"baseKey":"BWXe8PskezRevnD6nfNVw85P247NZgnOfhQ3cCN6ogJ2","preKeyId":3128230}}},"version":"v1"}