{"_sessions":{"BXkZao8OE2OLy3Q5BNSmZy9XaE4Px1Yck30JuyIIa19r":{"registrationId":1743944791,"currentRatchet":{"ephemeralKeyPair":{"pubKey":"BTfLUt7Wt/sqcPt9FA7BPmhqmNb6gZe8NXto7mimveks","privKey":"CPZpJZk1MlB2xhstbG3ZyHT1BVutmgvxiL+rE5go21E="},"lastRemoteEphemeralKey":"BZVkIrgruVBJeB0IlEkNm984jLuRD01J1wnpLrTT8DF8","previousCounter":0,"rootKey":"aXLs4TQ59/p2ZE+7fRhwFkTknFaTB3TnyA3YY4VZit4="},"indexInfo":{"baseKey":"BXkZao8OE2OLy3Q5BNSmZy9XaE4Px1Yck30JuyIIa19r","baseKeyType":1,"closed":-1,"used":1706203228158,"created":1706203228158,"remoteIdentityKey":"BRJnTt44t2ltQcCAtRu5ks92OyqZbxFxIAq9Rx/5/HZ5"},"_chains":{"BTfLUt7Wt/sqcPt9FA7BPmhqmNb6gZe8NXto7mimveks":{"chainKey":{"counter":2,"key":"h8/QoKpn6mNeq1r2KFx2Gsfmh6cyEFZTegjmcKADXZU="},"chainType":1,"messageKeys":{}}},"pendingPreKey":{"signedKeyId":10,"baseKey":"BXkZao8OE2OLy3Q5BNSmZy9XaE4Px1Yck30JuyIIa19r","preKeyId":2124573}}},"version":"v1"}