{"_sessions":{"BSYu1gtNuhtColYUOlsBgUGRNV+tdbZdOsPoOnlz428B":{"registrationId":1425781455,"currentRatchet":{"ephemeralKeyPair":{"pubKey":"BWpjp8s9d0e2/0BFiDPAya8G036Xz0Nk0BGnMGImH6JN","privKey":"2IYggQ2Rc0dHsf10SW+XEH0XB/oVzOhXaJhHqgNq0GI="},"lastRemoteEphemeralKey":"BdnK3jynJl8sY9J5VVLxKQWJhq7pcdwZ6h4EkjI2CT8p","previousCounter":0,"rootKey":"ezGxjcQpjtbtmuAGEvWYWYRXqphZ1wSborxPyyFCCfE="},"indexInfo":{"baseKey":"BSYu1gtNuhtColYUOlsBgUGRNV+tdbZdOsPoOnlz428B","baseKeyType":2,"closed":-1,"used":1706234401766,"created":1706234401766,"remoteIdentityKey":"BSNFAbQTDjRqFr1wxYsxix0U/tcA7e93pF/iBYV0AztX"},"_chains":{"BdnK3jynJl8sY9J5VVLxKQWJhq7pcdwZ6h4EkjI2CT8p":{"chainKey":{"counter":1,"key":"e4DoqGomPLTeWlRl0+uGKFW8VeFD5oNsmKW1/Q4Owm8="},"chainType":2,"messageKeys":{}},"BWpjp8s9d0e2/0BFiDPAya8G036Xz0Nk0BGnMGImH6JN":{"chainKey":{"counter":-1,"key":"DwnOy/D1OokWOk94Xf+uPZUtQ0CiKalYlIP51oF5Ofg="},"chainType":1,"messageKeys":{}}}}},"version":"v1"}