{"_sessions":{"Bfr/reU+bVdLYbZgH4y3rKW9LRocr0DhbFX+XpfO5DwQ":{"registrationId":1716229233,"currentRatchet":{"ephemeralKeyPair":{"pubKey":"BY20Wc7GoxflxGuRYp6+cyifTNhVoQ7Tws5Du4I3l+0B","privKey":"EBwlBlPn2tWTc7zCrdzOCxGkMXanW1En8md25VIp7EU="},"lastRemoteEphemeralKey":"BeK5OlK1KTI9DmSemDdZdIEp+x7MnfBD2gV0X3c0X3ch","previousCounter":0,"rootKey":"366g8Bk3nOBp4JIltGl5/19ZHkWlm5aKk7WROUGY+Fc="},"indexInfo":{"baseKey":"Bfr/reU+bVdLYbZgH4y3rKW9LRocr0DhbFX+XpfO5DwQ","baseKeyType":1,"closed":1706241574565,"used":1706241572961,"created":1706241572961,"remoteIdentityKey":"BXljTUfpOaW7nhWHe9ws0LQzSWc8wFaydsT9+farShI6"},"_chains":{"BY20Wc7GoxflxGuRYp6+cyifTNhVoQ7Tws5Du4I3l+0B":{"chainKey":{"counter":-1,"key":"mEGU2WxS9uAAtCTOb2MAkn4EMl0o9t2M+n23AgkP7m0="},"chainType":1,"messageKeys":{}}},"pendingPreKey":{"signedKeyId":8,"baseKey":"Bfr/reU+bVdLYbZgH4y3rKW9LRocr0DhbFX+XpfO5DwQ","preKeyId":4075374}},"BWq5RVpDLk5c4R8nMuvXm+B2No+sOjORoNL21bnLZoUq":{"registrationId":1716229233,"currentRatchet":{"ephemeralKeyPair":{"pubKey":"BQGmdqYBhjbCKgYvlu+Lpq9l4iVqrenOvYL8oJpipPl+","privKey":"OBIeNlWB5eUv3x8NFwQurwj27rLgv18gHuhqXJ7J+EM="},"lastRemoteEphemeralKey":"BeK5OlK1KTI9DmSemDdZdIEp+x7MnfBD2gV0X3c0X3ch","previousCounter":0,"rootKey":"4P5c5Jx+eBaSaJ9ApHg0awOtVUQkXsZCxduMHw+oswg="},"indexInfo":{"baseKey":"BWq5RVpDLk5c4R8nMuvXm+B2No+sOjORoNL21bnLZoUq","baseKeyType":1,"closed":-1,"used":1706241574563,"created":1706241574563,"remoteIdentityKey":"BXljTUfpOaW7nhWHe9ws0LQzSWc8wFaydsT9+farShI6"},"_chains":{"BQGmdqYBhjbCKgYvlu+Lpq9l4iVqrenOvYL8oJpipPl+":{"chainKey":{"counter":7,"key":"OELqnxFd7FjC6koRJ/i6fhVB7WPBFLwilq/auQCYjps="},"chainType":1,"messageKeys":{}}},"pendingPreKey":{"signedKeyId":8,"baseKey":"BWq5RVpDLk5c4R8nMuvXm+B2No+sOjORoNL21bnLZoUq","preKeyId":4075887}}},"version":"v1"}