{"_sessions":{"BQ2ZASasuhEmEd6bd8nV3Cf5uhcPJd6p471JV/CHN4gj":{"registrationId":1621067550,"currentRatchet":{"ephemeralKeyPair":{"pubKey":"BQaNZ1s/cDGuPBE/rfByiv/MMQWfOm5JNXeHLxI40YwG","privKey":"GGQB1XcQEl4a8mnBIA+EWVtkMEfRBVXDrwSlZTmpn1Q="},"lastRemoteEphemeralKey":"BRnUj95ADePtTG48Xv2p7xwQ0XbAY23FAYB9SUnPThJW","previousCounter":0,"rootKey":"tmEdkNN/Nucm+hfLgmx1z2t1rRfWNmJUkQlbGE9YSTk="},"indexInfo":{"baseKey":"BQ2ZASasuhEmEd6bd8nV3Cf5uhcPJd6p471JV/CHN4gj","baseKeyType":2,"closed":-1,"used":1706222464386,"created":1706222464386,"remoteIdentityKey":"BRnKo+r8UAcrBmZH4XTpIntzbJ2DpiG6V4QnBOBwqw4i"},"_chains":{"BRnUj95ADePtTG48Xv2p7xwQ0XbAY23FAYB9SUnPThJW":{"chainKey":{"counter":1,"key":"q7oFxnw/HoC1b34O8wbWh6d/XK/AlNUHMDN17bUQBhY="},"chainType":2,"messageKeys":{}},"BQaNZ1s/cDGuPBE/rfByiv/MMQWfOm5JNXeHLxI40YwG":{"chainKey":{"counter":7,"key":"OBUPtP28ztSKMGRbB3tvjTPUiKtcLYKKdfis58W+4T8="},"chainType":1,"messageKeys":{}}}}},"version":"v1"}