{"_sessions":{"BZZh7JmXl5zHYTQGU8Yy/PY2xc2xOWa8O1ypEY39Yzc0":{"registrationId":2055585097,"currentRatchet":{"ephemeralKeyPair":{"pubKey":"BQXYpAq3klxdiat1iNlQIBACE1sasVo0TcC+LLX5svdH","privKey":"4GZBY4Co9BSE/qWZ9AcNqdI1cUiCXmpL+tVqv0AUQ3I="},"lastRemoteEphemeralKey":"BVXLY0j/9jC2Qdi7l9Mn+pDDRfUo8n2uqa1KBN3Z8adX","previousCounter":0,"rootKey":"hnPtTT99hu0aeJsZZmguTuyA21RMYWHwuXXz01X97Zk="},"indexInfo":{"baseKey":"BZZh7JmXl5zHYTQGU8Yy/PY2xc2xOWa8O1ypEY39Yzc0","baseKeyType":1,"closed":1706241574935,"used":1706241573070,"created":1706241573070,"remoteIdentityKey":"BTOZm49EX4lIrKT/hXwJj59M9VSITON+emWfHU/e+T48"},"_chains":{"BQXYpAq3klxdiat1iNlQIBACE1sasVo0TcC+LLX5svdH":{"chainKey":{"counter":-1,"key":"UPriHzYND5dToFUX5wIhdTaEcUUcmaylEsodl+sRsHE="},"chainType":1,"messageKeys":{}}},"pendingPreKey":{"signedKeyId":5,"baseKey":"BZZh7JmXl5zHYTQGU8Yy/PY2xc2xOWa8O1ypEY39Yzc0"}},"BZVZUvStGyCQFoqpzc6yUo9f7d6Abh5JndSCf1UxoW1D":{"registrationId":2055585097,"currentRatchet":{"ephemeralKeyPair":{"pubKey":"BRnhi4lAdLwUEOqYW4KQqK0WS8126enfy7VuEvRaPbcb","privKey":"kErXBAc9lTscYPU/xL1l25Du0Lzpm1OZOTSavF2daWY="},"lastRemoteEphemeralKey":"BVXLY0j/9jC2Qdi7l9Mn+pDDRfUo8n2uqa1KBN3Z8adX","previousCounter":0,"rootKey":"5yrNDI/SObiAlUp8/vii3N5LIshqKKbfnJVxCxgE5P0="},"indexInfo":{"baseKey":"BZVZUvStGyCQFoqpzc6yUo9f7d6Abh5JndSCf1UxoW1D","baseKeyType":1,"closed":-1,"used":1706241574933,"created":1706241574933,"remoteIdentityKey":"BTOZm49EX4lIrKT/hXwJj59M9VSITON+emWfHU/e+T48"},"_chains":{"BRnhi4lAdLwUEOqYW4KQqK0WS8126enfy7VuEvRaPbcb":{"chainKey":{"counter":7,"key":"mRtfxbDU9UdymDYoDNZ+HYrD77AC7UHJ7DfIbdUo8rw="},"chainType":1,"messageKeys":{}}},"pendingPreKey":{"signedKeyId":5,"baseKey":"BZVZUvStGyCQFoqpzc6yUo9f7d6Abh5JndSCf1UxoW1D"}}},"version":"v1"}