{"_sessions":{"BSdt/PhZdWQ5RYl9Nw1lmzc2NZKE2DEDv+hLVp0nNPlp":{"registrationId":58,"currentRatchet":{"ephemeralKeyPair":{"pubKey":"BWVmVc7K0Ue4qEdvAKJZWqCRzyVafnlS8xEtgXPYE314","privKey":"sCFC4AL/2pt4bXIbyOSzEIMGECsA4DXc3QgSxE4o93o="},"lastRemoteEphemeralKey":"BTMWSLML958+463HOUH+5B90gCLU9Gb43p8MPdv0SVhu","previousCounter":0,"rootKey":"P5CioOQG9lR2qMHN9DUFuQvmoQf/AC4X7jKJn1gBaTA="},"indexInfo":{"baseKey":"BSdt/PhZdWQ5RYl9Nw1lmzc2NZKE2DEDv+hLVp0nNPlp","baseKeyType":2,"closed":-1,"used":1706280528709,"created":1706280528709,"remoteIdentityKey":"BcWOwqCR9E8r6blw3wvI1Q+OHFVHO58NOoxzliJuuXN5"},"_chains":{"BTMWSLML958+463HOUH+5B90gCLU9Gb43p8MPdv0SVhu":{"chainKey":{"counter":0,"key":"T4/VPg8EJhtw7VCEX0znxMLvUkMqJj1cr3+wmmP9HNg="},"chainType":2,"messageKeys":{}},"BWVmVc7K0Ue4qEdvAKJZWqCRzyVafnlS8xEtgXPYE314":{"chainKey":{"counter":-1,"key":"ns3rPHYvS2c5bE6zyqOELmu3hZ47uypE7YmLT23y9rk="},"chainType":1,"messageKeys":{}}}}},"version":"v1"}