{"_sessions":{"BSWFfkZba0mrXGEMgSj45RuA32pPWo2oHqv6CUKiYyYX":{"registrationId":1502340921,"currentRatchet":{"ephemeralKeyPair":{"pubKey":"BaHDsnhqN5a8eFRRfoPOvXkKTErujSe1TtwJbFjJlipo","privKey":"CAqyLT9d0CEEUXu+w8OnClS2S0XoH/WLpFbiL3btTGs="},"lastRemoteEphemeralKey":"BXBzDH9Bu6bFJul+dZwAVnbVGiS5g9RB7laVrQkTupJK","previousCounter":0,"rootKey":"2HY0wJG7LqJftUakMTZCrbTkSfn1WcdQMYvN0G+RYzE="},"indexInfo":{"baseKey":"BSWFfkZba0mrXGEMgSj45RuA32pPWo2oHqv6CUKiYyYX","baseKeyType":1,"closed":1706241573744,"used":1706241572755,"created":1706241572755,"remoteIdentityKey":"BeJkzkoEKjHA7FJXZG5IYbN+geh2OQfPhIg+tprI01hm"},"_chains":{"BaHDsnhqN5a8eFRRfoPOvXkKTErujSe1TtwJbFjJlipo":{"chainKey":{"counter":-1,"key":"YPGyn27CK3UdZLVXBPrefVXz+rKPEfT+QwwYcmL1P9M="},"chainType":1,"messageKeys":{}}},"pendingPreKey":{"signedKeyId":4,"baseKey":"BSWFfkZba0mrXGEMgSj45RuA32pPWo2oHqv6CUKiYyYX","preKeyId":8692857}},"Bax4eeAvkinS5uKz0d0td2rUKdwr2GdWdIDqQi2ZEj00":{"registrationId":1502340921,"currentRatchet":{"ephemeralKeyPair":{"pubKey":"BcpkmDhGzGZ3dwxQskEYSa+uSoV3BPopuxCDsoy8CfZX","privKey":"WI5napvRmVRgCzMZzHWRY2MOSp6Rp0Jv0xmCGzmQA1U="},"lastRemoteEphemeralKey":"BXBzDH9Bu6bFJul+dZwAVnbVGiS5g9RB7laVrQkTupJK","previousCounter":0,"rootKey":"7Ght39nu8YB5dNlLOMIqX6tdV77TTXyDBnZSsBOsIWw="},"indexInfo":{"baseKey":"Bax4eeAvkinS5uKz0d0td2rUKdwr2GdWdIDqQi2ZEj00","baseKeyType":1,"closed":-1,"used":1706241573742,"created":1706241573742,"remoteIdentityKey":"BeJkzkoEKjHA7FJXZG5IYbN+geh2OQfPhIg+tprI01hm"},"_chains":{"BcpkmDhGzGZ3dwxQskEYSa+uSoV3BPopuxCDsoy8CfZX":{"chainKey":{"counter":7,"key":"NtCfgVmukpaHTeDxVjdanQ8tbvqG+PTRUazJX9TPfD0="},"chainType":1,"messageKeys":{}}},"pendingPreKey":{"signedKeyId":4,"baseKey":"Bax4eeAvkinS5uKz0d0td2rUKdwr2GdWdIDqQi2ZEj00","preKeyId":8692893}}},"version":"v1"}