{"_sessions":{"Ba0JsepnHJE3pzu39xoHjP2ddHU50eczZDtquvsL/Nhx":{"registrationId":1471851997,"currentRatchet":{"ephemeralKeyPair":{"pubKey":"Bc45BBhBpDirPYIk1PHEbNB6wA+8886HWENlsZy4g/IM","privKey":"SLFOprZkDFbna+lsytZFdfN3eO6NV1BQOXxCJMcpqGs="},"lastRemoteEphemeralKey":"BT+L67WtMDf0xtaGjJd1aHETHVhSTNWsBWT0AHVW+xZb","previousCounter":0,"rootKey":"TRk793C9inKcdPs5QhS2EDfYroOS2s48brmNgJBoze0="},"indexInfo":{"baseKey":"Ba0JsepnHJE3pzu39xoHjP2ddHU50eczZDtquvsL/Nhx","baseKeyType":1,"closed":1706241574236,"used":1706241572868,"created":1706241572868,"remoteIdentityKey":"BU7NYuNeQGfzrJg7qC2SCwvfn0Rusg0tiV/aPD45d2lp"},"_chains":{"Bc45BBhBpDirPYIk1PHEbNB6wA+8886HWENlsZy4g/IM":{"chainKey":{"counter":-1,"key":"WCo7dEA3xPvsBGNfdgDDjdu4IddIWcuNZKUGtL/Kp4o="},"chainType":1,"messageKeys":{}}},"pendingPreKey":{"signedKeyId":0,"baseKey":"Ba0JsepnHJE3pzu39xoHjP2ddHU50eczZDtquvsL/Nhx","preKeyId":9795522}},"BUEzEkNEsvRv6mOLh5nhzKCre17XISRdCngrjGWo9Alu":{"registrationId":1471851997,"currentRatchet":{"ephemeralKeyPair":{"pubKey":"BZvMmI+QT3jIWVoJqmW7CUPfiJ6h8brTOSU+cAf5P4Y5","privKey":"2OA+4rRoGiAXAkT+S2+/SmTd/wEfUzhGhvPHYJgzGXg="},"lastRemoteEphemeralKey":"BT+L67WtMDf0xtaGjJd1aHETHVhSTNWsBWT0AHVW+xZb","previousCounter":0,"rootKey":"4zT9f91XZjQsv5UYMKFjBLm+T24Sbi0lSfr36VmMtC4="},"indexInfo":{"baseKey":"BUEzEkNEsvRv6mOLh5nhzKCre17XISRdCngrjGWo9Alu","baseKeyType":1,"closed":-1,"used":1706241574234,"created":1706241574234,"remoteIdentityKey":"BU7NYuNeQGfzrJg7qC2SCwvfn0Rusg0tiV/aPD45d2lp"},"_chains":{"BZvMmI+QT3jIWVoJqmW7CUPfiJ6h8brTOSU+cAf5P4Y5":{"chainKey":{"counter":7,"key":"/zguRY23ErPJYbfmT75Ly5IBhNuz3Tdw2U23LVoiljM="},"chainType":1,"messageKeys":{}}},"pendingPreKey":{"signedKeyId":0,"baseKey":"BUEzEkNEsvRv6mOLh5nhzKCre17XISRdCngrjGWo9Alu","preKeyId":9795244}}},"version":"v1"}