{"_sessions":{"Befg8++FH7qUpz6AGmGeADot2jO3TU49rAQRI+M51AgK":{"registrationId":211399167,"currentRatchet":{"ephemeralKeyPair":{"pubKey":"Bb1geMXs5mDRbVs9m5yZG8c3fuUwuCQ3VgXbAD39FuIz","privKey":"eD0R3O4heO1ur7Zn6vVxlw+EPqRyiv8JCP89O135uE0="},"lastRemoteEphemeralKey":"BdccyzmCxS0MMREN37nIcVQBOhv7IDpThgNLkcINQkUe","previousCounter":0,"rootKey":"/btwZpfLSqpNY6SVCBEIvGz4mIUgoUl8gfOU9EPrCJY="},"indexInfo":{"baseKey":"Befg8++FH7qUpz6AGmGeADot2jO3TU49rAQRI+M51AgK","baseKeyType":1,"closed":1706262927382,"used":1706203227965,"created":1706203227965,"remoteIdentityKey":"BVD/00/21c/mUc/czu2r9Eg8U5/hjqArEE8xR4e9WRZ8"},"_chains":{"Bb1geMXs5mDRbVs9m5yZG8c3fuUwuCQ3VgXbAD39FuIz":{"chainKey":{"counter":1,"key":"uTKrqnWg6xKlS6oX8XLgz21gXGREcfZBE6S5sESwU/w="},"chainType":1,"messageKeys":{}}},"pendingPreKey":{"signedKeyId":7,"baseKey":"Befg8++FH7qUpz6AGmGeADot2jO3TU49rAQRI+M51AgK","preKeyId":9594345}},"BbtT8jaqZZtKtQoxLvJXGIRbliVCJFGC+Sns3v4VTCw7":{"registrationId":211399167,"currentRatchet":{"ephemeralKeyPair":{"pubKey":"BV5ya8C1RCAObpDG8hNHy31xOHcE62Vb0XW+PHKCp5Qs","privKey":"OFUrqM/CkUPmcQQN5whp0f/ar13k+YT0sZz7cUlCCFg="},"lastRemoteEphemeralKey":"BdccyzmCxS0MMREN37nIcVQBOhv7IDpThgNLkcINQkUe","previousCounter":0,"rootKey":"r4kgrTixLcO7bwL2pxXSraCVbMegRsXfdwsGi35kNJA="},"indexInfo":{"baseKey":"BbtT8jaqZZtKtQoxLvJXGIRbliVCJFGC+Sns3v4VTCw7","baseKeyType":1,"closed":-1,"used":1706262927375,"created":1706262927375,"remoteIdentityKey":"BVD/00/21c/mUc/czu2r9Eg8U5/hjqArEE8xR4e9WRZ8"},"_chains":{"BV5ya8C1RCAObpDG8hNHy31xOHcE62Vb0XW+PHKCp5Qs":{"chainKey":{"counter":0,"key":"Y9B8dzWrIw+8BT5MnA3kcqxa+gtpUzFppq8Y3V7vIHI="},"chainType":1,"messageKeys":{}}},"pendingPreKey":{"signedKeyId":7,"baseKey":"BbtT8jaqZZtKtQoxLvJXGIRbliVCJFGC+Sns3v4VTCw7","preKeyId":9594497}}},"version":"v1"}