{"_sessions":{"BYGEpGxzZeB5kOL5OR9BV8tkghV++oT7oA9BriQK5Xsz":{"registrationId":470855365,"currentRatchet":{"ephemeralKeyPair":{"pubKey":"BQ6ferQ7TLGNfj8tFG+jf/Jd4pgWKK8Gt3iDCJnm64xX","privKey":"6Bw+rIVkgbLWjGB4VZKz6nUNI4MqWW5McSisQevHW2I="},"lastRemoteEphemeralKey":"BUgX77V5QnsszSFltUTgTPcJB9AQrs3W299OXaYFR6BL","previousCounter":0,"rootKey":"5beCiDYc4kuIfMskr5FR3QXb05o1al1uMEL/jFkwBOo="},"indexInfo":{"baseKey":"BYGEpGxzZeB5kOL5OR9BV8tkghV++oT7oA9BriQK5Xsz","baseKeyType":1,"closed":1706241574385,"used":1706241572905,"created":1706241572905,"remoteIdentityKey":"BWtHxRJqpr7zlCBGnnBKzi124oRFRDjpbjeaDaqFK7oS"},"_chains":{"BQ6ferQ7TLGNfj8tFG+jf/Jd4pgWKK8Gt3iDCJnm64xX":{"chainKey":{"counter":-1,"key":"fnljoLNniofdpmlBhHBkUfC00r6rWa2/C2t+Ow6gmt4="},"chainType":1,"messageKeys":{}}},"pendingPreKey":{"signedKeyId":40,"baseKey":"BYGEpGxzZeB5kOL5OR9BV8tkghV++oT7oA9BriQK5Xsz","preKeyId":8863393}},"BYwKqYNqSTxbPXGtgq1wg91V86ZvvmA69dQPzHFtxYlO":{"registrationId":470855365,"currentRatchet":{"ephemeralKeyPair":{"pubKey":"BTkqunEMobLBccy1k10MRlt080gpPRsxA9cg0QYXYh94","privKey":"CFMWsJBxl3NKuF4ZK0dDZG/GGrEaSpG3VIMw7TyVFEA="},"lastRemoteEphemeralKey":"BUgX77V5QnsszSFltUTgTPcJB9AQrs3W299OXaYFR6BL","previousCounter":0,"rootKey":"lr5COTyUnx2rXG8USjpKo7AAsTPMXDZtmi/Z9yADiqs="},"indexInfo":{"baseKey":"BYwKqYNqSTxbPXGtgq1wg91V86ZvvmA69dQPzHFtxYlO","baseKeyType":1,"closed":-1,"used":1706241574383,"created":1706241574383,"remoteIdentityKey":"BWtHxRJqpr7zlCBGnnBKzi124oRFRDjpbjeaDaqFK7oS"},"_chains":{"BTkqunEMobLBccy1k10MRlt080gpPRsxA9cg0QYXYh94":{"chainKey":{"counter":7,"key":"RL5mVBBE+GBFtp/eeYcQZ6t0NKpK2aa/2TkhI/89Ew8="},"chainType":1,"messageKeys":{}}},"pendingPreKey":{"signedKeyId":40,"baseKey":"BYwKqYNqSTxbPXGtgq1wg91V86ZvvmA69dQPzHFtxYlO","preKeyId":8863557}}},"version":"v1"}