{"_sessions":{"BWIXPTq2V1GNtUL4G35GTsKJymkJBVulkYL1Ay8RFrIt":{"registrationId":150,"currentRatchet":{"ephemeralKeyPair":{"pubKey":"BWXQ67e8DUS5qlfZJBAkY6lmNI/1/YEaFxK0pBfuuO4S","privKey":"wDB2iQOB9+8G5RKt8vjts5FlZLsi59RrUBVXLVVk20M="},"lastRemoteEphemeralKey":"BdhLKF3f5lMmQ9wUOkRO6tK3n2xfVurN9vXAG16hqLAV","previousCounter":0,"rootKey":"KaCj2tJFYgeC4BYXvvr5IjXA7f1+tdGLuFucAivdjX8="},"indexInfo":{"baseKey":"BWIXPTq2V1GNtUL4G35GTsKJymkJBVulkYL1Ay8RFrIt","baseKeyType":1,"closed":-1,"used":1706203227890,"created":1706203227890,"remoteIdentityKey":"BWsThznYVUUF36rg2zrmKehMlzIdqd/yFoCCd+20UKlM"},"_chains":{"BWXQ67e8DUS5qlfZJBAkY6lmNI/1/YEaFxK0pBfuuO4S":{"chainKey":{"counter":2,"key":"ju92qNytiNGuLw9AF94hhz2AD+mZrFKfDbN/rjNh6lg="},"chainType":1,"messageKeys":{}}},"pendingPreKey":{"signedKeyId":1,"baseKey":"BWIXPTq2V1GNtUL4G35GTsKJymkJBVulkYL1Ay8RFrIt"}}},"version":"v1"}