{"_sessions":{"BdAB1zVd33QXFsMe8IAUg25o3tOcnySy3yY7yFAhbehF":{"registrationId":959713722,"currentRatchet":{"ephemeralKeyPair":{"pubKey":"BVyfDVRvfN2nOYOgU/gwwsxCus/RFm0GjaoQzRzb5cE0","privKey":"SE0phRUHAQ894EVvvgs51dqAFVXZhozET4y8eKgDn2k="},"lastRemoteEphemeralKey":"BZR4ykE8+upxRq6JaFPnqJbNHjEGBt4qF5BKFYMVJQZP","previousCounter":0,"rootKey":"+yMO8fxzUOHu0htSydChblVTmxywDT+ftISG7yNtUcc="},"indexInfo":{"baseKey":"BdAB1zVd33QXFsMe8IAUg25o3tOcnySy3yY7yFAhbehF","baseKeyType":1,"closed":1706241573264,"used":1706241572653,"created":1706241572653,"remoteIdentityKey":"BUhmPY1aWTiwXr7HpqT932XvQ2h1cOYabtyOiaWCK2Vc"},"_chains":{"BVyfDVRvfN2nOYOgU/gwwsxCus/RFm0GjaoQzRzb5cE0":{"chainKey":{"counter":-1,"key":"cyQa+8cP8ECDFMFZLISZsC2JGpOh7e0qlYtlHVJ3XwU="},"chainType":1,"messageKeys":{}}},"pendingPreKey":{"signedKeyId":7,"baseKey":"BdAB1zVd33QXFsMe8IAUg25o3tOcnySy3yY7yFAhbehF","preKeyId":5483694}},"BXVQZLv7z8mLRey+/fXrkLvdo7FFm1oNSPb6Eq8dvvxg":{"registrationId":959713722,"currentRatchet":{"ephemeralKeyPair":{"pubKey":"BQ660CpEsczQHLakdaKL/Y2tEIFwBIyV7gU6JpPUjEp2","privKey":"MEoCA3p0+YiSF2jklAbQcXulXILmnJRUXwe+uTYr63U="},"lastRemoteEphemeralKey":"BZR4ykE8+upxRq6JaFPnqJbNHjEGBt4qF5BKFYMVJQZP","previousCounter":0,"rootKey":"j8+Eoiyf+sqJcYqDK+Ms2g2+fB+vYfbEryqGSxpjmEE="},"indexInfo":{"baseKey":"BXVQZLv7z8mLRey+/fXrkLvdo7FFm1oNSPb6Eq8dvvxg","baseKeyType":1,"closed":-1,"used":1706241573262,"created":1706241573262,"remoteIdentityKey":"BUhmPY1aWTiwXr7HpqT932XvQ2h1cOYabtyOiaWCK2Vc"},"_chains":{"BQ660CpEsczQHLakdaKL/Y2tEIFwBIyV7gU6JpPUjEp2":{"chainKey":{"counter":7,"key":"F5mYDfIgu0A3mOVRN9BP9/+TGZcBeCdjMaqX9qbJ50A="},"chainType":1,"messageKeys":{}}},"pendingPreKey":{"signedKeyId":7,"baseKey":"BXVQZLv7z8mLRey+/fXrkLvdo7FFm1oNSPb6Eq8dvvxg","preKeyId":5483721}}},"version":"v1"}