{"_sessions":{"BaShvwhspXSz0NGVEVqgi1eapHY25SipFGPnuU+dhRgS":{"registrationId":2069146473,"currentRatchet":{"ephemeralKeyPair":{"pubKey":"BdWBktuuVVPxyx0ccZNaRA8gWy5nDwvvPLqhxHK7akVC","privKey":"AIPNoJnvjkPn/GORiSxIUpnVR7X85apeeJJ9EhvJNE4="},"lastRemoteEphemeralKey":"BTDdioeU2SI51s/X/N48eA9G71xuPsrwknpidl2uXGV6","previousCounter":0,"rootKey":"mGd60pyEtmKAWLr9ObQkByfvO7DBWi6A0L3AM2j7vOM="},"indexInfo":{"baseKey":"BaShvwhspXSz0NGVEVqgi1eapHY25SipFGPnuU+dhRgS","baseKeyType":2,"closed":-1,"used":1706234401739,"created":1706234401739,"remoteIdentityKey":"BXHO6f7f6gBtYp7dzcL6XGIXx+cYsQfO+oZoNPp32jME"},"_chains":{"BTDdioeU2SI51s/X/N48eA9G71xuPsrwknpidl2uXGV6":{"chainKey":{"counter":1,"key":"50oXixwcnulr0VatSjyaWJZpfXjd1lc3ekkBFeZ1dTw="},"chainType":2,"messageKeys":{}},"BdWBktuuVVPxyx0ccZNaRA8gWy5nDwvvPLqhxHK7akVC":{"chainKey":{"counter":7,"key":"r0LLAX/ZVAaafKtPV+sSyIeahHAHm74PS4ut+Qvugr8="},"chainType":1,"messageKeys":{}}}}},"version":"v1"}