{"_sessions":{"BeQYNTJca3/5yeOx40BUxIr6KG4XyownNAuynNYkh/B/":{"registrationId":83,"currentRatchet":{"ephemeralKeyPair":{"pubKey":"BWU+vfc6fHPuZlMywyDZby6GtJlyn0BZv4/q5SFrTQMF","privKey":"WJRc/uQX4vCZ6v1U/BRepmb6zcSEfhlXepJvfErpNHE="},"lastRemoteEphemeralKey":"BdpisPzHt2F565n7b3fpFrCrc3jnDWY0Bl2LVJkrCCNP","previousCounter":0,"rootKey":"PabD8X/HijgrNy+dqenozon3cf4KvpjZcPYj6CNGf04="},"indexInfo":{"baseKey":"BeQYNTJca3/5yeOx40BUxIr6KG4XyownNAuynNYkh/B/","baseKeyType":1,"closed":1706241573381,"used":1706241572675,"created":1706241572675,"remoteIdentityKey":"BQWsildCZuBwwAQspIQoWVon9WvwgOVTrxcXDvE1yMQP"},"_chains":{"BWU+vfc6fHPuZlMywyDZby6GtJlyn0BZv4/q5SFrTQMF":{"chainKey":{"counter":-1,"key":"KpUbTx53U03MOWQxu106Ru2BSscVS8aqWOEUpZlT+z0="},"chainType":1,"messageKeys":{}}},"pendingPreKey":{"signedKeyId":1,"baseKey":"BeQYNTJca3/5yeOx40BUxIr6KG4XyownNAuynNYkh/B/"}},"BUxTIi7BELOPi9HImBAAtieW3jC0KSFecHkw5KHbu1V7":{"registrationId":83,"currentRatchet":{"ephemeralKeyPair":{"pubKey":"BdvLaWDPzKFbEqUZ6zKuaAvJW0snde3ZXsLxbjqwTOwJ","privKey":"WNAjEpSvv9RFtpbHYKooM9sNb7hmQDFZsG+a7qvI+XE="},"lastRemoteEphemeralKey":"BdpisPzHt2F565n7b3fpFrCrc3jnDWY0Bl2LVJkrCCNP","previousCounter":0,"rootKey":"prQz9RuFY2IypFmmhxZKN+nF2wO5qNZ4EtG5XNXhhtk="},"indexInfo":{"baseKey":"BUxTIi7BELOPi9HImBAAtieW3jC0KSFecHkw5KHbu1V7","baseKeyType":1,"closed":-1,"used":1706241573378,"created":1706241573378,"remoteIdentityKey":"BQWsildCZuBwwAQspIQoWVon9WvwgOVTrxcXDvE1yMQP"},"_chains":{"BdvLaWDPzKFbEqUZ6zKuaAvJW0snde3ZXsLxbjqwTOwJ":{"chainKey":{"counter":7,"key":"/r+trGt/US8FJDUtVkXBiL2HHLgN/4ZDsF7c612yRBk="},"chainType":1,"messageKeys":{}}},"pendingPreKey":{"signedKeyId":1,"baseKey":"BUxTIi7BELOPi9HImBAAtieW3jC0KSFecHkw5KHbu1V7"}}},"version":"v1"}