{"_sessions":{"BfTkE7fdqYQnx12xp+6xMk1ldc1jLkcWi8azCAwm1jZq":{"registrationId":1873425492,"currentRatchet":{"ephemeralKeyPair":{"pubKey":"BcUg+KNz+tJzHTID1e40rRu19q9FlOzJ2TYCbMggVqlL","privKey":"4JSuGVJGTdL+mHRXl77DyRFDzcVImIuZlVkFkAiEx24="},"lastRemoteEphemeralKey":"BbkUOtLOLGd0hzV5PsdTMcWZz+4TpKthUY1FBfiEfWEI","previousCounter":2,"rootKey":"lW8UJ/gHGwceFmWjP6ZHbTD+jDkytvdsA3M5e3lIOsE="},"indexInfo":{"baseKey":"BfTkE7fdqYQnx12xp+6xMk1ldc1jLkcWi8azCAwm1jZq","baseKeyType":1,"closed":-1,"used":1706293936688,"created":1706203227945,"remoteIdentityKey":"Bd4BUcpASkl0LcFJ9PLSg/z+gJBGXGcexvH+GnQ42L8C"},"_chains":{"BbkUOtLOLGd0hzV5PsdTMcWZz+4TpKthUY1FBfiEfWEI":{"chainKey":{"counter":0,"key":"QTw+/5SItTm4ukBGvNcolJKfHv0egFFDc7m3yGG7wp0="},"chainType":2,"messageKeys":{}},"BcUg+KNz+tJzHTID1e40rRu19q9FlOzJ2TYCbMggVqlL":{"chainKey":{"counter":-1,"key":"o+jtlkq1apEKHpEfZpCW3iYmLyoJn5GrNDbni5cKrwg="},"chainType":1,"messageKeys":{}}}}},"version":"v1"}