{"_sessions":{"Bc19O7R3lh0CwSVt2bkyxvrF5s1t0U+783e2icI4ZKc6":{"registrationId":337698657,"currentRatchet":{"ephemeralKeyPair":{"pubKey":"BXhsvsgOQpVPEdnee6uN2Qh4WhqoPD6qjwr49ue1r2c3","privKey":"+MXwCztAwAPrSlA/NyTe3d51N212+yww1Z1XYmrdSWA="},"lastRemoteEphemeralKey":"BR14ll5LmbR9YUvKB64lZ4I7Gxi/jy2hxjYzXG/J/K0b","previousCounter":0,"rootKey":"CgrxKPRMOVA7//ghcihlfATIdzZUrzAHimvKZKg2ENc="},"indexInfo":{"baseKey":"Bc19O7R3lh0CwSVt2bkyxvrF5s1t0U+783e2icI4ZKc6","baseKeyType":1,"closed":-1,"used":1706203228306,"created":1706203228306,"remoteIdentityKey":"BYe/M4rLpyDnVtIeLG8IkO2ug/DYSLevN1fhniQXA7cL"},"_chains":{"BXhsvsgOQpVPEdnee6uN2Qh4WhqoPD6qjwr49ue1r2c3":{"chainKey":{"counter":2,"key":"VYpfL06gOFeoXyVee1S+yUZPSQcr+hh05Qt8rcYnHgQ="},"chainType":1,"messageKeys":{}}},"pendingPreKey":{"signedKeyId":2,"baseKey":"Bc19O7R3lh0CwSVt2bkyxvrF5s1t0U+783e2icI4ZKc6","preKeyId":12478341}}},"version":"v1"}