{"_sessions":{"BUmJ7Wvr+awh06T7FMKaKqRmP9SSgzBiaZ8SI8/0eeJm":{"registrationId":591150863,"currentRatchet":{"ephemeralKeyPair":{"pubKey":"BSKCq4wMyr6iGeSH6BxKJwQNFI+XXh9cVONxyk/dftNe","privKey":"2MCBrIJzpMre5qC/WKirpFzhixtEMv5bYbB00yTtIV0="},"lastRemoteEphemeralKey":"BYSAt4abx22Y9sNIF+KItrZCYB37uV2H3ZWWjqNzW59d","previousCounter":0,"rootKey":"WjAvDEvaAE03fnmkXaZHZZppsc7QAKyGLkzWXy/eg2o="},"indexInfo":{"baseKey":"BUmJ7Wvr+awh06T7FMKaKqRmP9SSgzBiaZ8SI8/0eeJm","baseKeyType":1,"closed":1706241573821,"used":1706241572787,"created":1706241572787,"remoteIdentityKey":"Beyn+wwWy5MxuiNOsEdJ9pmH3ZwUoPVudcqOYiFxZsBx"},"_chains":{"BSKCq4wMyr6iGeSH6BxKJwQNFI+XXh9cVONxyk/dftNe":{"chainKey":{"counter":-1,"key":"dSZ4J6hBrBkwTr9fGbbq5AEWSkOS7IWatRZyqdhQNnI="},"chainType":1,"messageKeys":{}}},"pendingPreKey":{"signedKeyId":4,"baseKey":"BUmJ7Wvr+awh06T7FMKaKqRmP9SSgzBiaZ8SI8/0eeJm","preKeyId":4577253}},"BbrdU4mTSbddPIr8SU7QV/Rmfg3odosGfDWkt7zharVi":{"registrationId":591150863,"currentRatchet":{"ephemeralKeyPair":{"pubKey":"BdvTx3s5z13hNBoaRab1XNU9RIjvidQ7hXVo4Mes3MlY","privKey":"+AMSuAiAvT4tweQKFt3tQ3EPB4/FlIJEeX3+ujsm7n0="},"lastRemoteEphemeralKey":"BYSAt4abx22Y9sNIF+KItrZCYB37uV2H3ZWWjqNzW59d","previousCounter":0,"rootKey":"oHgrtaIN9K33gyYVrNOYs9/KR/ufWLgNPIvVh5E60bc="},"indexInfo":{"baseKey":"BbrdU4mTSbddPIr8SU7QV/Rmfg3odosGfDWkt7zharVi","baseKeyType":1,"closed":-1,"used":1706241573819,"created":1706241573819,"remoteIdentityKey":"Beyn+wwWy5MxuiNOsEdJ9pmH3ZwUoPVudcqOYiFxZsBx"},"_chains":{"BdvTx3s5z13hNBoaRab1XNU9RIjvidQ7hXVo4Mes3MlY":{"chainKey":{"counter":7,"key":"ANEHPIyOgZgTK9wEAV3bZyYiesZ9FsG12bpDGoD2jFw="},"chainType":1,"messageKeys":{}}},"pendingPreKey":{"signedKeyId":4,"baseKey":"BbrdU4mTSbddPIr8SU7QV/Rmfg3odosGfDWkt7zharVi","preKeyId":4577197}}},"version":"v1"}