{"_sessions":{"BdhXs+UxgBc8Z3f+hN7ugrkqoZlYAz98tfkTk3WW71ld":{"registrationId":248115602,"currentRatchet":{"ephemeralKeyPair":{"pubKey":"BRuqrdNXtubF+oNyP31oYWybBlxwHY7pNEvWCFfd0u0M","privKey":"uOPE1tq2j8E8j9iWTlpSZsDe9rS1h+uuIWscalHG+no="},"lastRemoteEphemeralKey":"BWraKr4OIy3KTykv+5nrgmrynhc79EZanwcnssh9weds","previousCounter":0,"rootKey":"N/Sqv3UCDP3cUN0IVIFR80LAVMS2w6FuM0lzhpmOjmo="},"indexInfo":{"baseKey":"BdhXs+UxgBc8Z3f+hN7ugrkqoZlYAz98tfkTk3WW71ld","baseKeyType":1,"closed":1706241575143,"used":1706241573128,"created":1706241573128,"remoteIdentityKey":"BZg+QI0ST6bhm7/cfUPqqFl2rNSnOjTGFZF/vKwfdkI9"},"_chains":{"BRuqrdNXtubF+oNyP31oYWybBlxwHY7pNEvWCFfd0u0M":{"chainKey":{"counter":-1,"key":"cly2wQoh+1bQ6VI+eyg5qkB8/vzdpd1qQ4tNJdJJzs0="},"chainType":1,"messageKeys":{}}},"pendingPreKey":{"signedKeyId":1,"baseKey":"BdhXs+UxgBc8Z3f+hN7ugrkqoZlYAz98tfkTk3WW71ld","preKeyId":5171123}},"BeyBsHbEqOEn5Ey5Mth5OqONs78gD44pxIEWqC2yqNlG":{"registrationId":248115602,"currentRatchet":{"ephemeralKeyPair":{"pubKey":"BZPZvyTcVQURJP+0Zh9K3VbRbxh6BPbqpjF5Yb8/AMYa","privKey":"mNCzoSoRPhb6AVGNg+KPIfHAmNvC1hm0NQ/4KAwMW3w="},"lastRemoteEphemeralKey":"BWraKr4OIy3KTykv+5nrgmrynhc79EZanwcnssh9weds","previousCounter":0,"rootKey":"Rhmuz7+m72M0MfQ3gIskZL6l4BuQ0Ret+r7dFHa4hRU="},"indexInfo":{"baseKey":"BeyBsHbEqOEn5Ey5Mth5OqONs78gD44pxIEWqC2yqNlG","baseKeyType":1,"closed":-1,"used":1706241575142,"created":1706241575142,"remoteIdentityKey":"BZg+QI0ST6bhm7/cfUPqqFl2rNSnOjTGFZF/vKwfdkI9"},"_chains":{"BZPZvyTcVQURJP+0Zh9K3VbRbxh6BPbqpjF5Yb8/AMYa":{"chainKey":{"counter":7,"key":"OzQxPxh0CM+PnGyo7q06LKuakEb+XYIUr6IQDjQ0BTM="},"chainType":1,"messageKeys":{}}},"pendingPreKey":{"signedKeyId":1,"baseKey":"BeyBsHbEqOEn5Ey5Mth5OqONs78gD44pxIEWqC2yqNlG","preKeyId":5171076}}},"version":"v1"}