{"_sessions":{"BYXcxWsDmjC31LJjJrqfTQ8JF12Hv2Up3zxQDCHoHPRM":{"registrationId":1897637413,"currentRatchet":{"ephemeralKeyPair":{"pubKey":"BRCiMuEdeSLjWvFzy5+DvA7CgCq9Yhi8c37U03knSmN6","privKey":"MMukwUM+TkAqfMZYmCaaoH8NyuHaby4Ezh836GM4+V8="},"lastRemoteEphemeralKey":"BS8C0Asw8eIYz9ywjMRZHy4UCoG+X2AJGX+1rRn5Iv8V","previousCounter":0,"rootKey":"QbLrt0N2t5TsWwZnXfVSSmxb12znIj94fIyP2F3wi5A="},"indexInfo":{"baseKey":"BYXcxWsDmjC31LJjJrqfTQ8JF12Hv2Up3zxQDCHoHPRM","baseKeyType":1,"closed":1706241574536,"used":1706241572954,"created":1706241572954,"remoteIdentityKey":"BYvt1onWrAaSyElzW4KKeiVufNzdjLtRvM4JM0XiJ5Ed"},"_chains":{"BRCiMuEdeSLjWvFzy5+DvA7CgCq9Yhi8c37U03knSmN6":{"chainKey":{"counter":-1,"key":"zYcjTlxy/bikePSQyw9M93hFEvBClmikJ20Hbcsa+7Y="},"chainType":1,"messageKeys":{}}},"pendingPreKey":{"signedKeyId":6,"baseKey":"BYXcxWsDmjC31LJjJrqfTQ8JF12Hv2Up3zxQDCHoHPRM","preKeyId":4020183}},"BZ86TOQlI6YcrSfSzDrqPj2xRXWFJ+wvEtJZS8cysLN6":{"registrationId":1897637413,"currentRatchet":{"ephemeralKeyPair":{"pubKey":"BQE/9oFWmfzyGyyCbPGZjjCdfklNAlzqpuJK7IC4Xk8w","privKey":"UK7KOneZengHUyakL9MMudjQLYo5OjBKL+RuF+8Vxm8="},"lastRemoteEphemeralKey":"BS8C0Asw8eIYz9ywjMRZHy4UCoG+X2AJGX+1rRn5Iv8V","previousCounter":0,"rootKey":"En1p3HtlzEpCPU6RV8jmkNOAg1k8VcYJ4zBWeC0Qaew="},"indexInfo":{"baseKey":"BZ86TOQlI6YcrSfSzDrqPj2xRXWFJ+wvEtJZS8cysLN6","baseKeyType":1,"closed":-1,"used":1706241574534,"created":1706241574534,"remoteIdentityKey":"BYvt1onWrAaSyElzW4KKeiVufNzdjLtRvM4JM0XiJ5Ed"},"_chains":{"BQE/9oFWmfzyGyyCbPGZjjCdfklNAlzqpuJK7IC4Xk8w":{"chainKey":{"counter":7,"key":"MO0ffT7YTD0RlMoosDJ/y4sVtpji15wRsLYanNCvR5g="},"chainType":1,"messageKeys":{}}},"pendingPreKey":{"signedKeyId":6,"baseKey":"BZ86TOQlI6YcrSfSzDrqPj2xRXWFJ+wvEtJZS8cysLN6","preKeyId":4020154}}},"version":"v1"}