{"_sessions":{"BaQq6+bft9/ODyEwWEWsY+3HtQP6bhRsmVI6ehOU4L0/":{"registrationId":194875261,"currentRatchet":{"ephemeralKeyPair":{"pubKey":"BSyU3tDGBIdzJ/IlzyFkQIoXzKo5DpX4jxoD2hxXJqEP","privKey":"cB85Tq/1gE5tC18InsYo0sS0WVGLJYTbHnhOsamguGc="},"lastRemoteEphemeralKey":"BaaSssVyvPj2YU+IUDW4B9c8gl+Mjl2kF6Pp4VNhrRNK","previousCounter":0,"rootKey":"CLJZ0Sf+Pk8E9RLHBY6vV4Q1A0sE+oofwqPZUBQTbk8="},"indexInfo":{"baseKey":"BaQq6+bft9/ODyEwWEWsY+3HtQP6bhRsmVI6ehOU4L0/","baseKeyType":1,"closed":1706241574404,"used":1706241572911,"created":1706241572911,"remoteIdentityKey":"BUosaha8WSakW7erI/dFLrXJshX+PgoT5bOOQGcSopVG"},"_chains":{"BSyU3tDGBIdzJ/IlzyFkQIoXzKo5DpX4jxoD2hxXJqEP":{"chainKey":{"counter":-1,"key":"uSLIMuIdTRoSKHGYkTLFPlenw1kiCyA3DIcfaPzysP8="},"chainType":1,"messageKeys":{}}},"pendingPreKey":{"signedKeyId":0,"baseKey":"BaQq6+bft9/ODyEwWEWsY+3HtQP6bhRsmVI6ehOU4L0/","preKeyId":1673892}},"BQwKHqsIqN1nuwSJf3MfjmH8jcUQHsgmaoIBpP2U8r5D":{"registrationId":194875261,"currentRatchet":{"ephemeralKeyPair":{"pubKey":"Bb9hguM6+hSxOgaJonirLJcoXmXpOzHK+ira8wUveNg6","privKey":"oJ7XFLuI5g/p//fVe5EKaWaCJmy1SfN+hbG/XgPOJV0="},"lastRemoteEphemeralKey":"BaaSssVyvPj2YU+IUDW4B9c8gl+Mjl2kF6Pp4VNhrRNK","previousCounter":0,"rootKey":"veoWGXGOCTpcKqyxzO5DPFvXCq52h++EygGmTU0AzLo="},"indexInfo":{"baseKey":"BQwKHqsIqN1nuwSJf3MfjmH8jcUQHsgmaoIBpP2U8r5D","baseKeyType":1,"closed":-1,"used":1706241574402,"created":1706241574402,"remoteIdentityKey":"BUosaha8WSakW7erI/dFLrXJshX+PgoT5bOOQGcSopVG"},"_chains":{"Bb9hguM6+hSxOgaJonirLJcoXmXpOzHK+ira8wUveNg6":{"chainKey":{"counter":7,"key":"+PyQnfZvAXrrqgobREuaZSvkSyAuW+0kD0P/eqivKO4="},"chainType":1,"messageKeys":{}}},"pendingPreKey":{"signedKeyId":0,"baseKey":"BQwKHqsIqN1nuwSJf3MfjmH8jcUQHsgmaoIBpP2U8r5D","preKeyId":1673879}}},"version":"v1"}