{"_sessions":{"BXVOYATis1YoqjGiox4+1C6g0EoIG9pwxNAQ7o+dvIRz":{"registrationId":1957479310,"currentRatchet":{"ephemeralKeyPair":{"pubKey":"Bc8rGIA3khxAfGaxIiYgRjZXfatuHbEugAmV9FhRQeRM","privKey":"gIBZddhKZKib28ogiZZj6Pul775UAweffpnK0N0NuUI="},"lastRemoteEphemeralKey":"BXpxYh02FBOsgmp95fyl6ACs1GBEuPymFE1h0uCqiupv","previousCounter":0,"rootKey":"klCX7CZ95Z/CpnP9pcAC2vIF7EoeDut2fep3G2CvqUQ="},"indexInfo":{"baseKey":"BXVOYATis1YoqjGiox4+1C6g0EoIG9pwxNAQ7o+dvIRz","baseKeyType":1,"closed":-1,"used":1706203227990,"created":1706203227990,"remoteIdentityKey":"BdwdX6DC3HBZZSAXEiwxQ2VWstQw/uoDg9pmYe8L7L5b"},"_chains":{"Bc8rGIA3khxAfGaxIiYgRjZXfatuHbEugAmV9FhRQeRM":{"chainKey":{"counter":2,"key":"kA78X2tyEO5nC7z525USpJIaciWjABFslmrGUdoXr9Q="},"chainType":1,"messageKeys":{}}},"pendingPreKey":{"signedKeyId":4,"baseKey":"BXVOYATis1YoqjGiox4+1C6g0EoIG9pwxNAQ7o+dvIRz","preKeyId":5820514}}},"version":"v1"}