{"_sessions":{"BatjIoWYlVvv/VHsz5f8niSVzBBtIDczmR3yc+VvM7QM":{"registrationId":141053243,"currentRatchet":{"ephemeralKeyPair":{"pubKey":"BcZmKcD91wJVrl2l/hImgD5tLkqkaufpLhpx5hIPuLtY","privKey":"KHnMV1A0O2TWGhvyRbR5VMsbi8iLenkVX737YeZFz2Q="},"lastRemoteEphemeralKey":"BYuWuWVe20DkPzh5Tf+qTDawmF8YRf3vxkMYZgAIgGBH","previousCounter":0,"rootKey":"v4gntqpp24OYBKc+Q7O8yaHlJiAm3/DeB8TuqkHSvxU="},"indexInfo":{"baseKey":"BatjIoWYlVvv/VHsz5f8niSVzBBtIDczmR3yc+VvM7QM","baseKeyType":1,"closed":1706241573587,"used":1706241572723,"created":1706241572723,"remoteIdentityKey":"BauWmIcZdNfYcKe/i+aimjdIH1pO6/CrmktjDTFW6EQ5"},"_chains":{"BcZmKcD91wJVrl2l/hImgD5tLkqkaufpLhpx5hIPuLtY":{"chainKey":{"counter":-1,"key":"tfX2ZNsXqySDa4tvbt0qASswjNeKw01Uuo/lmCZhroU="},"chainType":1,"messageKeys":{}}},"pendingPreKey":{"signedKeyId":4,"baseKey":"BatjIoWYlVvv/VHsz5f8niSVzBBtIDczmR3yc+VvM7QM","preKeyId":15245689}},"BVOeOf9ZkZRy6P7EmF8diYAIkn4m3Csz7Pwg1xsywQkI":{"registrationId":141053243,"currentRatchet":{"ephemeralKeyPair":{"pubKey":"BeX5ni7gryOvDd0RAHoe+WAmfBU3/TTAwari7v4iXTQp","privKey":"gOvpmSi/ygG1dYfmz0jx2x6lYzqIzaPMoeuf/kHxQGo="},"lastRemoteEphemeralKey":"BYuWuWVe20DkPzh5Tf+qTDawmF8YRf3vxkMYZgAIgGBH","previousCounter":0,"rootKey":"DYR99wTqob3BUJxgN6YwQIDOYULXRUBxy4gn+tp2Q+4="},"indexInfo":{"baseKey":"BVOeOf9ZkZRy6P7EmF8diYAIkn4m3Csz7Pwg1xsywQkI","baseKeyType":1,"closed":-1,"used":1706241573585,"created":1706241573585,"remoteIdentityKey":"BauWmIcZdNfYcKe/i+aimjdIH1pO6/CrmktjDTFW6EQ5"},"_chains":{"BeX5ni7gryOvDd0RAHoe+WAmfBU3/TTAwari7v4iXTQp":{"chainKey":{"counter":7,"key":"7ktk+1Uu0QqT1YlpwCXSchITfX7sPvUeIFfd8wix/8k="},"chainType":1,"messageKeys":{}}},"pendingPreKey":{"signedKeyId":4,"baseKey":"BVOeOf9ZkZRy6P7EmF8diYAIkn4m3Csz7Pwg1xsywQkI","preKeyId":15246183}}},"version":"v1"}