{"_sessions":{"BbIXkP+uTfV/c9ovS8fM/uIg1m6NRKlapt+E/Yh3lA45":{"registrationId":1969155786,"currentRatchet":{"ephemeralKeyPair":{"pubKey":"BWCEy8XffahZK44duyucA2fEh9RPHNvhsR0iyHPGQaxN","privKey":"aOn6lK6yanY2iPrq0EjQsF5uXFUKqv2j0k/fJm9qrUw="},"lastRemoteEphemeralKey":"BaCpBoASAWuJhz/snsGna0jQsBWDDcdMr+4yPIbC5ChV","previousCounter":0,"rootKey":"e4YDXc39oikgnF0CgOvmLewJm2y2KOXA4pJ2wfbId6c="},"indexInfo":{"baseKey":"BbIXkP+uTfV/c9ovS8fM/uIg1m6NRKlapt+E/Yh3lA45","baseKeyType":2,"closed":-1,"used":1706234402784,"created":1706234402784,"remoteIdentityKey":"BSFDgMFzqC/dsolvRUT1fX3Bj4vQUFJ62aiAkBmWZLgd"},"_chains":{"BaCpBoASAWuJhz/snsGna0jQsBWDDcdMr+4yPIbC5ChV":{"chainKey":{"counter":2,"key":"TaE3oIAcsVldc70WdLbTjfn1ywywWD0G+yeC/VXBIrk="},"chainType":2,"messageKeys":{}},"BWCEy8XffahZK44duyucA2fEh9RPHNvhsR0iyHPGQaxN":{"chainKey":{"counter":7,"key":"JjCUKPZwEGPiiCNx5fKM/D20ldap1nEEDGI7sl9NzrA="},"chainType":1,"messageKeys":{}}}}},"version":"v1"}