{"_sessions":{"BbdWux/erGtEXlKmxaLK7GmnR18K/twH7yj3/caX59BB":{"registrationId":2093625571,"currentRatchet":{"ephemeralKeyPair":{"pubKey":"BZ7fZhbB1vmHHKqtNJa0ZC+eVVxYsY9HSF065J+A8cNp","privKey":"AHmidS1ZY9MCkBkLPxl/h+B3wRw0ThDAVKOVcsXQem0="},"lastRemoteEphemeralKey":"BXRGm8ChpPmoBsNBy1Iq0LcuyE+DYyBFaRceqhnrea4C","previousCounter":0,"rootKey":"mSmvr2tougE1WDYKiv7VLYA22TOtCxwik8+AL3ga6KE="},"indexInfo":{"baseKey":"BbdWux/erGtEXlKmxaLK7GmnR18K/twH7yj3/caX59BB","baseKeyType":1,"closed":-1,"used":1706203227981,"created":1706203227981,"remoteIdentityKey":"BSTyqKcoa2OGtLF+emYo8ZLyAYp8fXiWeRDUCl+9SpEV"},"_chains":{"BZ7fZhbB1vmHHKqtNJa0ZC+eVVxYsY9HSF065J+A8cNp":{"chainKey":{"counter":2,"key":"nWpCGHj0S7ZIUMzzz3dWGacruR3p4jdOguqMLQ2mhJ4="},"chainType":1,"messageKeys":{}}},"pendingPreKey":{"signedKeyId":0,"baseKey":"BbdWux/erGtEXlKmxaLK7GmnR18K/twH7yj3/caX59BB","preKeyId":61004}}},"version":"v1"}