{"_sessions":{"BclzPwyTIZ6fA5phgE6FoVFjyqMHrF85bCYPPU0mrQ0T":{"registrationId":354089150,"currentRatchet":{"ephemeralKeyPair":{"pubKey":"BbbMFIh1i2Wqvp2v/1/J3PN2L2VbQWXIXXtgl69+zREI","privKey":"uE/SuqBjwxjhWmXX6Pb5T8VKABMeFbQHAR/IjFcfEXY="},"lastRemoteEphemeralKey":"Bc/28WJs8A4t9Nyl8SagG12hg3FEyIkEe0CNGtvupjhP","previousCounter":0,"rootKey":"8EEgbF3joIJqa8mnJ4H3jGCNTHQ+VFNddkOimapOSnA="},"indexInfo":{"baseKey":"BclzPwyTIZ6fA5phgE6FoVFjyqMHrF85bCYPPU0mrQ0T","baseKeyType":2,"closed":-1,"used":1706263321619,"created":1706263321619,"remoteIdentityKey":"BaiEnm+WKDO2BrtbjUBMp+iplf/7YHo8DE+EtEyrfG9g"},"_chains":{"Bc/28WJs8A4t9Nyl8SagG12hg3FEyIkEe0CNGtvupjhP":{"chainKey":{"counter":0,"key":"p8Q0dkyvoWqxh1KDQcfmfrL5VadbxXQaYNvWq0Uxcgo="},"chainType":2,"messageKeys":{}},"BbbMFIh1i2Wqvp2v/1/J3PN2L2VbQWXIXXtgl69+zREI":{"chainKey":{"counter":-1,"key":"KJigVPO+8oIhFeZnOOJ/BbzFrFzJr7ZRMT45ITD2xPI="},"chainType":1,"messageKeys":{}}}}},"version":"v1"}