{"_sessions":{"BR02LfluzK0BQAlGbSqcxLVFBKUtvdKQElkmdYWNxGhx":{"registrationId":517279926,"currentRatchet":{"ephemeralKeyPair":{"pubKey":"BQdd/qitzqm51mnKNpUdIVhSAzrBzrGtaDCswf/KWHRV","privKey":"8HPl3VZ+D8rxpux6f/gz9SPQNiJ/Z9NJngWpeNNl+HU="},"lastRemoteEphemeralKey":"BVRZKzT8O/W8p9XBZwnVNfilw+hgCYyOdYB6K45KcW0y","previousCounter":0,"rootKey":"7I4nb9Fdrgl9m/atLNXxbWd6I94hFX8JimPQI2UoDYA="},"indexInfo":{"baseKey":"BR02LfluzK0BQAlGbSqcxLVFBKUtvdKQElkmdYWNxGhx","baseKeyType":1,"closed":1706241574346,"used":1706241572892,"created":1706241572892,"remoteIdentityKey":"BQA6Uj/F/j2iD6bQ8ewf2egOaLCo9bZtQkIB8YQkLXNS"},"_chains":{"BQdd/qitzqm51mnKNpUdIVhSAzrBzrGtaDCswf/KWHRV":{"chainKey":{"counter":-1,"key":"Az4ZAcGcPxP7/wrqMG8te40+SAuCTAu9pwVQxssQIOs="},"chainType":1,"messageKeys":{}}},"pendingPreKey":{"signedKeyId":1,"baseKey":"BR02LfluzK0BQAlGbSqcxLVFBKUtvdKQElkmdYWNxGhx","preKeyId":4147851}},"BcZ2dLLyEClvEBoHByv2om9cgxU73FrO1/0sZdlbZsR6":{"registrationId":517279926,"currentRatchet":{"ephemeralKeyPair":{"pubKey":"BTCywnAXVG1q7jilf1Dh9l4QU6/6zgX1YD+HqFTFIvx3","privKey":"eNZWvRxayBtSpMXNiI+Jzcu012PUhZIFo8bgCtY/kE0="},"lastRemoteEphemeralKey":"BVRZKzT8O/W8p9XBZwnVNfilw+hgCYyOdYB6K45KcW0y","previousCounter":0,"rootKey":"NhCifpZOqzNzcqShgGsUP/PPdjtFH6s1gQ9ND/zH3R8="},"indexInfo":{"baseKey":"BcZ2dLLyEClvEBoHByv2om9cgxU73FrO1/0sZdlbZsR6","baseKeyType":1,"closed":-1,"used":1706241574344,"created":1706241574344,"remoteIdentityKey":"BQA6Uj/F/j2iD6bQ8ewf2egOaLCo9bZtQkIB8YQkLXNS"},"_chains":{"BTCywnAXVG1q7jilf1Dh9l4QU6/6zgX1YD+HqFTFIvx3":{"chainKey":{"counter":7,"key":"PD4/K/LzsFtdNdk5igOH0kwhM5VdBeDkNQKPKZAZGQo="},"chainType":1,"messageKeys":{}}},"pendingPreKey":{"signedKeyId":1,"baseKey":"BcZ2dLLyEClvEBoHByv2om9cgxU73FrO1/0sZdlbZsR6","preKeyId":4147902}}},"version":"v1"}