{"_sessions":{"BRW8MZiNSnmDS+klyubXnIphOSxBzolB5/ocSaQyrOt5":{"registrationId":1079596637,"currentRatchet":{"ephemeralKeyPair":{"pubKey":"BXVPGgHkObtNSvpLkXbKEj1KraXyoHrJnqa08MmMmzYL","privKey":"eLy6VR+waZxrOwfUenM50KsgDyWM6TcBuj02PxCGqEI="},"lastRemoteEphemeralKey":"BVMSYMi8mMI6kZyW/kKFgmAIQg7bPvdVKd6TC45wGKUv","previousCounter":0,"rootKey":"slQS23r8ZHJP4DU9oHOESX+Fe+6oV6sz8A6xaOpXGyI="},"indexInfo":{"baseKey":"BRW8MZiNSnmDS+klyubXnIphOSxBzolB5/ocSaQyrOt5","baseKeyType":2,"closed":-1,"used":1706203778322,"created":1706203778322,"remoteIdentityKey":"BXJvKwsIkepVMUER0Fx0dGbhyKhLNdPIFpjlj3tL2109"},"_chains":{"BVMSYMi8mMI6kZyW/kKFgmAIQg7bPvdVKd6TC45wGKUv":{"chainKey":{"counter":0,"key":"TrsdN8eQhBqhwqAR27mFnSGgfSKyD80IMLjRRzNIFcM="},"chainType":2,"messageKeys":{}},"BXVPGgHkObtNSvpLkXbKEj1KraXyoHrJnqa08MmMmzYL":{"chainKey":{"counter":7,"key":"2rEW0ZacG08eSSKdhFS9GL5fvcEDc9jXlaWo0BUxRNY="},"chainType":1,"messageKeys":{}}}}},"version":"v1"}