{"_sessions":{"BRFdYnqlCiUYGNUM2DuYZB0nnR35+yCLFBHeKcGfHHI1":{"registrationId":112,"currentRatchet":{"ephemeralKeyPair":{"pubKey":"BT2o/ux3ShGGNPol/duR5YVssCoLdU0+BFNBEHK1taV4","privKey":"SJlnEtLutFk4iuVKvQVuZ71DJGhlvEctdQwCE2iAqFg="},"lastRemoteEphemeralKey":"BS3Aw9wxWloCQrNtSfieqbAbPGu1dyCYkwwhSjvw5eEh","previousCounter":0,"rootKey":"/qoRrDdLHMDOctmos9IftueoUQS6XoaEwUNVDIRq6q8="},"indexInfo":{"baseKey":"BRFdYnqlCiUYGNUM2DuYZB0nnR35+yCLFBHeKcGfHHI1","baseKeyType":1,"closed":1706241573446,"used":1706241572690,"created":1706241572690,"remoteIdentityKey":"BT6iOCkNsr6ZxeewUrOYAzZloBFOdqZE03b4u0GYIa4d"},"_chains":{"BT2o/ux3ShGGNPol/duR5YVssCoLdU0+BFNBEHK1taV4":{"chainKey":{"counter":-1,"key":"2pXarx8bRNl1qxFWvz3S8vz1IcdA5UFsJbywRrnVChc="},"chainType":1,"messageKeys":{}}},"pendingPreKey":{"signedKeyId":1,"baseKey":"BRFdYnqlCiUYGNUM2DuYZB0nnR35+yCLFBHeKcGfHHI1"}},"BYdtkNByVIXQvh+aSwOfQKaAubNoEJFxe9vmCPmvDNRI":{"registrationId":112,"currentRatchet":{"ephemeralKeyPair":{"pubKey":"BTPcKM8wS0KqY2pUYa4ucst6bxIMhpgrzKk54lPlGtsW","privKey":"wIoYxl4dbevLDfgCxBMQANtaRCH/NvfxjECanHuyNkQ="},"lastRemoteEphemeralKey":"BS3Aw9wxWloCQrNtSfieqbAbPGu1dyCYkwwhSjvw5eEh","previousCounter":0,"rootKey":"Cvue6ahAxbY5khF7tN31N2bsWnzQ8QrFjzMiGzhdOhY="},"indexInfo":{"baseKey":"BYdtkNByVIXQvh+aSwOfQKaAubNoEJFxe9vmCPmvDNRI","baseKeyType":1,"closed":-1,"used":1706241573444,"created":1706241573444,"remoteIdentityKey":"BT6iOCkNsr6ZxeewUrOYAzZloBFOdqZE03b4u0GYIa4d"},"_chains":{"BTPcKM8wS0KqY2pUYa4ucst6bxIMhpgrzKk54lPlGtsW":{"chainKey":{"counter":7,"key":"u8vG+nFnj4098QnOjTWVdLsJoAEl3cgPoGkF4TLwJQE="},"chainType":1,"messageKeys":{}}},"pendingPreKey":{"signedKeyId":1,"baseKey":"BYdtkNByVIXQvh+aSwOfQKaAubNoEJFxe9vmCPmvDNRI"}}},"version":"v1"}