{"_sessions":{"BfF4a65rYvBPuQi5TrFF2AG7OAg7etgJlQOnl+3DLDAI":{"registrationId":1164102042,"currentRatchet":{"ephemeralKeyPair":{"pubKey":"BXaL717JESAeB/UfnSkmIh/uBG1tErXWnIfud3SD42BD","privKey":"WGcVrShnEf0mIkX8cK9avT4+/RCkk4TppR0P+abFh2c="},"lastRemoteEphemeralKey":"BYEvZX2Hf/BO7h9JLmR7b2b3t/gOM+lgqTVboiibxS1h","previousCounter":0,"rootKey":"GwWYftkCYL/sWHpHdq0A1YEtypQTFq2GWi+Rz+/XrF4="},"indexInfo":{"baseKey":"BfF4a65rYvBPuQi5TrFF2AG7OAg7etgJlQOnl+3DLDAI","baseKeyType":1,"closed":-1,"used":1706203228211,"created":1706203228211,"remoteIdentityKey":"BQGP/7ov4g1WkBdeTS7/rR/x329xpdikdNF61p9d/qYJ"},"_chains":{"BXaL717JESAeB/UfnSkmIh/uBG1tErXWnIfud3SD42BD":{"chainKey":{"counter":2,"key":"CYhcXTviC1JkENpeDoeOvuN81VhHXAm6SYgpVO7i9zY="},"chainType":1,"messageKeys":{}}},"pendingPreKey":{"signedKeyId":0,"baseKey":"BfF4a65rYvBPuQi5TrFF2AG7OAg7etgJlQOnl+3DLDAI"}}},"version":"v1"}