{"_sessions":{"BVs9dS4BaKnOLxUDKRWTSF7PALfvHiXxhAjgL7bmoXtf":{"registrationId":793507960,"currentRatchet":{"ephemeralKeyPair":{"pubKey":"BffYoJe+3nYd1ksvifEdP/zVtkWJwgAQzUwyQ84tqx1Q","privKey":"kF2zn/Uh4J/EUzHCSp2CLHGe3BVgG81JPgSHQz5iKFI="},"lastRemoteEphemeralKey":"BRJHH6qATz1wlJgCSwGwVBCP7q9+4lIANrXDiMEAPO1M","previousCounter":0,"rootKey":"jPv0hbGuYvyJTtrP5gkUGfmrQpzhKJrVz4DeF90C660="},"indexInfo":{"baseKey":"BVs9dS4BaKnOLxUDKRWTSF7PALfvHiXxhAjgL7bmoXtf","baseKeyType":2,"closed":-1,"used":1706234401901,"created":1706234401901,"remoteIdentityKey":"BUTUXwaKpvPilA/clnsNLQuE3ullOZzaiadUTyfB6ZZn"},"_chains":{"BRJHH6qATz1wlJgCSwGwVBCP7q9+4lIANrXDiMEAPO1M":{"chainKey":{"counter":0,"key":"2fG4QZQKDU+9foK/e2r0Uaf8M56OeG+xuXMKdu9+ww0="},"chainType":2,"messageKeys":{}},"BffYoJe+3nYd1ksvifEdP/zVtkWJwgAQzUwyQ84tqx1Q":{"chainKey":{"counter":7,"key":"jpvBD35CrfL2FqKQDY+npH4figp/o0Ns+A3LlFbrVpU="},"chainType":1,"messageKeys":{}}}}},"version":"v1"}