{"_sessions":{"BffTN8gLNZesOniLzJB3BO/CB70lTlRoyX5U1P9+ZH0p":{"registrationId":1094658928,"currentRatchet":{"ephemeralKeyPair":{"pubKey":"BcbyEzMeGdpWw4f2FOkfbbw+oFfdeUzy7iVRNrvE/mZn","privKey":"gOSQslZqqcxoiB1OTSAyJk+Dx03gJ7dKi8fX86B/K2k="},"lastRemoteEphemeralKey":"BTRyzMe5LSFNno8+I3YkKr6DRDoX18TSpz/SbgQC5sJy","previousCounter":0,"rootKey":"nG/7tu32Sb6UflNAsxt0mhTWusQocZksCjpuGDuwtBk="},"indexInfo":{"baseKey":"BffTN8gLNZesOniLzJB3BO/CB70lTlRoyX5U1P9+ZH0p","baseKeyType":1,"closed":1706241573530,"used":1706241572708,"created":1706241572708,"remoteIdentityKey":"BRO+zy2MLvxUT0d9PQ5jmHPIARQb4+tqrIb6EAYKJ14u"},"_chains":{"BcbyEzMeGdpWw4f2FOkfbbw+oFfdeUzy7iVRNrvE/mZn":{"chainKey":{"counter":-1,"key":"1pHKLjt3Spu9xN5GDU6nFLMTHPi/iTjfxZsHwmSrvE4="},"chainType":1,"messageKeys":{}}},"pendingPreKey":{"signedKeyId":16,"baseKey":"BffTN8gLNZesOniLzJB3BO/CB70lTlRoyX5U1P9+ZH0p","preKeyId":2102579}},"BQKOc1KkIoKx+Hxp4pzJ5yz9KGQcrXHhpfMFmFIZRIkC":{"registrationId":1094658928,"currentRatchet":{"ephemeralKeyPair":{"pubKey":"BWV56xAwMh0PUWx5dguA4co0JkPjTjgMqsoFYyPvk0o2","privKey":"kO13y6NILnchCEoiUKcpYbfHFPCmqhyzF7OWxJhy52E="},"lastRemoteEphemeralKey":"BTRyzMe5LSFNno8+I3YkKr6DRDoX18TSpz/SbgQC5sJy","previousCounter":0,"rootKey":"KWoT42QmsvE8OvgIEZtowN+wy6+t2BIhfjXgUEsUjgs="},"indexInfo":{"baseKey":"BQKOc1KkIoKx+Hxp4pzJ5yz9KGQcrXHhpfMFmFIZRIkC","baseKeyType":1,"closed":-1,"used":1706241573528,"created":1706241573528,"remoteIdentityKey":"BRO+zy2MLvxUT0d9PQ5jmHPIARQb4+tqrIb6EAYKJ14u"},"_chains":{"BWV56xAwMh0PUWx5dguA4co0JkPjTjgMqsoFYyPvk0o2":{"chainKey":{"counter":7,"key":"xGsy5emjc6E1925qawCsx/3eENRhVfxgA0sdA43GAJE="},"chainType":1,"messageKeys":{}}},"pendingPreKey":{"signedKeyId":16,"baseKey":"BQKOc1KkIoKx+Hxp4pzJ5yz9KGQcrXHhpfMFmFIZRIkC","preKeyId":2102577}}},"version":"v1"}