{"_sessions":{"BQIwGS+j35ASnRNKc5TmAUWK28b/h4Vez2Mhr+OjTktJ":{"registrationId":16092449,"currentRatchet":{"ephemeralKeyPair":{"pubKey":"BRfwbBvpBKoVBTVdLcC6Zcl4cMh2PDkLmoMm4JjjfE8v","privKey":"6MZm+5rczalu78BZQCHR1Ue/xrwDmhl691QeiLMluW8="},"lastRemoteEphemeralKey":"BYVBGdYHl0BKJwh+fnQLaoShXDagCDXt3iho3bWbopcL","previousCounter":201,"rootKey":"/nxfOH4Vbr5qbsYWxlIJ7cGuWmW2bR/SepfJ2fuVhLE="},"indexInfo":{"baseKey":"BQIwGS+j35ASnRNKc5TmAUWK28b/h4Vez2Mhr+OjTktJ","baseKeyType":2,"closed":-1,"used":1706243757128,"created":1706203146793,"remoteIdentityKey":"BZk0WnFrGIsJdMadHwOgRyGf3kvBTCiXHXCBg9zVgbcK"},"_chains":{"BRneTSPpxVMh+9sv8jofMZZgJtjrJkop4cQqxSENpt9k":{"chainKey":{"counter":8},"chainType":2,"messageKeys":{}},"BYVBGdYHl0BKJwh+fnQLaoShXDagCDXt3iho3bWbopcL":{"chainKey":{"counter":0,"key":"JOgITQeos8x24U/E3HbwtSt6AvkGdm7oZOSRoEH2vZA="},"chainType":2,"messageKeys":{}},"BRfwbBvpBKoVBTVdLcC6Zcl4cMh2PDkLmoMm4JjjfE8v":{"chainKey":{"counter":225,"key":"mrM3rO07ImihmXssK2+3ubgD9bzJtn/PKWiyZzY7w7s="},"chainType":1,"messageKeys":{}}}}},"version":"v1"}