{"_sessions":{"BReE0Q9kYvRni6JzH19c4O5bgWWxJ1jLf++1jaDfIiNt":{"registrationId":1591989426,"currentRatchet":{"ephemeralKeyPair":{"pubKey":"BYcQHrMjuIYgfVa37Uu8CkWOlTt79nsivqwP5qhoXRQY","privKey":"uFoBG0+tj2U6hN+jYfrlQF6/HV2IpsO4e2if62PwwnQ="},"lastRemoteEphemeralKey":"BYjmmoclZo0u+UpJtAy1wGLlPZR1mcQaP3g66odTqx1h","previousCounter":6,"rootKey":"Nke31cyIQQKVKQQp7bmVsRbwA3ZZyNpHTqLVZ6lyJNk="},"indexInfo":{"baseKey":"BReE0Q9kYvRni6JzH19c4O5bgWWxJ1jLf++1jaDfIiNt","baseKeyType":2,"closed":-1,"used":1706242285394,"created":1706213285919,"remoteIdentityKey":"BWVm3UXRvz3CTcc31fVlR92SjK9ue6c+CQ0TDbQaHOtH"},"_chains":{"BWd+XK68brP1X06KCyu58KS5Z07Ydxo0u5dH48kEVplL":{"chainKey":{"counter":0},"chainType":2,"messageKeys":{}},"BYjmmoclZo0u+UpJtAy1wGLlPZR1mcQaP3g66odTqx1h":{"chainKey":{"counter":0,"key":"fuV9SxNIGDtA6LYQxp6R6d3rfMrB1r94Fw/850rgfDw="},"chainType":2,"messageKeys":{}},"BYcQHrMjuIYgfVa37Uu8CkWOlTt79nsivqwP5qhoXRQY":{"chainKey":{"counter":0,"key":"O6Si44aiJPCTsaEDN0h0GS4K8yHgvWFbfUCdugk+s8g="},"chainType":1,"messageKeys":{}}}}},"version":"v1"}