{"_sessions":{"BTuFhOwev/Y/oxk5cHCGltWdJGJnukKTyEWSB7jJOxkM":{"registrationId":1472255877,"currentRatchet":{"ephemeralKeyPair":{"pubKey":"BWlD5LaPw0PBubHN2WiM+1AaFVts/4vMx233uVVOztUC","privKey":"+NNqhECSJKzDTFybrEXt4pJvmKwrvz2yXr9TSJILb2c="},"lastRemoteEphemeralKey":"BcPeo/aa81Y65c/nr+nFuyYxg9LVxKuNJ0VEDxkR9BBY","previousCounter":0,"rootKey":"tVrQk/alONLP9Zu60sR+KgWQFV8bNbVuG0PnIwgT+T0="},"indexInfo":{"baseKey":"BTuFhOwev/Y/oxk5cHCGltWdJGJnukKTyEWSB7jJOxkM","baseKeyType":2,"closed":-1,"used":1706234402717,"created":1706234402717,"remoteIdentityKey":"BfHlb2DM91x80lYWFjbVDngMASt+4YRIPuW0DBBjrN0l"},"_chains":{"BcPeo/aa81Y65c/nr+nFuyYxg9LVxKuNJ0VEDxkR9BBY":{"chainKey":{"counter":0,"key":"Ycj+bAaxaSTgV0W6gqiF1igHaOwa2Iwk/I2DDFoAHNc="},"chainType":2,"messageKeys":{}},"BWlD5LaPw0PBubHN2WiM+1AaFVts/4vMx233uVVOztUC":{"chainKey":{"counter":7,"key":"VIJ0a4DRMC20ZvUtTTThcbjfnewhWUKqeVe7ZbBRwmk="},"chainType":1,"messageKeys":{}}}}},"version":"v1"}