{"_sessions":{"Bb5LHVlCEKNVXgmrzWsQdBi3kyUCpS/kdhSK+xE0LY1c":{"registrationId":2047787710,"currentRatchet":{"ephemeralKeyPair":{"pubKey":"BS5wHxQLM8UxQqcymqPN0nInaewe4/4nfafClAw7HAIs","privKey":"UNntgeJsFviF+ZjN0QBOKuXcZ+34hFTk0WHNzjXRcFA="},"lastRemoteEphemeralKey":"BUcQ8XnRXjUV67JstpFci+fGc/350SKonLkkF16aCNcG","previousCounter":1,"rootKey":"fpGgf8656kXcCHMmJEFeLKvH8q/ITF9F6yyNkdM9DiY="},"indexInfo":{"baseKey":"Bb5LHVlCEKNVXgmrzWsQdBi3kyUCpS/kdhSK+xE0LY1c","baseKeyType":1,"closed":-1,"used":1706242510284,"created":1706203228015,"remoteIdentityKey":"BXy06LWl887TohVBictQCz9zxAwwVIucinGuy4TJRM4x"},"_chains":{"BUcQ8XnRXjUV67JstpFci+fGc/350SKonLkkF16aCNcG":{"chainKey":{"counter":0,"key":"JHgM7i5xWdOl1DKCIxTO8u3VU2OzXV8ack0cI6czbCs="},"chainType":2,"messageKeys":{}},"BS5wHxQLM8UxQqcymqPN0nInaewe4/4nfafClAw7HAIs":{"chainKey":{"counter":0,"key":"skDKEtjWeafrGy2EoP4nt6RNtdVFNIFppXBJzS1S0I0="},"chainType":1,"messageKeys":{}}}}},"version":"v1"}