{"_sessions":{"BQJjdV3J1tMP823BuOxIk8oqnWrjBVTwjcBnIBu++CMQ":{"registrationId":1598281797,"currentRatchet":{"ephemeralKeyPair":{"pubKey":"BYLCgMbaXUM9n4ohNUv/1x4xnP1MOA1904UfXFmk17db","privKey":"aAc0zAYjt0xp/b5yT7dM76HF3O3E7XLC+QetiWTLvVA="},"lastRemoteEphemeralKey":"BVQGBJyXuSa0CQK3KwQGcosgWApNnsBYbZm1808buEs7","previousCounter":0,"rootKey":"rAlxNa47F9yxqD5iHF+JkixT3JFHjP6aqXaYDEz+a3I="},"indexInfo":{"baseKey":"BQJjdV3J1tMP823BuOxIk8oqnWrjBVTwjcBnIBu++CMQ","baseKeyType":1,"closed":-1,"used":1706203227995,"created":1706203227995,"remoteIdentityKey":"BfdKB9PwYHQgw8Dltwvsft8+qFkMsG4DkzirFWn4vNAg"},"_chains":{"BYLCgMbaXUM9n4ohNUv/1x4xnP1MOA1904UfXFmk17db":{"chainKey":{"counter":2,"key":"srNe872PxDgAyJAqFg3C86wI+2tGUxd7buw+ZKzTueQ="},"chainType":1,"messageKeys":{}}},"pendingPreKey":{"signedKeyId":1,"baseKey":"BQJjdV3J1tMP823BuOxIk8oqnWrjBVTwjcBnIBu++CMQ"}}},"version":"v1"}