{"_sessions":{"BfnSpD1Xu1UNDUdj1cXwgjEQBamZwmoBwwoq2AnFIuoc":{"registrationId":1966964949,"currentRatchet":{"ephemeralKeyPair":{"pubKey":"BWVIkjWN1W8GpcFYwpv/EIqrPXMXVMVmNDJ8Iidpo+YF","privKey":"ePPqtGrSmxaL6ODBiY7ASAmay+5RSQ1uKw/Evxu08kw="},"lastRemoteEphemeralKey":"BaEvQCdBRyIwFkdon6p+nUZHfB+axAvaGPK/LNB7NaFj","previousCounter":0,"rootKey":"mPgfeTa36lplRxUFQ3K2dqSgIRrObtWFZQcp/y3+QMM="},"indexInfo":{"baseKey":"BfnSpD1Xu1UNDUdj1cXwgjEQBamZwmoBwwoq2AnFIuoc","baseKeyType":1,"closed":1706241574206,"used":1706241572862,"created":1706241572862,"remoteIdentityKey":"BQVtWPDtWgbY5Ss+fBvLoOAV4NTbOlLNFsYiMJXsElcz"},"_chains":{"BWVIkjWN1W8GpcFYwpv/EIqrPXMXVMVmNDJ8Iidpo+YF":{"chainKey":{"counter":-1,"key":"lp19Gxx2a/MTHZ661COOd99ut4UZ2pp9LuKj7GCw/WQ="},"chainType":1,"messageKeys":{}}},"pendingPreKey":{"signedKeyId":2,"baseKey":"BfnSpD1Xu1UNDUdj1cXwgjEQBamZwmoBwwoq2AnFIuoc","preKeyId":972589}},"Bc9A9SBFwCLI/5Edj3z4wn52ruP+OYnuJGwM7sDaI6sP":{"registrationId":1966964949,"currentRatchet":{"ephemeralKeyPair":{"pubKey":"BR59wppnhJ6HPtuHEZQz5eSL3AaS43DYI7W3+fS9Fchz","privKey":"YMIXxj1OoHsi1ulz5ZcFNmzt68CXVKv9Er/SUIbPVUs="},"lastRemoteEphemeralKey":"BaEvQCdBRyIwFkdon6p+nUZHfB+axAvaGPK/LNB7NaFj","previousCounter":0,"rootKey":"m/JAhpTvfL9P/GIrvrR6iiiTGKEylPsvtzwq0KgGQuM="},"indexInfo":{"baseKey":"Bc9A9SBFwCLI/5Edj3z4wn52ruP+OYnuJGwM7sDaI6sP","baseKeyType":1,"closed":-1,"used":1706241574204,"created":1706241574204,"remoteIdentityKey":"BQVtWPDtWgbY5Ss+fBvLoOAV4NTbOlLNFsYiMJXsElcz"},"_chains":{"BR59wppnhJ6HPtuHEZQz5eSL3AaS43DYI7W3+fS9Fchz":{"chainKey":{"counter":7,"key":"29+MCUuS957fw5+b8vgptGUHTAHATxWEccWOs86YI/Y="},"chainType":1,"messageKeys":{}}},"pendingPreKey":{"signedKeyId":2,"baseKey":"Bc9A9SBFwCLI/5Edj3z4wn52ruP+OYnuJGwM7sDaI6sP","preKeyId":972674}}},"version":"v1"}