{"_sessions":{"BTgl+FWT6WG7pJD8DeAWG3RzYIt9C/wjNqx/AZt26f1B":{"registrationId":15224,"currentRatchet":{"ephemeralKeyPair":{"pubKey":"BcweIBVfH1CsE6LqzvtNgb38ILx1Je9LYKaquftBNBs0","privKey":"qFcBuSQ0QNhrWTtMjo5pgW8opLUMj/J0hQItyDOJL1E="},"lastRemoteEphemeralKey":"BWT8qRa7b2ZTSz5QMs8CTR2C7hAzejE5Owny+Jkx/Z0k","previousCounter":0,"rootKey":"piH/jBqM4msLROdp1Jq57zU9ZJzKVcaZz2fVJCzZT1U="},"indexInfo":{"baseKey":"BTgl+FWT6WG7pJD8DeAWG3RzYIt9C/wjNqx/AZt26f1B","baseKeyType":1,"closed":-1,"used":1706203227921,"created":1706203227921,"remoteIdentityKey":"BXyfrQh8oULXX68M7OkdJ9P3nORg4afnWa6je7wcVohk"},"_chains":{"BcweIBVfH1CsE6LqzvtNgb38ILx1Je9LYKaquftBNBs0":{"chainKey":{"counter":2,"key":"4u8XSCXMuesk9TI9Hh/y6XAJ4t7k9ekDzqKORxZvitk="},"chainType":1,"messageKeys":{}}},"pendingPreKey":{"signedKeyId":1,"baseKey":"BTgl+FWT6WG7pJD8DeAWG3RzYIt9C/wjNqx/AZt26f1B","preKeyId":169}}},"version":"v1"}