{"_sessions":{"BSiiEqeyWwDxWGZBvRP0AfmftuuLgTzxLvng/1TcfqRD":{"registrationId":1717568904,"currentRatchet":{"ephemeralKeyPair":{"pubKey":"BW846GxWkyT1K8+ewa29ECgGR8a/yW3gpc0yfbkXw11p","privKey":"SGjd/BuQipXpU3rpbb3lizdMZA4bXjtZgrweYsmzP3c="},"lastRemoteEphemeralKey":"BS5q9yWqabUXdmBSwKP5JXA8CluCSeNXe5eZ5kFoiWs7","previousCounter":0,"rootKey":"JXx9GOya7zCfU3q5rZ70PEGsEpBQpuAAVr2U7jsfpec="},"indexInfo":{"baseKey":"BSiiEqeyWwDxWGZBvRP0AfmftuuLgTzxLvng/1TcfqRD","baseKeyType":2,"closed":-1,"used":1706240654427,"created":1706240654427,"remoteIdentityKey":"BYFqh9ALzZAkMcIQJde7ssU6IN/zkWWhdPsg5Skf7tAv"},"_chains":{"BS5q9yWqabUXdmBSwKP5JXA8CluCSeNXe5eZ5kFoiWs7":{"chainKey":{"counter":0,"key":"DOpHkMIXnWRcB2NJPSIQW9oxupj8QulHRys9zejrdt0="},"chainType":2,"messageKeys":{}},"BW846GxWkyT1K8+ewa29ECgGR8a/yW3gpc0yfbkXw11p":{"chainKey":{"counter":-1,"key":"ffteWwx4J56l9DLb5je5qbWIRJuddM1C/+m0zrEcNqk="},"chainType":1,"messageKeys":{}}}}},"version":"v1"}