{"_sessions":{"BeF7gzk8UJgzdBms3epqQYwRQvvEEjnYscfw/bApqR8x":{"registrationId":4288,"currentRatchet":{"ephemeralKeyPair":{"pubKey":"BVxn6Sh9wSJVQuGkJESveOhk24cuQ4CN6sczjUm42NV/","privKey":"IKJogxLLGCTlsFrl5tOeWQM9u10pk5RVBB+pMixgH3c="},"lastRemoteEphemeralKey":"BZNybhciD6Qb3EDLOVkkzos1GNi95sBWWWcPDigtNs0F","previousCounter":0,"rootKey":"0DMuMsaFXyQaCOhguobMEhpsjPODK4SyWdI6ApBwNls="},"indexInfo":{"baseKey":"BeF7gzk8UJgzdBms3epqQYwRQvvEEjnYscfw/bApqR8x","baseKeyType":1,"closed":1706241573336,"used":1706241572667,"created":1706241572667,"remoteIdentityKey":"BdaYtdoI32aKei6XplGvagKCzJIyPttmdPD04mTskBFS"},"_chains":{"BVxn6Sh9wSJVQuGkJESveOhk24cuQ4CN6sczjUm42NV/":{"chainKey":{"counter":-1,"key":"qceK29JPiDGBokFRX3YwLfTs3S6Or2kNecwpbFoWBOg="},"chainType":1,"messageKeys":{}}},"pendingPreKey":{"signedKeyId":1,"baseKey":"BeF7gzk8UJgzdBms3epqQYwRQvvEEjnYscfw/bApqR8x"}},"BaZV0iNBm4fbDc7AN1N5l79k/jzE1cTn8flQ5vxpNM4e":{"registrationId":4288,"currentRatchet":{"ephemeralKeyPair":{"pubKey":"BX1mX6AASvSUQ2l01DurhmHcjVfSTbNaM++05LNK64FI","privKey":"aAhcwpCLQ3Z06Hi7Tc4NgzHw6Aq4+xIzNBeIYED1y1w="},"lastRemoteEphemeralKey":"BZNybhciD6Qb3EDLOVkkzos1GNi95sBWWWcPDigtNs0F","previousCounter":0,"rootKey":"2SS2MmjptgLqglbbWzT3wjQ2I71hVEqanpLZ3oQLBfE="},"indexInfo":{"baseKey":"BaZV0iNBm4fbDc7AN1N5l79k/jzE1cTn8flQ5vxpNM4e","baseKeyType":1,"closed":-1,"used":1706241573334,"created":1706241573334,"remoteIdentityKey":"BdaYtdoI32aKei6XplGvagKCzJIyPttmdPD04mTskBFS"},"_chains":{"BX1mX6AASvSUQ2l01DurhmHcjVfSTbNaM++05LNK64FI":{"chainKey":{"counter":7,"key":"Z1oHdtFhi8jsxzQIzmE0Gd+xjtB0c/oHaNIg+8HvKoY="},"chainType":1,"messageKeys":{}}},"pendingPreKey":{"signedKeyId":1,"baseKey":"BaZV0iNBm4fbDc7AN1N5l79k/jzE1cTn8flQ5vxpNM4e"}}},"version":"v1"}