{"_sessions":{"BUUFll/Y6qmT+gUP3625A3GewklqGIvQdLUNzTyEPFVc":{"registrationId":2001209907,"currentRatchet":{"ephemeralKeyPair":{"pubKey":"BSQDAbZgK/OIjnfALgcCkJARRU9wKaMk4FpvcY6plTo9","privKey":"aLIWMs9WTRAeDZzjPz9TqXJCgb4kps12eEGBzgdE+Eo="},"lastRemoteEphemeralKey":"Bac96o/DmMO7lxlzx/F10re2NMAcgx1i9G0gd+PtWlx/","previousCounter":0,"rootKey":"ImLIcMviuVECNfd8X5EsC6O8YqfCmeRW/DAUiTn8y4M="},"indexInfo":{"baseKey":"BUUFll/Y6qmT+gUP3625A3GewklqGIvQdLUNzTyEPFVc","baseKeyType":1,"closed":-1,"used":1706203227976,"created":1706203227976,"remoteIdentityKey":"BRUa9uEb5rmBvBKJ/HPdURo7V4cMgl7duuHU7Ujo1ToN"},"_chains":{"BSQDAbZgK/OIjnfALgcCkJARRU9wKaMk4FpvcY6plTo9":{"chainKey":{"counter":2,"key":"30UsRqyn0hiqOJCFFG6nppEtqhLdE7vLymyWRyujNhU="},"chainType":1,"messageKeys":{}}},"pendingPreKey":{"signedKeyId":14,"baseKey":"BUUFll/Y6qmT+gUP3625A3GewklqGIvQdLUNzTyEPFVc","preKeyId":16516196}}},"version":"v1"}