{"_sessions":{"BZeioOrbcNYKkiOVNNi21U0wScp/1HT1ZH0h9M3TxYcT":{"registrationId":47939310,"currentRatchet":{"ephemeralKeyPair":{"pubKey":"BZ+y7r3FsqCrFjGZkMPij0dtnN1iW9qrCCGOsnGBz/sa","privKey":"2KtXuPtJ04EGfJIHzbF/70/sz16JaT9RnUVGCwKXdUU="},"lastRemoteEphemeralKey":"BWMpwUKTzHFavAHipyZ4zFb8HpcMSOMxSk+3CyN1XQwz","previousCounter":0,"rootKey":"MiI6IbONEnoCqeIL6ssCLliY10tBLAdl2XSJKEzjao4="},"indexInfo":{"baseKey":"BZeioOrbcNYKkiOVNNi21U0wScp/1HT1ZH0h9M3TxYcT","baseKeyType":1,"closed":1706241574758,"used":1706241573017,"created":1706241573017,"remoteIdentityKey":"BbrNNZGguMEtyoNIx7amQNgCb5KogI863y5pTqfhoIV5"},"_chains":{"BZ+y7r3FsqCrFjGZkMPij0dtnN1iW9qrCCGOsnGBz/sa":{"chainKey":{"counter":-1,"key":"F7XvW7odlZjkSwOWLC6DwYf3TYwRsrgPfq4siNfeOJY="},"chainType":1,"messageKeys":{}}},"pendingPreKey":{"signedKeyId":0,"baseKey":"BZeioOrbcNYKkiOVNNi21U0wScp/1HT1ZH0h9M3TxYcT","preKeyId":15941027}},"BZr6QK/OBY7st8OhluuBi940l2pK/fuF0GO+p1x4tn0q":{"registrationId":47939310,"currentRatchet":{"ephemeralKeyPair":{"pubKey":"BZaiwOfJW8byH5eTrPLVZa1x67UVfByiJnL4YC5R7CdR","privKey":"QEjlVofT/sSiJt15UQMChrInQh9gT872bkWsgmmsN0w="},"lastRemoteEphemeralKey":"BWMpwUKTzHFavAHipyZ4zFb8HpcMSOMxSk+3CyN1XQwz","previousCounter":0,"rootKey":"xX+r/GlsLA8ZP916575upufQQJ9Ijcs3kQ7Xg3yaEj8="},"indexInfo":{"baseKey":"BZr6QK/OBY7st8OhluuBi940l2pK/fuF0GO+p1x4tn0q","baseKeyType":1,"closed":-1,"used":1706241574756,"created":1706241574756,"remoteIdentityKey":"BbrNNZGguMEtyoNIx7amQNgCb5KogI863y5pTqfhoIV5"},"_chains":{"BZaiwOfJW8byH5eTrPLVZa1x67UVfByiJnL4YC5R7CdR":{"chainKey":{"counter":7,"key":"UDPjFuCT2MrwNN9y0Oe5iQq3usdK0mufwFOjx5wOkOc="},"chainType":1,"messageKeys":{}}},"pendingPreKey":{"signedKeyId":0,"baseKey":"BZr6QK/OBY7st8OhluuBi940l2pK/fuF0GO+p1x4tn0q","preKeyId":15940948}}},"version":"v1"}