{"_sessions":{"BWPiGfkTjY81aIIf2TwgRs5VBoijerlHZ89BKP2Ywtom":{"registrationId":3330,"currentRatchet":{"ephemeralKeyPair":{"pubKey":"BUEUi7CsFLofR1qQxsv6cfyTTe13k02RCToRTzPJ8i8X","privKey":"qGjkTwikthdtt8YWTGxypGPA662mR0oHEMsJ2uR4/WI="},"lastRemoteEphemeralKey":"BbdWHDWYdl1NB93jNOWgUFVu8GkbGYgditUeCJtnnKAi","previousCounter":0,"rootKey":"4diQv0euQDTD+7D356mV+HLBLkqNFMjXzYNJYu75fyY="},"indexInfo":{"baseKey":"BWPiGfkTjY81aIIf2TwgRs5VBoijerlHZ89BKP2Ywtom","baseKeyType":1,"closed":1706241573353,"used":1706241572670,"created":1706241572670,"remoteIdentityKey":"BZa2HpdCH5cvCdaIWQu4LZw/VPSlafjNqFzpSeKSh0YJ"},"_chains":{"BUEUi7CsFLofR1qQxsv6cfyTTe13k02RCToRTzPJ8i8X":{"chainKey":{"counter":-1,"key":"qA5NlQDMe2LmEqHn50k1A2R3ZxObWuEmRCM82RGI6WA="},"chainType":1,"messageKeys":{}}},"pendingPreKey":{"signedKeyId":1,"baseKey":"BWPiGfkTjY81aIIf2TwgRs5VBoijerlHZ89BKP2Ywtom"}},"BRZkC3nuGsAxcPOWg7oHLqph6Io/KXkQ97quvWoRrRN2":{"registrationId":3330,"currentRatchet":{"ephemeralKeyPair":{"pubKey":"Bd39nzsHr4TtlWMB0Yo+d0cKKbWYVLWuBAchtry6KDte","privKey":"2IKYgbAhBnORY+unA3Vnc/FSRsHo314N9/7waV0SC0c="},"lastRemoteEphemeralKey":"BbdWHDWYdl1NB93jNOWgUFVu8GkbGYgditUeCJtnnKAi","previousCounter":0,"rootKey":"5/xNQJLCTloNkqvT75hlo9OwkQIQv5g0sI0LvSp/Zsg="},"indexInfo":{"baseKey":"BRZkC3nuGsAxcPOWg7oHLqph6Io/KXkQ97quvWoRrRN2","baseKeyType":1,"closed":-1,"used":1706241573352,"created":1706241573351,"remoteIdentityKey":"BZa2HpdCH5cvCdaIWQu4LZw/VPSlafjNqFzpSeKSh0YJ"},"_chains":{"Bd39nzsHr4TtlWMB0Yo+d0cKKbWYVLWuBAchtry6KDte":{"chainKey":{"counter":7,"key":"Mbs+1/glbiNykhAr1N0AwTOgXxPpbIf9lt3/O0UFlzQ="},"chainType":1,"messageKeys":{}}},"pendingPreKey":{"signedKeyId":1,"baseKey":"BRZkC3nuGsAxcPOWg7oHLqph6Io/KXkQ97quvWoRrRN2"}}},"version":"v1"}