{"_sessions":{"BST0lvv7BLeMrVSNF4j9HtTBC3YeB8jtwU9M5GE44GVA":{"registrationId":539091025,"currentRatchet":{"ephemeralKeyPair":{"pubKey":"BatwMRICC5Vn2+MdqGKwq31gdBOfdkR78KCxCI7hKvJN","privKey":"eKregcMtCNnR+Zc9GCEyIqMnjV92dlo8b2lNfUHQRW0="},"lastRemoteEphemeralKey":"BWT7zWARtup9GjTE/XbjG/wraYy20iwcVlkmOojrm2da","previousCounter":1,"rootKey":"d+aKykbqDGXgpJRNGX07as/J/fNMMPq274AcCDIzvss="},"indexInfo":{"baseKey":"BST0lvv7BLeMrVSNF4j9HtTBC3YeB8jtwU9M5GE44GVA","baseKeyType":2,"closed":-1,"used":1706241588235,"created":1706240122325,"remoteIdentityKey":"BTFMxPAaiPX4V41GuZLo25k+8vOdpoplXvD4d+ZipI5g"},"_chains":{"Bbhx53K2QJIvWXFly8xFThjhDekse96JhmDguUrgTeZE":{"chainKey":{"counter":0},"chainType":2,"messageKeys":{}},"BWT7zWARtup9GjTE/XbjG/wraYy20iwcVlkmOojrm2da":{"chainKey":{"counter":0,"key":"PtVx2DwaGj9dO9KSM35ABzxw9ZsQIkboBwPU6EQTRP4="},"chainType":2,"messageKeys":{}},"BatwMRICC5Vn2+MdqGKwq31gdBOfdkR78KCxCI7hKvJN":{"chainKey":{"counter":5,"key":"SQKmHob6IutwT8NEYsbD3z8Cx2o7rE23jPhT49t1k0w="},"chainType":1,"messageKeys":{}}}}},"version":"v1"}