{"_sessions":{"BegFelBjUTyFPTPpQ+e0uw9UFlac3G5xUslZHnVCYlYY":{"registrationId":485827228,"currentRatchet":{"ephemeralKeyPair":{"pubKey":"Bff8IfEO2iR6NG6pl5deQ3jYEAA2Hcu1edtuFqEW72dU","privKey":"qCP+v3FE1HXUbaW0xD4kTBPrp9hEGbxvg93jBuVGTG8="},"lastRemoteEphemeralKey":"BfsNFcOgZE6OVtVAiaJgdZE7oe9YFHJCt8ZVUtJYe6EE","previousCounter":0,"rootKey":"xvc3eh2AqmUCLKmTHaQNgffWGjsDnsLmJLhBoirMdbU="},"indexInfo":{"baseKey":"BegFelBjUTyFPTPpQ+e0uw9UFlac3G5xUslZHnVCYlYY","baseKeyType":1,"closed":1706241573799,"used":1706241572776,"created":1706241572776,"remoteIdentityKey":"BXoVnlj4LB/ZjV6Y4ZRceVMr3NU30o6t2NraUzD3ATZJ"},"_chains":{"Bff8IfEO2iR6NG6pl5deQ3jYEAA2Hcu1edtuFqEW72dU":{"chainKey":{"counter":-1,"key":"DlChRQ9ZoPXiFBgYBxmRGmFoAxJIuNNRL5mpvAdZhAY="},"chainType":1,"messageKeys":{}}},"pendingPreKey":{"signedKeyId":3,"baseKey":"BegFelBjUTyFPTPpQ+e0uw9UFlac3G5xUslZHnVCYlYY","preKeyId":13593750}},"BXBCLLgBwwktZ5LWrBK79Jgkqn2bjUrT9w5NCTipuihe":{"registrationId":485827228,"currentRatchet":{"ephemeralKeyPair":{"pubKey":"BVN7d5VcB6rl7ChwffkQcexHeNSfZe66l3z49CGWKnNn","privKey":"cMvMNW8q9wXxCNvg5HGmp2y98ez7It34ax9tDE3oVU4="},"lastRemoteEphemeralKey":"BfsNFcOgZE6OVtVAiaJgdZE7oe9YFHJCt8ZVUtJYe6EE","previousCounter":0,"rootKey":"HXrxlHrTj6wTYC2Az+Ix7sMMdKwWtOTmsKTS7zggMJk="},"indexInfo":{"baseKey":"BXBCLLgBwwktZ5LWrBK79Jgkqn2bjUrT9w5NCTipuihe","baseKeyType":1,"closed":-1,"used":1706241573794,"created":1706241573794,"remoteIdentityKey":"BXoVnlj4LB/ZjV6Y4ZRceVMr3NU30o6t2NraUzD3ATZJ"},"_chains":{"BVN7d5VcB6rl7ChwffkQcexHeNSfZe66l3z49CGWKnNn":{"chainKey":{"counter":7,"key":"Sq4TmuygGPFyeKSbEy+1CyrWks2vy1JRGf+z8N0tSkg="},"chainType":1,"messageKeys":{}}},"pendingPreKey":{"signedKeyId":3,"baseKey":"BXBCLLgBwwktZ5LWrBK79Jgkqn2bjUrT9w5NCTipuihe","preKeyId":13594039}}},"version":"v1"}