{"_sessions":{"BeJxJjipfWxnzLPrC5XCN649mG+GMtSiVmXxTc5/wWtS":{"registrationId":1932433708,"currentRatchet":{"ephemeralKeyPair":{"pubKey":"BQdfTGwMHz/SlCeZfvphiqs8YSnErvj/9vk9kCSMOGAL","privKey":"wA8PNjroAbTgxZ6w+tsbgMLooPKSAzSwEGYsWiVEbUE="},"lastRemoteEphemeralKey":"Bd4jMv0JgQwekeK58c6M6GALOd3S8N8MQRkh/q9qdBNI","previousCounter":0,"rootKey":"CCITCPtrVxtm4PTsHCLeTRLrGxQzr5BzMoBTXnwSakw="},"indexInfo":{"baseKey":"BeJxJjipfWxnzLPrC5XCN649mG+GMtSiVmXxTc5/wWtS","baseKeyType":1,"closed":1706241573698,"used":1706241572746,"created":1706241572746,"remoteIdentityKey":"BUsn2MdFM4DFjR9/6RQqMFwu78GqVzea+xZ1A9ne6gIp"},"_chains":{"BQdfTGwMHz/SlCeZfvphiqs8YSnErvj/9vk9kCSMOGAL":{"chainKey":{"counter":-1,"key":"gXz/XmcgKu7qJ89tpj+fR4W36nwN9e22HHVI3F21ZIc="},"chainType":1,"messageKeys":{}}},"pendingPreKey":{"signedKeyId":0,"baseKey":"BeJxJjipfWxnzLPrC5XCN649mG+GMtSiVmXxTc5/wWtS","preKeyId":9334251}},"BXohpYAyJu7hrkzxcj2N7lhiFKJHgJOdQf7g0K/CcvVt":{"registrationId":1932433708,"currentRatchet":{"ephemeralKeyPair":{"pubKey":"BQy3hOVV/x5wGI5XZXzUx6izKY6qQOGvvl44NkTJTy5W","privKey":"yKU8UU+CCaEsuSl79zLvshLoVdd87Ve/Sf3IzQ6/pH8="},"lastRemoteEphemeralKey":"Bd4jMv0JgQwekeK58c6M6GALOd3S8N8MQRkh/q9qdBNI","previousCounter":0,"rootKey":"Xx8fN/hgWwvssgeHQnZJdDkLLWpdh7dujFx4Y3V9K6A="},"indexInfo":{"baseKey":"BXohpYAyJu7hrkzxcj2N7lhiFKJHgJOdQf7g0K/CcvVt","baseKeyType":1,"closed":-1,"used":1706241573696,"created":1706241573696,"remoteIdentityKey":"BUsn2MdFM4DFjR9/6RQqMFwu78GqVzea+xZ1A9ne6gIp"},"_chains":{"BQy3hOVV/x5wGI5XZXzUx6izKY6qQOGvvl44NkTJTy5W":{"chainKey":{"counter":7,"key":"vri5K2uVpkov4vTuIYmVDVuqDO5Dn6itEr/Z9VQQgPc="},"chainType":1,"messageKeys":{}}},"pendingPreKey":{"signedKeyId":0,"baseKey":"BXohpYAyJu7hrkzxcj2N7lhiFKJHgJOdQf7g0K/CcvVt","preKeyId":9334299}}},"version":"v1"}