{"_sessions":{"BRaNfCsgQF+VFmqZbk6niBPmMurnCtnKKdfbQoqYrSBR":{"registrationId":1085095879,"currentRatchet":{"ephemeralKeyPair":{"pubKey":"Ba6SJjj0rn7g3r849F1mnoGF2N+G/zjuynDOTpIkx4px","privKey":"eEENk86Uybj5RLDUCGnjXUlcN18ByfNkMjPo+hRB6Gg="},"lastRemoteEphemeralKey":"BTyYfGEvX6iaOp672U33TFjoJg+d9fkNASM6jlwm/LJ9","previousCounter":0,"rootKey":"c2Rdx7zHNXLin0Udse5q/a7oHsI7eiU4sbtubgPFsrU="},"indexInfo":{"baseKey":"BRaNfCsgQF+VFmqZbk6niBPmMurnCtnKKdfbQoqYrSBR","baseKeyType":2,"closed":-1,"used":1706328123201,"created":1706203178282,"remoteIdentityKey":"BXO8RMlugKNvyxb6yC6622mVLTZLk3gxYcLjBvTmEAVz"},"_chains":{"BWT0kx0UNPNzjdviGEsKyvJUlc/rYszDcS+Z0MmlNBRv":{"chainKey":{"counter":1},"chainType":2,"messageKeys":{}},"BU5rOgbWRiXgZFaRniFJ/2Ga9YjkAXilzgbSCAfhwa8x":{"chainKey":{"counter":0},"chainType":2,"messageKeys":{}},"BYCgiSS2Ojle4/wxf7VFtbhKHpQyXi9CWlCCXZD7AQkW":{"chainKey":{"counter":0},"chainType":2,"messageKeys":{}},"BbzysCC2MsftEr9m6HBj8egU9aE8MZ4IY4wqJZlS4742":{"chainKey":{"counter":0},"chainType":2,"messageKeys":{}},"BUt6gWzw7tvkyfMmzcX+VwnTvESYkB1HFUoRviTkRks3":{"chainKey":{"counter":0},"chainType":2,"messageKeys":{}},"Bezd+F7mZfox43soycVtIFegDr08bo5rziy0TkGqXhNJ":{"chainKey":{"counter":0},"chainType":2,"messageKeys":{}},"BXMSKu9drGAHEFKjn8nURNT50tsjBS9aUfzqAcGdt4ZT":{"chainKey":{"counter":0},"chainType":2,"messageKeys":{}},"BfSiREP8MCITgoCc7+duP2N78RBc34o26hoaxcf85GAF":{"chainKey":{"counter":1},"chainType":2,"messageKeys":{}},"BTwI5iNmFkd1jQpSZLDyp1iSQGREEnFTHIYrBttdMmJy":{"chainKey":{"counter":0},"chainType":2,"messageKeys":{}},"BW+MURaH5AFY25ggEmEWOv8jzZXJjFlSXu+1FvjX3XNi":{"chainKey":{"counter":0},"chainType":2,"messageKeys":{}},"BdpxkxQClIk8d467xEN5Gelw5BbOcpKtVASdDcdICgB7":{"chainKey":{"counter":0},"chainType":2,"messageKeys":{}},"BQAQ40tXCVtH5OGmOSHOy1D4GSXg6/Yuf2mxA5lLchR9":{"chainKey":{"counter":0},"chainType":2,"messageKeys":{}},"BY/M+vmxgzkiJLF0Xh8B+ZACAarFMsZYQzF9IsDl3xwj":{"chainKey":{"counter":6},"chainType":2,"messageKeys":{}},"BbcVyJOLPEE9CzKBR+1PMIz9tBfRc1qgKRDMsr99Do0k":{"chainKey":{"counter":0},"chainType":2,"messageKeys":{}},"BWLWKw8yMmETQcAtjxXz7fo0KMIGGX/jqZHbvJBcUU5b":{"chainKey":{"counter":0},"chainType":2,"messageKeys":{}},"Bbv7r34AuC5horDd1CuyshLgC6N+nCMPoUF4v7UCm5pS":{"chainKey":{"counter":0},"chainType":2,"messageKeys":{}},"BTmDvqsikqtKkGg8LGeFQNd72aYMFC1qbIojdbTLHHJm":{"chainKey":{"counter":0},"chainType":2,"messageKeys":{}},"BSBQLRDU4lghq3yuiq0SSvwqIcn9dVi9m++59tpDI5w1":{"chainKey":{"counter":1},"chainType":2,"messageKeys":{}},"BQ0YteWX9jwI4VQytrwqCVtFWD3NHOoTOt8g1OdxWfg2":{"chainKey":{"counter":6},"chainType":2,"messageKeys":{}},"BV3WwY3oZb27CGB20s2+sITf5+VoiCi4yXaaplNuxktu":{"chainKey":{"counter":0},"chainType":2,"messageKeys":{}},"BYR3RopGMJsD4V/Lq3nAuXqKmkTUei6dFhsJQUjVvCh7":{"chainKey":{"counter":0},"chainType":2,"messageKeys":{}},"BVZFMba5XCa+0GF2J69HDwtS+niR3ZijP9PvSRWU9W5A":{"chainKey":{"counter":0},"chainType":2,"messageKeys":{}},"BZE2rzwXmRrL6Ey2SAyXxQAX7s+b4qq0hTuDRFW2bHRe":{"chainKey":{"counter":1},"chainType":2,"messageKeys":{}},"BXdO2CKGmXHiI91sOpzTz6a7+g3//ZbvCNPYzJHr9mAg":{"chainKey":{"counter":0},"chainType":2,"messageKeys":{}},"BUDGxmDu8xkfxPh2Gyfcubq+xFC5JQPy0SaqdOM0FnA2":{"chainKey":{"counter":0},"chainType":2,"messageKeys":{}},"Be+dAaI1MJDOTS0tzDOKf9SbUQIb4t+7pdmYFgwm/npd":{"chainKey":{"counter":0},"chainType":2,"messageKeys":{}},"BY+FYF8scfD1D3YmP0LsPoSWzjbXt/i2xShPJC9J6BtH":{"chainKey":{"counter":0},"chainType":2,"messageKeys":{}},"BQeXL9k/X6hZhvfuk94dG1cZ0nkyode3q4fdnsqRS/Z6":{"chainKey":{"counter":0},"chainType":2,"messageKeys":{}},"BRPrhEgDDHhclgCBUjFLw2rnqecvIlqwoB3qaoK4Jw19":{"chainKey":{"counter":0},"chainType":2,"messageKeys":{}},"BW9oREqQyI7DNkHyzntJXyDqvFaJjj/NSB5fsDaJo4Y+":{"chainKey":{"counter":0},"chainType":2,"messageKeys":{}},"BcKUjYzaf5/ros9jfoq9XJhWYnW612n7iBXoeBM4oFAL":{"chainKey":{"counter":0},"chainType":2,"messageKeys":{}},"BQH6VZc+LlqY3uYMR2M0LX2rHTuYbqmocFqm1A3zxWox":{"chainKey":{"counter":0},"chainType":2,"messageKeys":{}},"Begw1PjaG9kRNwG3Qw4Wnas61r4cr22buWyr4SnNoG4/":{"chainKey":{"counter":2},"chainType":2,"messageKeys":{}},"BV7wQGDso9PGACB+cLyxUZ48CWMKhzgBf/xbEjd0CQ4K":{"chainKey":{"counter":0},"chainType":2,"messageKeys":{}},"BWMGVhgOVuZhvIgk9JZGAJv4on0EF6Kx10KYbEgGlOgB":{"chainKey":{"counter":0},"chainType":2,"messageKeys":{}},"BaKsX8eht8vwkN8kTqG6rOGDFChXpiIlI7eh8IM2mMNF":{"chainKey":{"counter":0},"chainType":2,"messageKeys":{}},"BRk9FYQh/1g8RKue48IOBX7/MhOCroBjXTf6U1LbNFkD":{"chainKey":{"counter":0},"chainType":2,"messageKeys":{}},"BfqeAbFfaiQcB4cNvQs0fK9sD3lYHxoZa2SPWzZfD7gH":{"chainKey":{"counter":0},"chainType":2,"messageKeys":{}},"BfKKLMAlpjFbgjQaDo2n7K1+XoAAA+3seBs49Qh+lsZL":{"chainKey":{"counter":0},"chainType":2,"messageKeys":{}},"BWMZFUMPZQFZLcd3/+KJcg1be7qin2K1Q6WWPSxDvkI2":{"chainKey":{"counter":0},"chainType":2,"messageKeys":{}},"BQE4dOuUHmH8SR7jbx61uUxlP79Kk0IBS2pQrOTlFQsB":{"chainKey":{"counter":0},"chainType":2,"messageKeys":{}},"BQ8utbXO/dsnCg3ho+ebvYsSClGKxYBd2Irh4Y1JUwId":{"chainKey":{"counter":0},"chainType":2,"messageKeys":{}},"BbW9WCE4T/euMA833YGeuElm1a//0AF9nI6k13xusN5/":{"chainKey":{"counter":51},"chainType":2,"messageKeys":{}},"BbiRgnzp/E0UBT5whzyFLbqfSbUNZO5+lFWaoVcEjA4i":{"chainKey":{"counter":0},"chainType":2,"messageKeys":{}},"BRhxrwrwMl5YMV07YH5n/EF1vGCvPb3v02aAHj9rtaV6":{"chainKey":{"counter":8},"chainType":2,"messageKeys":{}},"BXajX8wM8C0ME5nsxlyCxyc98hok6arAj129YIPrUf4M":{"chainKey":{"counter":0},"chainType":2,"messageKeys":{}},"Be6mKP9+H/a1gnbAioZeLWe8SHGId5qgRUi6yjK5jCMc":{"chainKey":{"counter":2},"chainType":2,"messageKeys":{}},"BRdnrjeWlucxmG7QCudzUjESPNap4FjKjErpMdI2KckL":{"chainKey":{"counter":0},"chainType":2,"messageKeys":{}},"BTVx4YXC03KFMB4HjO/kmVhSb4DHdFE2i6NLSwb8U69A":{"chainKey":{"counter":0},"chainType":2,"messageKeys":{}},"BRaiirvijSnGBjwIlJolfMgeMid6kNvkEOTgt9s5qpN2":{"chainKey":{"counter":0},"chainType":2,"messageKeys":{}},"BZD4PjvIbjzEiTv3+z+HqE9JqBV4oIUDCqcFQROy6/Nu":{"chainKey":{"counter":0},"chainType":2,"messageKeys":{}},"BR2GA/0VeI1xy1Xg6jgrY8hJRNT35rFSYY1XR6yA73xp":{"chainKey":{"counter":0},"chainType":2,"messageKeys":{}},"BTfd60hNkg7+wloLqm79t5j7lCVzqUW+OgRwYaUwuv0x":{"chainKey":{"counter":0},"chainType":2,"messageKeys":{}},"BeYzlkP4Jczu4x3uZ9gw5VM0pBc659BwypAYxENJV9Fa":{"chainKey":{"counter":0},"chainType":2,"messageKeys":{}},"Bb+cfNtRJtB3rFNiZwGBH+LwOdaNi+3rKnM/CDgj730d":{"chainKey":{"counter":1},"chainType":2,"messageKeys":{}},"Bf9Iy6dI2sEmpc8Lxs/SbB4v2ik4ePIU+f+uyz+DHs9W":{"chainKey":{"counter":0},"chainType":2,"messageKeys":{}},"Bas7SbVUr8CU8ypQq897HQFB7B8tdviFL9v90OIZAEws":{"chainKey":{"counter":0},"chainType":2,"messageKeys":{}},"BYe0ZKxE6Pni+s8Cr1KA8VOtPgm1bafDV3cC0uGZ6FA7":{"chainKey":{"counter":0},"chainType":2,"messageKeys":{}},"BcMlxJ6sUwqJ7dZ7GrNODNfvIBvxNFUc4SoXSrsNfQda":{"chainKey":{"counter":0},"chainType":2,"messageKeys":{}},"BWQ321hhKLyQn/SzHHdEwzgNsjOQXS5pse46Em0InSoN":{"chainKey":{"counter":0},"chainType":2,"messageKeys":{}},"BZUCD4zoHp+086mZ8YYh2lF2c9a2Rg6yvlVwIcEq83Vh":{"chainKey":{"counter":0},"chainType":2,"messageKeys":{}},"BX333reGJM9lIm7fLhJtgY/+eBe4RPme/qJ/FCkI59NM":{"chainKey":{"counter":0},"chainType":2,"messageKeys":{}},"BbS6srZMKKpjlEuqmQJItNoMVzqBmqI3mtl5Utlx9voZ":{"chainKey":{"counter":0},"chainType":2,"messageKeys":{}},"Bedlm7HtNh/M7r9ko/kh6du2+inn2GP7Y+o5Jb2/Kmd/":{"chainKey":{"counter":0},"chainType":2,"messageKeys":{}},"BZ1XbWD34D1WT1atBodm92DAXo1MpLPX+YiK/KyzWz1y":{"chainKey":{"counter":4},"chainType":2,"messageKeys":{}},"Bdxca3Z3t+ohv2+VL3SUM+yJPUUAOilLhJJXyyGUj/EQ":{"chainKey":{"counter":0},"chainType":2,"messageKeys":{}},"BSmeSUIAOORTtZ4b7BpT8xQXgsqc5j0t0BNQqcx2FqtD":{"chainKey":{"counter":0},"chainType":2,"messageKeys":{}},"Ba9cxxTwr4juCes0etFUE0JAutmorjHjEm91pIsOq8QA":{"chainKey":{"counter":0},"chainType":2,"messageKeys":{}},"BXtQUxhs3kE4Xafp9pjQfsfyKcilKVV6YtpkAye5m2c7":{"chainKey":{"counter":1},"chainType":2,"messageKeys":{}},"BYBwAuDU40XjlZj/bRe4yhLCZPBqxKOEKY+q3YBCwnRZ":{"chainKey":{"counter":0},"chainType":2,"messageKeys":{}},"BW9TDlbP4yUZZwZrAKgCvfVWTJBkQFLJB3TYsUwKXAhV":{"chainKey":{"counter":0},"chainType":2,"messageKeys":{}},"BaAea/+fRtO33F+wWLvcBJdB4fENzc4Il3tdYaXciJsf":{"chainKey":{"counter":5},"chainType":2,"messageKeys":{}},"Bd1lrrwJY8ra2zSUo508UzhunV8K6xnhjBMLrXut8o1T":{"chainKey":{"counter":0},"chainType":2,"messageKeys":{}},"BQkzTkXwk2ETWuPub7prOtOPnWnHuloi/Bt4dMlSx10R":{"chainKey":{"counter":2},"chainType":2,"messageKeys":{}},"Bbs8tV4Sm7ITDPPjBjG2Kha4CiP1Uehk9Ic2h3sFaoYI":{"chainKey":{"counter":0},"chainType":2,"messageKeys":{}},"BYRbDTUg166sVns8zgQGrj5ahQi9PW4tFl7SGxifpDMH":{"chainKey":{"counter":0},"chainType":2,"messageKeys":{}},"BbHRI2GPSK6ePjppInI66LZacSrmisX1CaUyg7kt5dEV":{"chainKey":{"counter":1},"chainType":2,"messageKeys":{}},"BU0hwZBuUTioY6yLaJ/HgYBSmfHwZ7JxOEGFOwLwfK8s":{"chainKey":{"counter":0},"chainType":2,"messageKeys":{}},"BZIRAHOn6ZtfVRjfFpp9IPug+NNs+DG0c1hcMRgOHBga":{"chainKey":{"counter":0},"chainType":2,"messageKeys":{}},"BW7yyQggnfb9RP1qzPwZG7JNwxzujC7553TdTHOuZo1r":{"chainKey":{"counter":0},"chainType":2,"messageKeys":{}},"Bdtb2JQrOAaBEgmVxT4/js1z41Mu3ooo+tHPeCRwCjMG":{"chainKey":{"counter":0},"chainType":2,"messageKeys":{}},"BUSQP6JWVZdPSk7X5qODK6Rh+W+Oox4bjBVEc5igX/dL":{"chainKey":{"counter":0},"chainType":2,"messageKeys":{}},"BRoC3u2jcLBqOQIaDT6bLXspKrmF68hVMGzOERswFtgJ":{"chainKey":{"counter":0},"chainType":2,"messageKeys":{}},"BTX2IMPKC1T981zSMHB9r2Xvq5n+4SX+uX12B5iBEgoB":{"chainKey":{"counter":0},"chainType":2,"messageKeys":{}},"BaPAICoq7KZL0Is1U7WCrysoFbWgtrSpo7XVuC7XYm1K":{"chainKey":{"counter":0},"chainType":2,"messageKeys":{}},"BYAbwU4TciFCCkHCdIrV+dP+2PCX3lbl323CpnQs65M6":{"chainKey":{"counter":1},"chainType":2,"messageKeys":{}},"BRv4T3Qs1tJIZf2F6StbEJHHbzfuI29FXa00GX68chYm":{"chainKey":{"counter":1},"chainType":2,"messageKeys":{}},"Beq/vpD9uDq16wF87rJ7kLcPETZKnA22Vd8g4hkV4/h1":{"chainKey":{"counter":0},"chainType":2,"messageKeys":{}},"BfIJHONVztCkogS1iOoYLLPytQGTVZ55BZMY46j1ERg0":{"chainKey":{"counter":0},"chainType":2,"messageKeys":{}},"BfswiB9Y5EhmSMh3pP0lTwuF1SwkthBn8sGTINp9ppxJ":{"chainKey":{"counter":0},"chainType":2,"messageKeys":{}},"BX460QeNXAMdkCKylbURzVho3xrtt9uXvgYvSuFOROQr":{"chainKey":{"counter":3},"chainType":2,"messageKeys":{}},"BX9DHDBQ5waGkhz6r8gLjizmu2jX81zqPqnwcpXq8qAJ":{"chainKey":{"counter":0},"chainType":2,"messageKeys":{}},"BTgSLN98J1aaTdlazCfQt0batSbiP+G0Amr2F4og+W4U":{"chainKey":{"counter":0},"chainType":2,"messageKeys":{}},"BdV2M5vH7dAK251xivnkj4FlyDzvJFNs/zakcvxW2Ash":{"chainKey":{"counter":0},"chainType":2,"messageKeys":{}},"BS8CjNjcexABJPrrBuicvO1mIvLhROjFnkBgAfbk6V8Q":{"chainKey":{"counter":0},"chainType":2,"messageKeys":{}},"BYJcChItd9to8D6cKqIf/wkNN8G7Ta+0xXoeBH/qlNRM":{"chainKey":{"counter":0},"chainType":2,"messageKeys":{}},"BSuUupwnyYF7L6V0aZpSeCnetqIRVNU7oh2PLu0R/hML":{"chainKey":{"counter":1},"chainType":2,"messageKeys":{}},"BcVoL8ZXDbIgDSHdSla9Y56xDoq4a7xFnPYPoJRa0cQ8":{"chainKey":{"counter":0},"chainType":2,"messageKeys":{}},"BeTmZ8NIhEeAy9dkP4l0wS3fvp7kEv+L+V7A9op0PSZT":{"chainKey":{"counter":0},"chainType":2,"messageKeys":{}},"BcjvKqRFiBEWwIrRkWiQP+vSgfZrHWd+ypiHlXgni5Ev":{"chainKey":{"counter":0},"chainType":2,"messageKeys":{}},"BQ2lhX0I2RQfGXxQOcxSzppcFzabiPJhOyyh5M1Dh5RN":{"chainKey":{"counter":0},"chainType":2,"messageKeys":{}},"Ba7A9oduR4kWuQCOR4oOk/FGO6vc1QcsmTBTV66Y+oJL":{"chainKey":{"counter":1},"chainType":2,"messageKeys":{}},"BYJ7aU8d9WGbgLeMgbge6xBPq2Rub33oivE8MHjeToZG":{"chainKey":{"counter":0},"chainType":2,"messageKeys":{}},"BdSmF01/NCGj5ybqM5tYO6MofSV6eLbS9qhv/tS/bpoH":{"chainKey":{"counter":0},"chainType":2,"messageKeys":{}},"BdBUsIz/WGx7krqKYMKD+n+uPHWArjAJpky88bSQWsI1":{"chainKey":{"counter":0},"chainType":2,"messageKeys":{}},"BVDop4wPG4vr4P0p8pe5jpLAIcoSgSyivozuS8f02rhl":{"chainKey":{"counter":0},"chainType":2,"messageKeys":{}},"BekS7XKvaWXFOMvPRK7ueZT7JhyVOqS1abTCu7TRso0I":{"chainKey":{"counter":0},"chainType":2,"messageKeys":{}},"BfLmGLhuW6wqhMa3HLP3IWacviN7IbKrF04rxGRsnFpy":{"chainKey":{"counter":0},"chainType":2,"messageKeys":{}},"Bfg6QeWs1g3NbzAIhbBzxGmE8anjEGd0jMUcQCWLJrYG":{"chainKey":{"counter":0},"chainType":2,"messageKeys":{}},"BecEo4ZXb9p0fy1+/d9jeIZZjG6/aWgTo2GgnkhLWSYk":{"chainKey":{"counter":0},"chainType":2,"messageKeys":{}},"BWoj8dne4dn3DnwnAdQhba6MY071onhF1Xvcw1DqmhMj":{"chainKey":{"counter":0},"chainType":2,"messageKeys":{}},"Bes7xl7C1M2FzkMtyb0r1V4EdLTDInTb+IlDJve6VKwu":{"chainKey":{"counter":0},"chainType":2,"messageKeys":{}},"BaOjZigYDyZlz5A2VMLC15U56q68e/KyK+RnvA/4M7Q/":{"chainKey":{"counter":0},"chainType":2,"messageKeys":{}},"BVBfFJbhWWWYDRlqvMvkPb9viAIQQJF5oUYIp7U1RJFI":{"chainKey":{"counter":0},"chainType":2,"messageKeys":{}},"BRxrGFvPa/OcBQ9UJ4z4G+dsZozKtXDeqJm6+IuopeJv":{"chainKey":{"counter":0},"chainType":2,"messageKeys":{}},"BalhJRXUiiUNkIYQK78wY37JqAdfTW+qUSmwckWAcQQe":{"chainKey":{"counter":0},"chainType":2,"messageKeys":{}},"BY/3U2gSwHuJJPXUh0gbpn0se94lEoqVFRYlU+DBLRpS":{"chainKey":{"counter":0},"chainType":2,"messageKeys":{}},"BQgqtUloAzWkVyQrma8ogkoApgfssgFbvw1DooJuEycv":{"chainKey":{"counter":0},"chainType":2,"messageKeys":{}},"BcNHUZKcB0LESMt/KMIon5UVMcsV63ku8h6A7Z+YzNs7":{"chainKey":{"counter":0},"chainType":2,"messageKeys":{}},"BaBhIm8+8YdklLYa28qm0ebYyW4DNDIG9FLQ/6YYo/Ep":{"chainKey":{"counter":0},"chainType":2,"messageKeys":{}},"BRcnGBNAmx8LSDh9L6xuccNDmwv3B9TKbnef9QUNRncX":{"chainKey":{"counter":0},"chainType":2,"messageKeys":{}},"BZgFNlwOfyUUYYrX5iw/U9owzLY9Ul7OOGH/q2TiXuM0":{"chainKey":{"counter":0},"chainType":2,"messageKeys":{}},"BdgveJ198IoKyDP6yERuaLDRvur7GoBuEUPqUK+oYl0N":{"chainKey":{"counter":0},"chainType":2,"messageKeys":{}},"BTW/JUId5tFUglwuvBwsIDTef0sFtJkluGjaRMRxQsxa":{"chainKey":{"counter":0},"chainType":2,"messageKeys":{}},"BcGhdy/6LPZtot6zjhRxSa2pyudv5Jvs2LyUAcqqy7sh":{"chainKey":{"counter":0},"chainType":2,"messageKeys":{}},"BWWm7PL6HZcxWlY11eObeE/j2IWzP8ahbNBZP+rL13Mj":{"chainKey":{"counter":0},"chainType":2,"messageKeys":{}},"BYjpkluucFo271O2SznpiqSvEg+hvHuOzJHpdshTAUdp":{"chainKey":{"counter":0},"chainType":2,"messageKeys":{}},"BWAP7FgLcyPesNqCmRM50JDtcif/H/K+fYsehwCc7mAz":{"chainKey":{"counter":0},"chainType":2,"messageKeys":{}},"BdyJoBvnvIrT7NBInRd/JYTduLd0euxb4uQrsz2Mp3pJ":{"chainKey":{"counter":0},"chainType":2,"messageKeys":{}},"BZuEMxwt+T57MxE51RxHVR+s7jJGqdNOf9pufjHc2awO":{"chainKey":{"counter":0},"chainType":2,"messageKeys":{}},"BYxkUPs2buFF+3YDRKGsPBD5Z+Ud/7jgnpW2r7LRIf90":{"chainKey":{"counter":0},"chainType":2,"messageKeys":{}},"BbogFadA94mcuNAedqhyL3dL0lJe8r47O9xmqnV1GxFi":{"chainKey":{"counter":0},"chainType":2,"messageKeys":{}},"BY14TIQtA7xP7MwTeQvM1IgNq638IPbJyqqcdBhYmrgK":{"chainKey":{"counter":0},"chainType":2,"messageKeys":{}},"BXkwX42LezN6oI5zdUOYtFVOaKQTgDHtp7CWyjmxswoF":{"chainKey":{"counter":6},"chainType":2,"messageKeys":{}},"BbRmIadFrHVbC60JcCp3c9ggoBGH1uMxY5ZTfacH3g5H":{"chainKey":{"counter":0},"chainType":2,"messageKeys":{}},"BU8pw3cvj9+w0AaLQQoJr3jNnQOY861CxF7PeSdn/CU/":{"chainKey":{"counter":1},"chainType":2,"messageKeys":{}},"BW9vPW8dsl2BPyk/eJOBKQ3ioDH7mVrUWpkY64vYAl4z":{"chainKey":{"counter":0},"chainType":2,"messageKeys":{}},"BWn3GXswAtEd5N2Huo3ksMB1gtMbhcz6afvYxIhj0dEX":{"chainKey":{"counter":0},"chainType":2,"messageKeys":{}},"BSgKG2E/8h75QPo7C2+atFJj5jkluos4G3yr/ybqDkcf":{"chainKey":{"counter":0},"chainType":2,"messageKeys":{}},"BSUSA4LsgIb/bjWtHYVxru0pnUWQEtz9YBbuGTSPIWxO":{"chainKey":{"counter":2},"chainType":2,"messageKeys":{}},"BahannwgPemQ2MF/cZkLnziI8pckJpj4nC+youM0nqtV":{"chainKey":{"counter":0},"chainType":2,"messageKeys":{}},"BcHUMMKbvTeiHgNYshABv4VZVDg6aLK7yNctIq+8sJBo":{"chainKey":{"counter":0},"chainType":2,"messageKeys":{}},"BfHjfbF7FsiB324CeP5f5oD3h+ohlOa2j+9Kb1ROEnwO":{"chainKey":{"counter":0},"chainType":2,"messageKeys":{}},"BeCATP8y+MD0nKAZXPBSsVdOTSndyPpt52fVXX55XEsM":{"chainKey":{"counter":0},"chainType":2,"messageKeys":{}},"BZUHLSV5LZNBB/84isJVdX4Pam2ZktSlaL5clq1V8sdH":{"chainKey":{"counter":0},"chainType":2,"messageKeys":{}},"BVsJqhr2MSItKHX0yanZsURVDxyU8goJnq/RfND8bKNm":{"chainKey":{"counter":0},"chainType":2,"messageKeys":{}},"BZL1zUly+0zgn3fii4KoZtjm3ouzC+vaCJq4+o/Mui9X":{"chainKey":{"counter":0},"chainType":2,"messageKeys":{}},"BYK8L0RwvT9YIlhZ7jAf2v5uVeE6v0ECx6A3JyzShIg3":{"chainKey":{"counter":0},"chainType":2,"messageKeys":{}},"BRwg0gJBlSQCBYp5th3bNZeg7Pq5xLvTw4BDigf1SI4l":{"chainKey":{"counter":0},"chainType":2,"messageKeys":{}},"BbyN2XsmxRkloaz5p2q/lT4acqgpYNV33mupGQs+DuVy":{"chainKey":{"counter":0},"chainType":2,"messageKeys":{}},"BdPaFgR5jBhs7ydpWGwurPqqFqdgHQrSk6N1AtKgwJBz":{"chainKey":{"counter":0},"chainType":2,"messageKeys":{}},"BR/YCXkK6KVnCjkhXUtAM5OzaeqXWo7tt/MX+ZD3GoBr":{"chainKey":{"counter":0},"chainType":2,"messageKeys":{}},"Badjx/F+DUVMJDXerGgSckQQ1jSyM2juLyxiJLMZM6p2":{"chainKey":{"counter":0},"chainType":2,"messageKeys":{}},"BUVbbB/0SbjctVZ61CI9nilAoLFQBXgdW00ujxXyN0F3":{"chainKey":{"counter":0},"chainType":2,"messageKeys":{}},"BTqhth8B18WtGwUS7ul0Iv5iD9EDbClYDF2ScyhsBcU8":{"chainKey":{"counter":0},"chainType":2,"messageKeys":{}},"Bff/o6rySAJHKYa8MLD3Xf2AihMn6rVC52kGJvLdzgob":{"chainKey":{"counter":0},"chainType":2,"messageKeys":{}},"BXr63hxxFEUbBWgiLT+Bn/sXgUgonAcXdPJd5sbf57ZW":{"chainKey":{"counter":0},"chainType":2,"messageKeys":{}},"BZCqqATtdz79othid/7JJ1GS+j+HnRGFL/8MTaUeFQw6":{"chainKey":{"counter":0},"chainType":2,"messageKeys":{}},"BXf+IdDx7NY/7hKfKMqz90g+cyQCCobN0XpZaSNXyWAj":{"chainKey":{"counter":0},"chainType":2,"messageKeys":{}},"BWqeYbRewQQ5HXD+5U/mzdTQTg4n14fXrAk6sHTdboF9":{"chainKey":{"counter":0},"chainType":2,"messageKeys":{}},"BdIdUCab5Lu2SqS6zILBaUR1G2cgw2Yo5lgddAEXPpQO":{"chainKey":{"counter":0},"chainType":2,"messageKeys":{}},"BbNgDSifDLWuVsOctqjaUOkGyw+dS3iKStPcXIiOD/de":{"chainKey":{"counter":0},"chainType":2,"messageKeys":{}},"BZmXO7RO3XzkOiLPZoHicxfuc63KHjUz4v7kWF4AEE86":{"chainKey":{"counter":0},"chainType":2,"messageKeys":{}},"Bff/s3TY6c8sbYKrw3/7xM/ohfEQfMrujxoIWmWZAEsD":{"chainKey":{"counter":0},"chainType":2,"messageKeys":{}},"BfqdHFopuEDYaojG1tQswcSeoGGAYTXZe/uBiHm8rtYI":{"chainKey":{"counter":0},"chainType":2,"messageKeys":{}},"BcFOAUk+uNTcQ0xZhjcLsqDyuWTQYQLJK6ZaP77q90pK":{"chainKey":{"counter":0},"chainType":2,"messageKeys":{}},"BR408BWgktXD0IVuqkHLLFbd1U3d7LlPDlQl5AwWNs19":{"chainKey":{"counter":1},"chainType":2,"messageKeys":{}},"Bcjs43bIrM7zkR397VW4bFU4lfFmEdy+DLNxMAssUkd5":{"chainKey":{"counter":0},"chainType":2,"messageKeys":{}},"BSLIDaEBAssIxWyJO6Vyd/DVKTm/WEfwZt9bzyMUACgp":{"chainKey":{"counter":0},"chainType":2,"messageKeys":{}},"BRylXeziUm4GNMf5Ee3AXcyrlQnqiheLRuDLn3mSwGRq":{"chainKey":{"counter":1},"chainType":2,"messageKeys":{}},"BVLwyJydV00VDnzTVlcklwDMy1H0Qwv+k5xjPsLtk/Z0":{"chainKey":{"counter":0},"chainType":2,"messageKeys":{}},"BTuS62/T3V3r6wsM8p001tkLtrioobtxIQ/PU/zKOqRB":{"chainKey":{"counter":0},"chainType":2,"messageKeys":{}},"BWGpPVlLgDq4wJwgX286KEtawz1mMfth03sFjW7vZqBr":{"chainKey":{"counter":0},"chainType":2,"messageKeys":{}},"Bey/xTxW+VXOIYSNi3hCLRDasQOX6VOzZ7bhO1HeiU1b":{"chainKey":{"counter":0},"chainType":2,"messageKeys":{}},"Bd3E7lh6nQdW76gjldyGIUm1tznSjmjMavNJwTuCkNhp":{"chainKey":{"counter":0},"chainType":2,"messageKeys":{}},"BchFT7eqJ1YUsGIOZtgl0cI8chF9SrNrn7r36O/6XXl6":{"chainKey":{"counter":0},"chainType":2,"messageKeys":{}},"Bcdy6slA7ltYGOov9lJ6x26LueNfrNveOIaxp2oGn09z":{"chainKey":{"counter":0},"chainType":2,"messageKeys":{}},"BZ3XfrA/C0WXsEX3FT9y+cghwQo6heEK3rvkogURedsq":{"chainKey":{"counter":0},"chainType":2,"messageKeys":{}},"Be6hj6wQXl0IukAzT4u0+ImMvi/NOVP7xU9YxhjHFWVd":{"chainKey":{"counter":0},"chainType":2,"messageKeys":{}},"BcBwsPlZ4u9pFbmQQHTlUSWA/PxV3llTIdPB/rpdLE0J":{"chainKey":{"counter":0},"chainType":2,"messageKeys":{}},"BddIy7Yp4eiqJ4RiO0H4H40r5Majk7sZw2s88U/Pdx0l":{"chainKey":{"counter":0},"chainType":2,"messageKeys":{}},"BV43c8xAjqHCebHBqioAmaO7qFcg+qGKaqpfaV+e4zgG":{"chainKey":{"counter":0},"chainType":2,"messageKeys":{}},"BaGD/0lC/PZvCEM4mIC4Z1DHZJjfMnDKf4o2FUqQi6Nl":{"chainKey":{"counter":0},"chainType":2,"messageKeys":{}},"BTOXaPqwyltbamqCxMaLOGJ5i2B7dvuBs5xNXVsFyHpl":{"chainKey":{"counter":1},"chainType":2,"messageKeys":{}},"Be14NiEtl44csTPd4jP8DUZ4A2Bi/bFBaAPfWRvYw552":{"chainKey":{"counter":0},"chainType":2,"messageKeys":{}},"BQt3OoI9pO607VhZhv6FirDGmiUJo8BgyVkRHrvwRG1o":{"chainKey":{"counter":0},"chainType":2,"messageKeys":{}},"BezQCM0aDH58gUD4b2I941IfN6ke/ErCl1jL1XJ/A3xo":{"chainKey":{"counter":0},"chainType":2,"messageKeys":{}},"BWgsqes4fbAEC451aOERGRxjC63SqOBiOTZv8MvbfKAU":{"chainKey":{"counter":0},"chainType":2,"messageKeys":{}},"BXSHJLK6/wkgkeRmsNZ34+LOH8cM2wS9n9f5EeOR8/58":{"chainKey":{"counter":0},"chainType":2,"messageKeys":{}},"BfOdgm77m15tfc+WVlMZ/LVabeQGHSjyUjJLIdSsRylU":{"chainKey":{"counter":0},"chainType":2,"messageKeys":{}},"Bca96HdG3vJPsavmD5SbYAYC3eRPiLrhGSySsvDqFTlo":{"chainKey":{"counter":0},"chainType":2,"messageKeys":{}},"BWQncmcKdI8erHuiuglMWsRmqo6cUJHo2r/OFy/3oh0l":{"chainKey":{"counter":0},"chainType":2,"messageKeys":{}},"Bf6skYjxtY/NAPwX+rIap+HHFr4WEFCGPu4XWmwosih7":{"chainKey":{"counter":0},"chainType":2,"messageKeys":{}},"BSIvsI0uWAqQFk9aW4G2W9Hm2iQrBdMZwpwGyY8m22M9":{"chainKey":{"counter":0},"chainType":2,"messageKeys":{}},"BS0LClj4iwhzF/ZcUu7tZ7UHSOZ+om7QMTvKQQC7KytO":{"chainKey":{"counter":0},"chainType":2,"messageKeys":{}},"BTWRYUadM0+y2i3ZgrgwcLMRZo7DempY6wd12kURx/MP":{"chainKey":{"counter":0},"chainType":2,"messageKeys":{}},"BQoxKH7Clv50LSjfBS/smUcmv5otiK7ajrfm51pasvwk":{"chainKey":{"counter":0},"chainType":2,"messageKeys":{}},"BfUGH5eaukdTwB+cN6ruN8uOG2CVEm4l4sq3Sku7EAhd":{"chainKey":{"counter":0},"chainType":2,"messageKeys":{}},"BbBJ3Vh5EWG0kvq05ieU5sw8MDXbmXMBpv5WY1dbNMB7":{"chainKey":{"counter":0},"chainType":2,"messageKeys":{}},"BZCxe9/0alBmhzoEpQuZHW9d9zOqoVuoKv7SQ6tIe1Am":{"chainKey":{"counter":0},"chainType":2,"messageKeys":{}},"BTyYfGEvX6iaOp672U33TFjoJg+d9fkNASM6jlwm/LJ9":{"chainKey":{"counter":0,"key":"XgHhQb47re04vQhUimpA9BMghrzhJJ+3Ru12AOGwhNs="},"chainType":2,"messageKeys":{}},"Ba6SJjj0rn7g3r849F1mnoGF2N+G/zjuynDOTpIkx4px":{"chainKey":{"counter":0,"key":"p/bqLnE7eKYdE6E03RxO5WW98aGavEC9U9BzkkEVLgA="},"chainType":1,"messageKeys":{}}}}},"version":"v1"}