{"_sessions":{"BaMf7JQ9FF4uQgAPvhF7uOR1kYI2ryaUs/clNNSoK2VM":{"registrationId":1303475249,"currentRatchet":{"ephemeralKeyPair":{"pubKey":"BYjTOA7BwW9eeyyhMuQrWpuCurEKGzNCdIMBt/jJwBtW","privKey":"wHLmkESZwh+CQIqeXJ/f2Ck45NUdl/kmC0wikn4ALn0="},"lastRemoteEphemeralKey":"BZcFhyHpEcapf9Jh5MENsjpAG9W7Mo8IsUnoy4Sdef8f","previousCounter":0,"rootKey":"3o3iTrzVTPWxdcwvdCEieQIgGBRB1bOEMVAnRkhNRLs="},"indexInfo":{"baseKey":"BaMf7JQ9FF4uQgAPvhF7uOR1kYI2ryaUs/clNNSoK2VM","baseKeyType":2,"closed":-1,"used":1706216704923,"created":1706216704922,"remoteIdentityKey":"BfY6VpRBzrdakMFRJEDM63EK8LSMg2gD140M8ruDxUIz"},"_chains":{"BZcFhyHpEcapf9Jh5MENsjpAG9W7Mo8IsUnoy4Sdef8f":{"chainKey":{"counter":2,"key":"06a1W9X9doubqxX5WK1kslthtU96A5Lsc9viE1E2OFo="},"chainType":2,"messageKeys":{}},"BYjTOA7BwW9eeyyhMuQrWpuCurEKGzNCdIMBt/jJwBtW":{"chainKey":{"counter":7,"key":"+C5pEk22lSj0MUghN3J/aQI6p8LJzzY1ostuyT+09jw="},"chainType":1,"messageKeys":{}}}}},"version":"v1"}