{"_sessions":{"BS78zQFI0vRtPh3A4hQITt6G4n5G3onztCHQN+tb1Ew9":{"registrationId":1284285559,"currentRatchet":{"ephemeralKeyPair":{"pubKey":"Bav2vT8qCSErCX1Zizu2weoUezMJsJA0bl2804hV9n0Z","privKey":"SELyAVkaTvpobHvGwk3dHqHv/jbnAyn/CeOFZiz2jXs="},"lastRemoteEphemeralKey":"BRWJUiQeHjh6IsBxtRQo38rEK3eiBeyYY1432iNTTkdx","previousCounter":0,"rootKey":"MA4LRaN3jb3RL7M0ilHggMuH6vmgw62aWUEfvPetbBc="},"indexInfo":{"baseKey":"BS78zQFI0vRtPh3A4hQITt6G4n5G3onztCHQN+tb1Ew9","baseKeyType":1,"closed":1706241574816,"used":1706241573038,"created":1706241573038,"remoteIdentityKey":"BaWiKaTYt2lRVS/H/LZiee85YyM49WHi/5W7hEXvI48v"},"_chains":{"Bav2vT8qCSErCX1Zizu2weoUezMJsJA0bl2804hV9n0Z":{"chainKey":{"counter":-1,"key":"935KYRM/uUcyblV+FZ354LOCZcWs9zg+/kpmwpqha+0="},"chainType":1,"messageKeys":{}}},"pendingPreKey":{"signedKeyId":1,"baseKey":"BS78zQFI0vRtPh3A4hQITt6G4n5G3onztCHQN+tb1Ew9","preKeyId":5885229}},"BcGvjA6ydcIuxnKTYH0b3m7Jx2rdsyExxU9CvAYBx2Rq":{"registrationId":1284285559,"currentRatchet":{"ephemeralKeyPair":{"pubKey":"BTz2lqAPPF0ff0UHbtX6Fl1p/LHBbkCqGbgVC5FxHU8l","privKey":"2B/z6ZLjrP6/bKcGsI3UAnTW2hYd81FgYfcGNHLeV0s="},"lastRemoteEphemeralKey":"BRWJUiQeHjh6IsBxtRQo38rEK3eiBeyYY1432iNTTkdx","previousCounter":0,"rootKey":"nZdi4t3OFjpan7f+Cd6QhFDgQvyzoGtAfx9IXnLphK8="},"indexInfo":{"baseKey":"BcGvjA6ydcIuxnKTYH0b3m7Jx2rdsyExxU9CvAYBx2Rq","baseKeyType":1,"closed":-1,"used":1706241574814,"created":1706241574814,"remoteIdentityKey":"BaWiKaTYt2lRVS/H/LZiee85YyM49WHi/5W7hEXvI48v"},"_chains":{"BTz2lqAPPF0ff0UHbtX6Fl1p/LHBbkCqGbgVC5FxHU8l":{"chainKey":{"counter":7,"key":"MFBv8OrMvUiG5weCzuU0iOFTOcntZ31nJ0+n9++LFWk="},"chainType":1,"messageKeys":{}}},"pendingPreKey":{"signedKeyId":1,"baseKey":"BcGvjA6ydcIuxnKTYH0b3m7Jx2rdsyExxU9CvAYBx2Rq","preKeyId":5885109}}},"version":"v1"}