{"_sessions":{"BdG6TjDxA6FVdGlMzoDuJFj0AnaFe/gcFHI74bEsaLMr":{"registrationId":1564028817,"currentRatchet":{"ephemeralKeyPair":{"pubKey":"BXjZJ+6Doqmn+yleOTnIpgMmlSgDZiCsPZQ5brKxfdNh","privKey":"CNzrb6WOJVKXzRYuOPgtMxtUclXxKHbj+tpU6LCINEM="},"lastRemoteEphemeralKey":"BXqGBJ7bBBDjrJ3ABcpcW4YTofnv0sIFQnz7tL0bdp4l","previousCounter":0,"rootKey":"gVZIhsRWZrVyXwo/qipJdbYk9Y/FVUhDrk5gkjK4NCY="},"indexInfo":{"baseKey":"BdG6TjDxA6FVdGlMzoDuJFj0AnaFe/gcFHI74bEsaLMr","baseKeyType":1,"closed":-1,"used":1706203227852,"created":1706203227852,"remoteIdentityKey":"BVyRt4HALrqEXNX9Ze51WYdAtz+u9jDbGNhamCFR8SkS"},"_chains":{"BXjZJ+6Doqmn+yleOTnIpgMmlSgDZiCsPZQ5brKxfdNh":{"chainKey":{"counter":2,"key":"HWjE4NJKb3YPwMpAx5pdLjpOCu3sbzmVOS9kQfDtPho="},"chainType":1,"messageKeys":{}}},"pendingPreKey":{"signedKeyId":1,"baseKey":"BdG6TjDxA6FVdGlMzoDuJFj0AnaFe/gcFHI74bEsaLMr","preKeyId":2230485}}},"version":"v1"}