{"_sessions":{"Bad0f21W86Ped/7Iv0mDgNVej5NdqxM64WTqf60upjAi":{"registrationId":1581053091,"currentRatchet":{"ephemeralKeyPair":{"pubKey":"BTd2KM+xqxbqm+UlWx7CSBlHRlKJv8IVFDOTmugV2X41","privKey":"GBUe6uja5zKwlNyCGyg33u312fEPC8FsWsfZXWeld2A="},"lastRemoteEphemeralKey":"BUdrmQhnaVZ88sUgRc1GZ75o+rec4kV8E36zwNmxcttd","previousCounter":0,"rootKey":"0/q0J93fV2Ij6PhSuv5OY+JOYkGbIDMtXsXCqkOXGXA="},"indexInfo":{"baseKey":"Bad0f21W86Ped/7Iv0mDgNVej5NdqxM64WTqf60upjAi","baseKeyType":1,"closed":-1,"used":1706203228114,"created":1706203228114,"remoteIdentityKey":"BQQMQ4h+fNkke+zKzLdqvFeohDcOSa45H/TiFe69DP5L"},"_chains":{"BTd2KM+xqxbqm+UlWx7CSBlHRlKJv8IVFDOTmugV2X41":{"chainKey":{"counter":2,"key":"bIR7iNGq3RFyQAaPwTyyC+GIuRDiZpn1HO+4okoa+jI="},"chainType":1,"messageKeys":{}}},"pendingPreKey":{"signedKeyId":1,"baseKey":"Bad0f21W86Ped/7Iv0mDgNVej5NdqxM64WTqf60upjAi","preKeyId":14178291}}},"version":"v1"}