{"_sessions":{"BR4znW3KewfAukJizX5qJ4VYP3tRd45XJ2DN6YYvSTxT":{"registrationId":427387454,"currentRatchet":{"ephemeralKeyPair":{"pubKey":"BTlmrvG7IumIxK+FPvcY4EyWM3Bzct8vgT+psFVGE0ds","privKey":"aAv8XJFvLH5RLLScEA4ZJCBC0wDvijqX2/CWoTBxjmM="},"lastRemoteEphemeralKey":"BWfs+4oTVSRJLY5VGW+AGqZt8fAjirzSbzwgDrPCgAd8","previousCounter":2,"rootKey":"QuattxXrTkya6HsxOfIJ1vUpEwrlW49/mGMUjCu6WPg="},"indexInfo":{"baseKey":"BR4znW3KewfAukJizX5qJ4VYP3tRd45XJ2DN6YYvSTxT","baseKeyType":1,"closed":-1,"used":1706294347808,"created":1706203228141,"remoteIdentityKey":"BcFHSAalCF4pOlknQ534XJnBhaHY6IIZsLoEEnmn3pE+"},"_chains":{"BWfs+4oTVSRJLY5VGW+AGqZt8fAjirzSbzwgDrPCgAd8":{"chainKey":{"counter":0,"key":"zRRSrLmH07LJPsGjm4FdhECBQL2V+X8S9bFiFdKFR84="},"chainType":2,"messageKeys":{}},"BTlmrvG7IumIxK+FPvcY4EyWM3Bzct8vgT+psFVGE0ds":{"chainKey":{"counter":-1,"key":"9Z7gKZJVd750QuoFog5YHolpKEn6gYuJtigAwXoC85Q="},"chainType":1,"messageKeys":{}}}}},"version":"v1"}