{"_sessions":{"BQL98HRMRzNuIeYKqExDiE5moZLx1B9TE3VFEJi/ECkq":{"registrationId":182425137,"currentRatchet":{"ephemeralKeyPair":{"pubKey":"BcuMj063O5z490ynO60aNX58jzKoKHZXMDcFFTQG7D1+","privKey":"IBroghHmRdz9rvlD8XduXMJfCoJVwGhCIcMEgZGBBn0="},"lastRemoteEphemeralKey":"BayoUHdOiKhFhxer3SdaDMAknhhjRJPEmBulPXdE9ypY","previousCounter":0,"rootKey":"1aHZI8PQ8LwbkkL/kgebRF4c51p8cvtpGopxyNHwYMA="},"indexInfo":{"baseKey":"BQL98HRMRzNuIeYKqExDiE5moZLx1B9TE3VFEJi/ECkq","baseKeyType":1,"closed":1706241574982,"used":1706241573089,"created":1706241573089,"remoteIdentityKey":"BcaMtjx3A4yfneNrDlM5BLVOyRtp5sqmbvnhTuW+OxJ5"},"_chains":{"BcuMj063O5z490ynO60aNX58jzKoKHZXMDcFFTQG7D1+":{"chainKey":{"counter":-1,"key":"WsG0ns9sE+M4PS2/VOKkqJ7B8s5ch8tpePo0ieUh2iE="},"chainType":1,"messageKeys":{}}},"pendingPreKey":{"signedKeyId":4,"baseKey":"BQL98HRMRzNuIeYKqExDiE5moZLx1B9TE3VFEJi/ECkq","preKeyId":11352621}},"BQcMVG/5RnvoN3KZeR561OrINWTmVJIvp4hoBkDVwVIt":{"registrationId":182425137,"currentRatchet":{"ephemeralKeyPair":{"pubKey":"Be3ccWs8k/GXRfYJ7wNJpi/nlriaN8VZNZ45KaskukEv","privKey":"WOkFhgf7ovWkSJ1p7JoKNda7kh5asy0IZUi3XVGUPXM="},"lastRemoteEphemeralKey":"BayoUHdOiKhFhxer3SdaDMAknhhjRJPEmBulPXdE9ypY","previousCounter":0,"rootKey":"Nrhv3LsthgCRDMxycIKCOW3iSmevf4mKwFk1kDlc5kk="},"indexInfo":{"baseKey":"BQcMVG/5RnvoN3KZeR561OrINWTmVJIvp4hoBkDVwVIt","baseKeyType":1,"closed":-1,"used":1706241574977,"created":1706241574977,"remoteIdentityKey":"BcaMtjx3A4yfneNrDlM5BLVOyRtp5sqmbvnhTuW+OxJ5"},"_chains":{"Be3ccWs8k/GXRfYJ7wNJpi/nlriaN8VZNZ45KaskukEv":{"chainKey":{"counter":7,"key":"ARs+Ra67MR3keGYNoUvixoy6FYoxTomrTMkKOF4vNEU="},"chainType":1,"messageKeys":{}}},"pendingPreKey":{"signedKeyId":4,"baseKey":"BQcMVG/5RnvoN3KZeR561OrINWTmVJIvp4hoBkDVwVIt","preKeyId":11352675}}},"version":"v1"}