{"_sessions":{"BavLz74AIiORcaQ8l/46m0CIGPjSGbXJ+d8LiSc+/jc0":{"registrationId":543179017,"currentRatchet":{"ephemeralKeyPair":{"pubKey":"BSuW6llxBWQQ4jYM080JDlbcv1vdr8qg9mrk8jEekpQv","privKey":"4LxRhYEyqreCw2I1jEaROLoh/HTZQEosmj6lkDf0pHw="},"lastRemoteEphemeralKey":"BRxpMdBQOqU3XiB58CdzCCQ/agQBSZMMQ8kLe3FTXA5Y","previousCounter":0,"rootKey":"3hEIJ4QChg9uWwY8GQWnSvmG1UdtdjpjdSbXyJvw/Xc="},"indexInfo":{"baseKey":"BavLz74AIiORcaQ8l/46m0CIGPjSGbXJ+d8LiSc+/jc0","baseKeyType":1,"closed":1706241574661,"used":1706241572985,"created":1706241572985,"remoteIdentityKey":"BQMNOrHWdqsOLKWa/Nf4oDpfBHtu0HwuovNA+ncSu60f"},"_chains":{"BSuW6llxBWQQ4jYM080JDlbcv1vdr8qg9mrk8jEekpQv":{"chainKey":{"counter":-1,"key":"CZXMVRg7YX/fYcPY1VK3jpQfyU6GO6Cjw5tjsbqGPoQ="},"chainType":1,"messageKeys":{}}},"pendingPreKey":{"signedKeyId":6,"baseKey":"BavLz74AIiORcaQ8l/46m0CIGPjSGbXJ+d8LiSc+/jc0","preKeyId":10260540}},"BeoL0mV1eTOjESmgyFJzgO2jS5JdoaYfNk11ITtQXeoy":{"registrationId":543179017,"currentRatchet":{"ephemeralKeyPair":{"pubKey":"BfEpePYtaIycZ9WXCjUxJaDaKjUxVobSWwO/NxbsNuIZ","privKey":"2Pth+4OmsfYZvti8BgcUkQxSU6SDW7ZjfoiHi6Qy7WI="},"lastRemoteEphemeralKey":"BRxpMdBQOqU3XiB58CdzCCQ/agQBSZMMQ8kLe3FTXA5Y","previousCounter":0,"rootKey":"kkH9hSi0Wigcwtx8DXEkpGTLfiDx2FBDn5HwxBMb5VI="},"indexInfo":{"baseKey":"BeoL0mV1eTOjESmgyFJzgO2jS5JdoaYfNk11ITtQXeoy","baseKeyType":1,"closed":-1,"used":1706241574660,"created":1706241574660,"remoteIdentityKey":"BQMNOrHWdqsOLKWa/Nf4oDpfBHtu0HwuovNA+ncSu60f"},"_chains":{"BfEpePYtaIycZ9WXCjUxJaDaKjUxVobSWwO/NxbsNuIZ":{"chainKey":{"counter":7,"key":"+yHaMo0ZT1QsnzK4kiSaKDunlrNUjLRqKbnlJOGJ1+I="},"chainType":1,"messageKeys":{}}},"pendingPreKey":{"signedKeyId":6,"baseKey":"BeoL0mV1eTOjESmgyFJzgO2jS5JdoaYfNk11ITtQXeoy","preKeyId":10260514}}},"version":"v1"}