{"_sessions":{"Bf3TsWja+CVcy4GqB9qZBKuKGzlgWtLHbtd04+LNY6Eu":{"registrationId":625954134,"currentRatchet":{"ephemeralKeyPair":{"pubKey":"BQAES5BEdCUD/Fe1vXuraeuMjBJI/rz51Kzk2XEx7AVO","privKey":"YKpYqTyUJuPnkiY/ONOIVri15dAEDs03robArJcyWFA="},"lastRemoteEphemeralKey":"BRcVGhknZ/5CcC/yItolUlGnxo6VmxEwWoAXpHDL6mgs","previousCounter":0,"rootKey":"2w7aE2NhcQneDRxj5KPQESZWhB5iCGeOWCe/zzgPODM="},"indexInfo":{"baseKey":"Bf3TsWja+CVcy4GqB9qZBKuKGzlgWtLHbtd04+LNY6Eu","baseKeyType":2,"closed":-1,"used":1706240135082,"created":1706240135082,"remoteIdentityKey":"BdQ0UsuQyV14V133HtSQT26djsxYQlagIEert361+KFX"},"_chains":{"BRcVGhknZ/5CcC/yItolUlGnxo6VmxEwWoAXpHDL6mgs":{"chainKey":{"counter":0,"key":"y4u0A5l6/+Z8x6A5mvOD5IcEm1rktFywakGxCejT+dk="},"chainType":2,"messageKeys":{}},"BQAES5BEdCUD/Fe1vXuraeuMjBJI/rz51Kzk2XEx7AVO":{"chainKey":{"counter":7,"key":"V4ybEwLskqtYuHy4X0U/pdCACxtkf8RJt8QO+iytaFI="},"chainType":1,"messageKeys":{}}}}},"version":"v1"}