{"_sessions":{"BRWk/IwfECPii3W6aSFEqqGt4NnGNBoiIOTNprTx2hgt":{"registrationId":1120655875,"currentRatchet":{"ephemeralKeyPair":{"pubKey":"BSlxjWsMyDoNK+eYZv870TUJf+tS3XjXPlSLKFNo7C9V","privKey":"SK2lwxLH/sqXWmixBBHXnkBmR4G7LwXlTobMfmvgmXQ="},"lastRemoteEphemeralKey":"BYb1jWhbSW44fKgdduxarTJSUUa1+f/MoQZa83cV4gIV","previousCounter":0,"rootKey":"5yTcDnUkKv08EVGy6d6+IaOoEzBY8zHcGyVcEBxpfEo="},"indexInfo":{"baseKey":"BRWk/IwfECPii3W6aSFEqqGt4NnGNBoiIOTNprTx2hgt","baseKeyType":1,"closed":-1,"used":1706203228216,"created":1706203228216,"remoteIdentityKey":"BRLThHuTqXxjlNApgoG8BlJHdv36Mxt3usP0ovA3lno7"},"_chains":{"BSlxjWsMyDoNK+eYZv870TUJf+tS3XjXPlSLKFNo7C9V":{"chainKey":{"counter":2,"key":"B+YHDp9aWtMCpWCDuGFZ+s82INvvgVf/jh/FrhwgEFA="},"chainType":1,"messageKeys":{}}},"pendingPreKey":{"signedKeyId":13,"baseKey":"BRWk/IwfECPii3W6aSFEqqGt4NnGNBoiIOTNprTx2hgt","preKeyId":16686846}}},"version":"v1"}