{"_sessions":{"BTucoeg/2pg3akIJE+m5UxI8fqX4/ltF97HE+HEdrUAE":{"registrationId":1519952453,"currentRatchet":{"ephemeralKeyPair":{"pubKey":"BYTogL5Ceu9CgGimF4OGBVPgB5VK2zMTVQykVoBqyFgR","privKey":"MDFW7BHBd/QSmE2nR1w549kcJpFXcfQSP7vIEY30Dn0="},"lastRemoteEphemeralKey":"BWatCBK5YMOUx5SGA5W3VRUFUrznYYdI3qBoL7UZYptn","previousCounter":0,"rootKey":"5K+1E0xa0rCDWV373bAR5sWBpAfRCpfm2cDM8RQLITc="},"indexInfo":{"baseKey":"BTucoeg/2pg3akIJE+m5UxI8fqX4/ltF97HE+HEdrUAE","baseKeyType":1,"closed":-1,"used":1706203228295,"created":1706203228295,"remoteIdentityKey":"BaJb/z2Jg1yRq92rcYw6MO4npbYTqIy1m9OtN3eyrZFk"},"_chains":{"BYTogL5Ceu9CgGimF4OGBVPgB5VK2zMTVQykVoBqyFgR":{"chainKey":{"counter":10,"key":"Gyn9PD1D/u0GF1c0q8Ue17hWgl19HARm5TnG3KhYnX8="},"chainType":1,"messageKeys":{}}},"pendingPreKey":{"signedKeyId":0,"baseKey":"BTucoeg/2pg3akIJE+m5UxI8fqX4/ltF97HE+HEdrUAE"}}},"version":"v1"}