{"_sessions":{"Bau7AtKSmXIp+yNI4BMkelP1IgCdoh90b7DjVxkk7K8k":{"registrationId":415945150,"currentRatchet":{"ephemeralKeyPair":{"pubKey":"Bewdk+dhm57wvK+8+NXuwZRtEZj0ERVDQrz0apXFghl7","privKey":"yBID+z/Ww5plNcl28ArkScf3E74FHjW7XDC3PQwDFGA="},"lastRemoteEphemeralKey":"BRLqCRkKgT4U++zRl5ns60ZG2ITjcqUFuuF3r/OllaVs","previousCounter":0,"rootKey":"hD3EfxCBq4SYgbKDSYEH6Fy7ISLYKv0bXIIoZWTUk3g="},"indexInfo":{"baseKey":"Bau7AtKSmXIp+yNI4BMkelP1IgCdoh90b7DjVxkk7K8k","baseKeyType":1,"closed":-1,"used":1706203228120,"created":1706203228120,"remoteIdentityKey":"BTiTVqMQ14f5QZtqc53hmAC4VY8IyTMWL7mrTnyKcDh/"},"_chains":{"Bewdk+dhm57wvK+8+NXuwZRtEZj0ERVDQrz0apXFghl7":{"chainKey":{"counter":2,"key":"RILzfAKOQSR+53BjdYrDx2eM9ixBFo0suPyilXPP/ro="},"chainType":1,"messageKeys":{}}},"pendingPreKey":{"signedKeyId":5,"baseKey":"Bau7AtKSmXIp+yNI4BMkelP1IgCdoh90b7DjVxkk7K8k","preKeyId":16083000}}},"version":"v1"}