{"_sessions":{"BYmO+10Ja/ibhZ6TVbeIMNfJ37fQqFLKQAAkKvJ1nQ0d":{"registrationId":257689177,"currentRatchet":{"ephemeralKeyPair":{"pubKey":"BUm9vQCC3HsOUoFu/lGHeayX/UeD3Gw1W96vXd+zRsQz","privKey":"4Nf9tWId0TIFlIO1YnINX3R0NBKls8zKygVmw6Wbr10="},"lastRemoteEphemeralKey":"BSe+eMDWJb/TqqU9cMBXRzl78O/mF2MaVnGJ2ouYl2ZB","previousCounter":0,"rootKey":"8VOouXqwTvt7A8UGVW7fB3LYBI5dB/8qDjQndoa6i1U="},"indexInfo":{"baseKey":"BYmO+10Ja/ibhZ6TVbeIMNfJ37fQqFLKQAAkKvJ1nQ0d","baseKeyType":1,"closed":-1,"used":1706234402927,"created":1706203228259,"remoteIdentityKey":"BfN5g6HbaoJSBNemS2ygG5VyUXF9DkQ9p+Iij90aAEdY"},"_chains":{"BSe+eMDWJb/TqqU9cMBXRzl78O/mF2MaVnGJ2ouYl2ZB":{"chainKey":{"counter":0,"key":"oBHR2SbC6NYRUBLVuQEJ3YzOOJXrkKvWwkH8K8WWzYo="},"chainType":2,"messageKeys":{}},"BUm9vQCC3HsOUoFu/lGHeayX/UeD3Gw1W96vXd+zRsQz":{"chainKey":{"counter":1,"key":"xO+lRFy5mP8Ik0442COIY0iGcdJA9YGCZkI8bYdGdoI="},"chainType":1,"messageKeys":{}}}}},"version":"v1"}