{"_sessions":{"BQkoNACYxkrUdI416NQxdbqz0Ruj2WSZ17Cs/Fx5ISV1":{"registrationId":254,"currentRatchet":{"ephemeralKeyPair":{"pubKey":"BQJkc66lOB1QIcZReuCMqlIU6wDOeWNiY+mPh0n3P21X","privKey":"6JP6Cfz6PQ/1wq34VwnbbDguJ9U9HliYLbbdDb9P4m0="},"lastRemoteEphemeralKey":"BXurTNcLDoyuH1t7Rn+PtqPpQJZJX26E1TVj752+X9kC","previousCounter":0,"rootKey":"mV2zGw7VwVlUtm0kKjrxKO7WfWLug+qaO5QG/+WjX0I="},"indexInfo":{"baseKey":"BQkoNACYxkrUdI416NQxdbqz0Ruj2WSZ17Cs/Fx5ISV1","baseKeyType":2,"closed":-1,"used":1706203224165,"created":1706203224165,"remoteIdentityKey":"BYDms9Rj0ruRYZ1tm7Aj9+Z6dtkN8o94g+VwCwCVY/Vc"},"_chains":{"BXurTNcLDoyuH1t7Rn+PtqPpQJZJX26E1TVj752+X9kC":{"chainKey":{"counter":0,"key":"JU6kO9Mij4//fZ9TTfWGsakfGlap6rsy94/k3PWH0hU="},"chainType":2,"messageKeys":{}},"BQJkc66lOB1QIcZReuCMqlIU6wDOeWNiY+mPh0n3P21X":{"chainKey":{"counter":2,"key":"djIlU3/iPkBBG1aXQd+af01Hf3RSHbrGyNeTbfUOMFc="},"chainType":1,"messageKeys":{}}}}},"version":"v1"}