{"_sessions":{"BT+we7GbCd5u5YK18rutuAHXJDWLPfegL3fHg8Iqoc1S":{"registrationId":1625974839,"currentRatchet":{"ephemeralKeyPair":{"pubKey":"BVAggEnmFj1t2Pr22UJyZybHJPP1TB18zG8iCzQRMa1I","privKey":"2NnwGwExiaGPSObMREBh8RoDTxDgI62Bg3B1+OGaqEY="},"lastRemoteEphemeralKey":"BZpaPlD2Gtxn6wVtW7MPumZagi+aqmv3DyqhgUlpheF4","previousCounter":0,"rootKey":"CSPVpggtZ/edk3cxS/fJNWHJ45pLWxohDN8Y97Kd5OA="},"indexInfo":{"baseKey":"BT+we7GbCd5u5YK18rutuAHXJDWLPfegL3fHg8Iqoc1S","baseKeyType":2,"closed":-1,"used":1706234402675,"created":1706234402675,"remoteIdentityKey":"Bc9zSv6z0vOo3BME00OiSL18zj0nAilguF0JsNA0B2UF"},"_chains":{"BZpaPlD2Gtxn6wVtW7MPumZagi+aqmv3DyqhgUlpheF4":{"chainKey":{"counter":0,"key":"+Y4RcMr3+LmwILIzCPWG0tlUso8Xju3TSLd+8r+i9ZY="},"chainType":2,"messageKeys":{}},"BVAggEnmFj1t2Pr22UJyZybHJPP1TB18zG8iCzQRMa1I":{"chainKey":{"counter":7,"key":"dncBgPaV8C5GmbvB7d1QBwLwcfE751Cqww/OrJqmQWc="},"chainType":1,"messageKeys":{}}}}},"version":"v1"}