{"_sessions":{"BX6pTSOrZs0Nb7m3Ssbl7p8W1iCgrKu/p/53M6zBMGBD":{"registrationId":154690505,"currentRatchet":{"ephemeralKeyPair":{"pubKey":"BcPof1+r390zGEnIEVh+TQANLc+0LEV0y9vGSl35A5AV","privKey":"wBFYdUfi73gIkVBbNiBgMxLvijaLUnv72P0TQgMDomQ="},"lastRemoteEphemeralKey":"BZ/ID7tUMQfBQOteGONvV6wfdGch/3W4/1C6fcF6pfsf","previousCounter":0,"rootKey":"HicCPg2JLmp1SMJMgd98ezxgCcaQcV/tLlVgPxCd6kE="},"indexInfo":{"baseKey":"BX6pTSOrZs0Nb7m3Ssbl7p8W1iCgrKu/p/53M6zBMGBD","baseKeyType":1,"closed":1706241574464,"used":1706241572931,"created":1706241572931,"remoteIdentityKey":"Bc7m5Sz1xDUWuGxXmMCoqj95mb8KffZduPl8O9MPJTNV"},"_chains":{"BcPof1+r390zGEnIEVh+TQANLc+0LEV0y9vGSl35A5AV":{"chainKey":{"counter":-1,"key":"jt/di5S15c7EBSY9CbIw68FIIW4QdJbHuyMlavMPYLg="},"chainType":1,"messageKeys":{}}},"pendingPreKey":{"signedKeyId":5,"baseKey":"BX6pTSOrZs0Nb7m3Ssbl7p8W1iCgrKu/p/53M6zBMGBD","preKeyId":7040861}},"BYdZXiMf/5ER3jevASsxjyNg04MCgtaI/7JBa1l/Uc4m":{"registrationId":154690505,"currentRatchet":{"ephemeralKeyPair":{"pubKey":"BeOPzkRxcQ7IRSM6HnHDVpfcDEBtL5bbd+i+/ipoQUko","privKey":"WOVT1ctNUpF/ATJAAHZCB9YjB29s+QAcw6nHlti401Y="},"lastRemoteEphemeralKey":"BZ/ID7tUMQfBQOteGONvV6wfdGch/3W4/1C6fcF6pfsf","previousCounter":0,"rootKey":"2nC8v1RmXlRKOP05ZclcWBmfR1bVQRiwKBzWJmkJal0="},"indexInfo":{"baseKey":"BYdZXiMf/5ER3jevASsxjyNg04MCgtaI/7JBa1l/Uc4m","baseKeyType":1,"closed":-1,"used":1706241574462,"created":1706241574462,"remoteIdentityKey":"Bc7m5Sz1xDUWuGxXmMCoqj95mb8KffZduPl8O9MPJTNV"},"_chains":{"BeOPzkRxcQ7IRSM6HnHDVpfcDEBtL5bbd+i+/ipoQUko":{"chainKey":{"counter":7,"key":"SWrB1NIVAPcUoBH7pUzMr8rSgTZJzaqKqhK0TL2/1Yg="},"chainType":1,"messageKeys":{}}},"pendingPreKey":{"signedKeyId":5,"baseKey":"BYdZXiMf/5ER3jevASsxjyNg04MCgtaI/7JBa1l/Uc4m","preKeyId":7040169}}},"version":"v1"}