{"_sessions":{"BYm/ZeCAXHJRpnfDWSyd12xmAzf7gAhDrrUHcxBrIDgJ":{"registrationId":1060670511,"currentRatchet":{"ephemeralKeyPair":{"pubKey":"BRnivB0BmnPWnlYm+BEaILYxYnW680tUYZL6pdN5bDk+","privKey":"eC3lFNyVfRMYwwJgZoVYJl30l9gErUatPLD1eBhN0nk="},"lastRemoteEphemeralKey":"BdGUSyMwK+6AA991DDr0bfUIc0FWlsTv5cNE9ajEbSNJ","previousCounter":0,"rootKey":"92Prhd6LfLsKkxgs2WhTJu2Y9t7tJIFq0DDKk9gMzyQ="},"indexInfo":{"baseKey":"BYm/ZeCAXHJRpnfDWSyd12xmAzf7gAhDrrUHcxBrIDgJ","baseKeyType":2,"closed":-1,"used":1706203714863,"created":1706203714863,"remoteIdentityKey":"Bftp7TZtwLAzG4V/0e/huzcC62JJP1iY1LxArz+DUpoS"},"_chains":{"BdGUSyMwK+6AA991DDr0bfUIc0FWlsTv5cNE9ajEbSNJ":{"chainKey":{"counter":1,"key":"el8dXgL2lBReYH5s3kwq/Knro7xPZbKDD3RzWbHuSNE="},"chainType":2,"messageKeys":{}},"BRnivB0BmnPWnlYm+BEaILYxYnW680tUYZL6pdN5bDk+":{"chainKey":{"counter":7,"key":"xoT2bBKJhMJHWbCskUhZXHF3o+ttSMOb2311Vygoodk="},"chainType":1,"messageKeys":{}}}}},"version":"v1"}