{"_sessions":{"BTFGPfq8g47rCTC4MQaTkRT3ukdUYDEdOZWh44oE92cb":{"registrationId":297532067,"currentRatchet":{"ephemeralKeyPair":{"pubKey":"Bdp2BIGYsOQaQoJBgdvYYqe95I4w7d/JRt1ZbJcEM7h2","privKey":"aCcFN6krfLP3YyLSXclQrhpWyr8BWW+ruFnMyRnfUks="},"lastRemoteEphemeralKey":"BYwJa+hetulYd8tsDToVvqqebsIEEpNZQAAYNPGoIdhD","previousCounter":0,"rootKey":"xb94saa+2z6z7Mt5PVcStAs38XXlW4Kx1d0xUz7KpbY="},"indexInfo":{"baseKey":"BTFGPfq8g47rCTC4MQaTkRT3ukdUYDEdOZWh44oE92cb","baseKeyType":1,"closed":1706241575248,"used":1706241573151,"created":1706241573151,"remoteIdentityKey":"BVy/399blTj8P3zZKsmdYT+W6sH5x774553/3pM0wCES"},"_chains":{"Bdp2BIGYsOQaQoJBgdvYYqe95I4w7d/JRt1ZbJcEM7h2":{"chainKey":{"counter":-1,"key":"r9Z3p+AnwGoOMTTtIBM0sWujlyZ52cuZuNggqu7Fg+I="},"chainType":1,"messageKeys":{}}},"pendingPreKey":{"signedKeyId":0,"baseKey":"BTFGPfq8g47rCTC4MQaTkRT3ukdUYDEdOZWh44oE92cb"}},"BW/KQw0rdSClJJUiEv9CeyoopQ952IM+HU6sTMRYnLMR":{"registrationId":297532067,"currentRatchet":{"ephemeralKeyPair":{"pubKey":"BVd+ZEaoVPQF6hA9suEqWhZhI965y1PdJqns1ouoejxR","privKey":"aPTC1ksQDbNMpmgfO6j3wr0NJyp9t22MSkxyc9l0I2k="},"lastRemoteEphemeralKey":"BYwJa+hetulYd8tsDToVvqqebsIEEpNZQAAYNPGoIdhD","previousCounter":0,"rootKey":"MBT3vJo0PRtuaAS9r9I/Q5IRisl7/xK3wk9NJFGazCs="},"indexInfo":{"baseKey":"BW/KQw0rdSClJJUiEv9CeyoopQ952IM+HU6sTMRYnLMR","baseKeyType":1,"closed":-1,"used":1706241575245,"created":1706241575245,"remoteIdentityKey":"BVy/399blTj8P3zZKsmdYT+W6sH5x774553/3pM0wCES"},"_chains":{"BVd+ZEaoVPQF6hA9suEqWhZhI965y1PdJqns1ouoejxR":{"chainKey":{"counter":7,"key":"piU9tUYkb2LjluS7VPYfiDN7WK+CgEYnS1YkSy+jfGI="},"chainType":1,"messageKeys":{}}},"pendingPreKey":{"signedKeyId":0,"baseKey":"BW/KQw0rdSClJJUiEv9CeyoopQ952IM+HU6sTMRYnLMR"}}},"version":"v1"}