{"_sessions":{"BeR/o1SBOiLCH8mLPAAA/Y2u4gT8Zp5UkalS87Db+vIo":{"registrationId":587460823,"currentRatchet":{"ephemeralKeyPair":{"pubKey":"BWlSh0ftAH5xh4nzaexk7+fXj9/x/yHv+cySdpERRI8c","privKey":"sGYTH+r/jHNyGfVHqqLbfkWUfancD2t2Q3q0O5IaTGw="},"lastRemoteEphemeralKey":"BX8HXBxacrgTjcJsbtJWyFKveDNCgToYYm3C7WrHs9Ez","previousCounter":0,"rootKey":"cCPoPB1LUx9IZCe4IIAYUsbSzxojkQBGdO/9XjysvTA="},"indexInfo":{"baseKey":"BeR/o1SBOiLCH8mLPAAA/Y2u4gT8Zp5UkalS87Db+vIo","baseKeyType":1,"closed":1706241575184,"used":1706241573139,"created":1706241573139,"remoteIdentityKey":"BWTyr1INEERUPRd8DO9rV+BtNwQq4cfKMMiOnWAQBagK"},"_chains":{"BWlSh0ftAH5xh4nzaexk7+fXj9/x/yHv+cySdpERRI8c":{"chainKey":{"counter":-1,"key":"PClPvpYmI/7JRhWYwN58oQRXHW/oVnYW/9SXFGFfWf0="},"chainType":1,"messageKeys":{}}},"pendingPreKey":{"signedKeyId":10,"baseKey":"BeR/o1SBOiLCH8mLPAAA/Y2u4gT8Zp5UkalS87Db+vIo","preKeyId":8882133}},"BUhljNGgLFWly40F97ZW+ajt8P4ETNb5am6kyWJYX6t3":{"registrationId":587460823,"currentRatchet":{"ephemeralKeyPair":{"pubKey":"BZJ16ik/r4X65z24TEL/qPAQjckIyapIDFwyO9137RMy","privKey":"oNzOVWEM2b24m8xt3VgLRtrR14aBL6SXFMNAjGj+s0w="},"lastRemoteEphemeralKey":"BX8HXBxacrgTjcJsbtJWyFKveDNCgToYYm3C7WrHs9Ez","previousCounter":0,"rootKey":"XTE1yMELDJBOH0zCef0sISrJH03QaeJrNPcJdgnymAM="},"indexInfo":{"baseKey":"BUhljNGgLFWly40F97ZW+ajt8P4ETNb5am6kyWJYX6t3","baseKeyType":1,"closed":-1,"used":1706241575182,"created":1706241575182,"remoteIdentityKey":"BWTyr1INEERUPRd8DO9rV+BtNwQq4cfKMMiOnWAQBagK"},"_chains":{"BZJ16ik/r4X65z24TEL/qPAQjckIyapIDFwyO9137RMy":{"chainKey":{"counter":7,"key":"8/PXSR+0UGfPCXF/Eean/B7DrZaEHixAJOSBvVOi3Ik="},"chainType":1,"messageKeys":{}}},"pendingPreKey":{"signedKeyId":10,"baseKey":"BUhljNGgLFWly40F97ZW+ajt8P4ETNb5am6kyWJYX6t3","preKeyId":8882845}}},"version":"v1"}