{"_sessions":{"BZJCa1U4npIQnolzMwQwQv3H/c84/u7Bnf8vTMHKn3Ns":{"registrationId":572871920,"currentRatchet":{"ephemeralKeyPair":{"pubKey":"BVeOYaq7IYnsPLFV9P3R33bB5GFXQly+r25aS1K2Ky40","privKey":"yNrgntb5OttBRQP/lMJKxapFBjc5GwKpyeahnJIa5kk="},"lastRemoteEphemeralKey":"BR7WKhLz+8Z1OJfHYEyoSHb4lLgXh7XNzebce5wBNXpm","previousCounter":0,"rootKey":"rTDlKmWy3qiDCoZ+qtuYeyIx8PwEpcO9DsDh4qxyoUQ="},"indexInfo":{"baseKey":"BZJCa1U4npIQnolzMwQwQv3H/c84/u7Bnf8vTMHKn3Ns","baseKeyType":1,"closed":-1,"used":1706203228105,"created":1706203228105,"remoteIdentityKey":"BT6f4fgu35ojg+WkW/zUL3gBnf7kFG5rqs41xraiwi8o"},"_chains":{"BVeOYaq7IYnsPLFV9P3R33bB5GFXQly+r25aS1K2Ky40":{"chainKey":{"counter":2,"key":"Sr90b4TUQi/yiUw46eIHFo0zXIV4UvBuYnp5Vvaqs8Y="},"chainType":1,"messageKeys":{}}},"pendingPreKey":{"signedKeyId":0,"baseKey":"BZJCa1U4npIQnolzMwQwQv3H/c84/u7Bnf8vTMHKn3Ns","preKeyId":356272}}},"version":"v1"}