{"_sessions":{"BZ9bGOpzqaQNMjX8zRFpRevfU6J2cp+FJgit7k2Zjb5Q":{"registrationId":881159026,"currentRatchet":{"ephemeralKeyPair":{"pubKey":"BUx/vxUrRGIp20OHcC2hmVjigdkW/QdliJvCc/NZM/g3","privKey":"YDLFlFRRe4WWLecoYUwNIAEYjEgC7CKpZzw/0n1QYms="},"lastRemoteEphemeralKey":"BdZWJktNDWMIU3aMFSpLI1jJsqD6Pj1u1gSTJz6vJT9J","previousCounter":0,"rootKey":"O2NwSOykMvshVypzfBujLPsQph6HRj2Nid96M1rxoA8="},"indexInfo":{"baseKey":"BZ9bGOpzqaQNMjX8zRFpRevfU6J2cp+FJgit7k2Zjb5Q","baseKeyType":2,"closed":-1,"used":1706236013522,"created":1706236013522,"remoteIdentityKey":"BQmSzPcKDMLPgFqOiq2aLMqGVDRAfWeFRinKGfDjoDUB"},"_chains":{"BdZWJktNDWMIU3aMFSpLI1jJsqD6Pj1u1gSTJz6vJT9J":{"chainKey":{"counter":0,"key":"eLBPeCjgobV1Jq+bZ0suh62HJu0jGcWSyV35Td8QD9o="},"chainType":2,"messageKeys":{}},"BUx/vxUrRGIp20OHcC2hmVjigdkW/QdliJvCc/NZM/g3":{"chainKey":{"counter":7,"key":"CEXCx1sJQhBSWU6SGSAxriHdfD1Nd0qyBrGJsuvDMuA="},"chainType":1,"messageKeys":{}}}}},"version":"v1"}