{"_sessions":{"BdEypIAjjYDkOTAqbPtDwsPsPBL8CQVBFz1wdBDiJL0S":{"registrationId":1059453980,"currentRatchet":{"ephemeralKeyPair":{"pubKey":"Ba+ccs2MVdIprzMdlaMgH0nnOxsZU0eeNJ1VmT9c7AY3","privKey":"CKhyp9DnbIaM+A1PD/Lf7mTpdfFp4AZkDArQLw3p4G8="},"lastRemoteEphemeralKey":"BfOnsIXYz0XDJdJDhSaRY8if4Irf8DfChx6+gkHLJHwG","previousCounter":0,"rootKey":"FEfTUVXdqWDG2qdjArJ0y8OLkJzRQ/Z/e25x4w5C2qQ="},"indexInfo":{"baseKey":"BdEypIAjjYDkOTAqbPtDwsPsPBL8CQVBFz1wdBDiJL0S","baseKeyType":1,"closed":-1,"used":1706203228226,"created":1706203228226,"remoteIdentityKey":"BZRhBxo8aw6gMwF0gs0hiu/ztgZlVwIC3fR3oahUJ7Nb"},"_chains":{"Ba+ccs2MVdIprzMdlaMgH0nnOxsZU0eeNJ1VmT9c7AY3":{"chainKey":{"counter":2,"key":"qQbaPgkqI9sdLKlciD9JTwnBmPXUxrb6lowK8K7Z+4U="},"chainType":1,"messageKeys":{}}},"pendingPreKey":{"signedKeyId":1,"baseKey":"BdEypIAjjYDkOTAqbPtDwsPsPBL8CQVBFz1wdBDiJL0S"}}},"version":"v1"}