{"_sessions":{"BYOLHN1oMyuTy2GdQDY2d5fNO5YXKrGV60wZOKWN/e5L":{"registrationId":192,"currentRatchet":{"ephemeralKeyPair":{"pubKey":"BWfOcX6RmRwPo9PYOwqnMd/7+kWhxeYNLNCMQ/f5ycht","privKey":"cJB2DPY6BxNEhFP/EyHrsjUZIaCYrHr7iKwS9bei9mY="},"lastRemoteEphemeralKey":"BSnQVdMP+Tjy6ZVoqrIYpdl9EBp5MrEVyI2GxBsT9Bhn","previousCounter":0,"rootKey":"kpO8qa4n2bkWOW4IuTeIxvTWIQ9yO0knWY7qBkPp7/c="},"indexInfo":{"baseKey":"BYOLHN1oMyuTy2GdQDY2d5fNO5YXKrGV60wZOKWN/e5L","baseKeyType":1,"closed":-1,"used":1706203227928,"created":1706203227928,"remoteIdentityKey":"BaYRW0kKRUj7qo8NqqTNF6y6s8Jwjag5/sO6jX+XlsNd"},"_chains":{"BWfOcX6RmRwPo9PYOwqnMd/7+kWhxeYNLNCMQ/f5ycht":{"chainKey":{"counter":2,"key":"oul3kLnLs7XskUm3zPBJ6rKB1oT1ZyTXqgjvC9SE59o="},"chainType":1,"messageKeys":{}}},"pendingPreKey":{"signedKeyId":1,"baseKey":"BYOLHN1oMyuTy2GdQDY2d5fNO5YXKrGV60wZOKWN/e5L"}}},"version":"v1"}