{"_sessions":{"BRm+2N1MFlsfpFgaZXzmb0XANgsC5dK+kpPW14WS52lS":{"registrationId":1943283540,"currentRatchet":{"ephemeralKeyPair":{"pubKey":"BdMdK30HD5P2GNumgMcJ0/eMA4YMLecdXgjl7Rbp+qlQ","privKey":"uD1sL4PjI4h2aJNrztav3OIz6cNj2zuaTVYkS3XQVV8="},"lastRemoteEphemeralKey":"BQCPjL7q5nzHXqHS4fKOZ6dvONA0NIW2MizFoPa7/hsZ","previousCounter":0,"rootKey":"7KQVCbLSYi4rOE3+qoNM9oVlwvVLT0OAunqBiwWlhkM="},"indexInfo":{"baseKey":"BRm+2N1MFlsfpFgaZXzmb0XANgsC5dK+kpPW14WS52lS","baseKeyType":1,"closed":-1,"used":1706203228037,"created":1706203228037,"remoteIdentityKey":"BXG0CDmOixGyNylV+zQXZ5w0p8mpaabiJoAxzqv+gOlx"},"_chains":{"BdMdK30HD5P2GNumgMcJ0/eMA4YMLecdXgjl7Rbp+qlQ":{"chainKey":{"counter":2,"key":"hG90scqL96hmLc+zA8TLNAMboKIp9UvHwtDyXqDIMDI="},"chainType":1,"messageKeys":{}}},"pendingPreKey":{"signedKeyId":8,"baseKey":"BRm+2N1MFlsfpFgaZXzmb0XANgsC5dK+kpPW14WS52lS","preKeyId":11024571}}},"version":"v1"}