{"_sessions":{"BZNJCCvHrOxu6+I6G9dchUB/PWp0ozXRdem1W+eEUQNt":{"registrationId":294725970,"currentRatchet":{"ephemeralKeyPair":{"pubKey":"BVXoMiu7dRT9NG8ajwtdx9pVJ9P4XAlLlJp1qU8SEPc0","privKey":"ECXob7VFqBDC0nbv9NcDoBgeRMbyZVAfuJZFhEVhIlM="},"lastRemoteEphemeralKey":"BcU0PDj9/Uc/PMnMmVYP+LeoQ1FiBDygnCk9cMy+tE04","previousCounter":0,"rootKey":"cWoIWY8Zy2tIByVncwK/idd7a6NgirCtmgHK9yHGDZI="},"indexInfo":{"baseKey":"BZNJCCvHrOxu6+I6G9dchUB/PWp0ozXRdem1W+eEUQNt","baseKeyType":2,"closed":-1,"used":1706239940065,"created":1706239940065,"remoteIdentityKey":"BQEC5fapwc81Pe6o6tM0iKHFerH2oCAfV3R3qQOtTjY4"},"_chains":{"BcU0PDj9/Uc/PMnMmVYP+LeoQ1FiBDygnCk9cMy+tE04":{"chainKey":{"counter":0,"key":"8rpNEw5eVuI1Y483LX6peNdKvsEN1Qzd/EgRfS1QsoU="},"chainType":2,"messageKeys":{}},"BVXoMiu7dRT9NG8ajwtdx9pVJ9P4XAlLlJp1qU8SEPc0":{"chainKey":{"counter":7,"key":"FIcnMKdGDbw/quEQCR60wKNhRoDF3HJYIUm9t3GISV0="},"chainType":1,"messageKeys":{}}}}},"version":"v1"}