{"_sessions":{"BR3RiExrqljqJnqqOiYAlQ59GCzxc0mdyDsm4wI1+yAJ":{"registrationId":99569126,"currentRatchet":{"ephemeralKeyPair":{"pubKey":"BSG5wF5H7O2KgBm2YagH0EYnu3o++KrFK4IV9pT+TeM+","privKey":"METueyj+aEW+LmVN++Mt/dw+KmgYrgXUYa2UJtFM+WY="},"lastRemoteEphemeralKey":"BepfgRz8Y/KaDYSWH9b9LsTM2n/qBd3sqy45PmGEe5ds","previousCounter":0,"rootKey":"6UODX0+e3P+8Ai+PC0K+hIg6qYIvibG4389dn4cNorE="},"indexInfo":{"baseKey":"BR3RiExrqljqJnqqOiYAlQ59GCzxc0mdyDsm4wI1+yAJ","baseKeyType":1,"closed":-1,"used":1706203227985,"created":1706203227985,"remoteIdentityKey":"BWLzbHrRuIQN1cX8PAbrQ5YA9poaejtJWswv9lz+rbwi"},"_chains":{"BSG5wF5H7O2KgBm2YagH0EYnu3o++KrFK4IV9pT+TeM+":{"chainKey":{"counter":2,"key":"dVllY4O/JeT8mM6kcLxo0q9E1esSSNIRd4bT/A7m55w="},"chainType":1,"messageKeys":{}}},"pendingPreKey":{"signedKeyId":19,"baseKey":"BR3RiExrqljqJnqqOiYAlQ59GCzxc0mdyDsm4wI1+yAJ"}}},"version":"v1"}