{"_sessions":{"BYMzadiuAEBCyWPHackaox81p++CGlvw4us9tlhTjnxD":{"registrationId":189061859,"currentRatchet":{"ephemeralKeyPair":{"pubKey":"BQQpSCTtr2CPvGD2JvlU1mn/NntMugAPQSGGCtzrGPdu","privKey":"ACZypY460IMOvEqoM3PtVGNpurjKgBmwXOuKxZt5eFs="},"lastRemoteEphemeralKey":"BSEMlGyonSrUgg2dlr20cvXXW/mGb1Kss+W7ZtpP88ML","previousCounter":0,"rootKey":"tZG7o7PRZ6y0+l8IQY6g6msiGuhJ3jKnuznklmyaOIs="},"indexInfo":{"baseKey":"BYMzadiuAEBCyWPHackaox81p++CGlvw4us9tlhTjnxD","baseKeyType":1,"closed":1706241573501,"used":1706241572704,"created":1706241572704,"remoteIdentityKey":"BUIj6dXPu862C9W/X2DjV4rJCkXWnQNGmO6sWkPiEeUg"},"_chains":{"BQQpSCTtr2CPvGD2JvlU1mn/NntMugAPQSGGCtzrGPdu":{"chainKey":{"counter":-1,"key":"t/Y3dPPB4p4GEKmbqSfkq8pIQT91aYS88xTX4h4aYlQ="},"chainType":1,"messageKeys":{}}},"pendingPreKey":{"signedKeyId":0,"baseKey":"BYMzadiuAEBCyWPHackaox81p++CGlvw4us9tlhTjnxD"}},"BTCiD/K6O6mn4Srbt0/rHC7/pQp1omE5DM4+ilgX/r1p":{"registrationId":189061859,"currentRatchet":{"ephemeralKeyPair":{"pubKey":"BQ40vfwb877bIK3x2+kNkIVopAP3mTqQY6MoScMg0wkT","privKey":"IMf8hO9NhKSAODENW+ArD/IPM0B4kxTXkc1oRdVbIWA="},"lastRemoteEphemeralKey":"BSEMlGyonSrUgg2dlr20cvXXW/mGb1Kss+W7ZtpP88ML","previousCounter":0,"rootKey":"KXYjmmUsYza6+JqTIoix9BESuAq/DHTsbSvmFknUguk="},"indexInfo":{"baseKey":"BTCiD/K6O6mn4Srbt0/rHC7/pQp1omE5DM4+ilgX/r1p","baseKeyType":1,"closed":-1,"used":1706241573499,"created":1706241573499,"remoteIdentityKey":"BUIj6dXPu862C9W/X2DjV4rJCkXWnQNGmO6sWkPiEeUg"},"_chains":{"BQ40vfwb877bIK3x2+kNkIVopAP3mTqQY6MoScMg0wkT":{"chainKey":{"counter":7,"key":"7sBaqKvtBUBW+C5HHTpBYMNSWNN3+aQEcqvqfs/ceeQ="},"chainType":1,"messageKeys":{}}},"pendingPreKey":{"signedKeyId":0,"baseKey":"BTCiD/K6O6mn4Srbt0/rHC7/pQp1omE5DM4+ilgX/r1p"}}},"version":"v1"}