{"_sessions":{"BYmlr1+8WVvhUsPJ1rGdK+a5ASWWYgBW9ANsM/qSvqRh":{"registrationId":823326166,"currentRatchet":{"ephemeralKeyPair":{"pubKey":"BZNh2U2ZE+5CjVdqw5DJmPWM39jnHWM92t39rjZXP9Mt","privKey":"KNMoy6OQRX6BbT2v3Uw61wFtdemFg7iZocE+LKxj6n4="},"lastRemoteEphemeralKey":"BaWuE+y8jxkBWPj3EmB3h+pVSBE1MFvR5KIBMzjiEuUb","previousCounter":0,"rootKey":"vC4h2zxiB9tLfsEvrimUMZi+nhLv2nYaNuDWEEAgWog="},"indexInfo":{"baseKey":"BYmlr1+8WVvhUsPJ1rGdK+a5ASWWYgBW9ANsM/qSvqRh","baseKeyType":1,"closed":1706241574316,"used":1706241572886,"created":1706241572886,"remoteIdentityKey":"BU8NZplx7SpFP8gwzAIXfKXFb9hIEYk9oL1PWQmjLI48"},"_chains":{"BZNh2U2ZE+5CjVdqw5DJmPWM39jnHWM92t39rjZXP9Mt":{"chainKey":{"counter":-1,"key":"MlaRhD/7H746nrq2bE1mD9PXy7zPqEnI8iIhLB7thb8="},"chainType":1,"messageKeys":{}}},"pendingPreKey":{"signedKeyId":1,"baseKey":"BYmlr1+8WVvhUsPJ1rGdK+a5ASWWYgBW9ANsM/qSvqRh","preKeyId":10074081}},"Ban8sLbr7ElP60H+jKRWSgOgBuiH73PkkpgRZOh/FX0D":{"registrationId":823326166,"currentRatchet":{"ephemeralKeyPair":{"pubKey":"BfJgPxzHbU/5HXc2H/52gaZaRKeDIYbziWE6ahX/gOog","privKey":"GKjJTF5LObXqflY9SzCW91HZpz116z7F/pSxKhM+eUA="},"lastRemoteEphemeralKey":"BaWuE+y8jxkBWPj3EmB3h+pVSBE1MFvR5KIBMzjiEuUb","previousCounter":0,"rootKey":"TjFZWAKpv/Qo6YXAFv24ZX7xVlHyJde/YxmnRJL1lOA="},"indexInfo":{"baseKey":"Ban8sLbr7ElP60H+jKRWSgOgBuiH73PkkpgRZOh/FX0D","baseKeyType":1,"closed":-1,"used":1706241574314,"created":1706241574314,"remoteIdentityKey":"BU8NZplx7SpFP8gwzAIXfKXFb9hIEYk9oL1PWQmjLI48"},"_chains":{"BfJgPxzHbU/5HXc2H/52gaZaRKeDIYbziWE6ahX/gOog":{"chainKey":{"counter":7,"key":"6FL2bpDq/0QrHps/pfyG7de8dzxrSTupBGPJ7qdoOUY="},"chainType":1,"messageKeys":{}}},"pendingPreKey":{"signedKeyId":1,"baseKey":"Ban8sLbr7ElP60H+jKRWSgOgBuiH73PkkpgRZOh/FX0D","preKeyId":10073949}}},"version":"v1"}