{"_sessions":{"BUiMKixJOlaPOKeZUOgWzpQJECNFQy0KKol9kE3Kzu9t":{"registrationId":248609470,"currentRatchet":{"ephemeralKeyPair":{"pubKey":"BYI/+qUle555rWizKTld5U040JTDnXd/mIRAT9tj5/wg","privKey":"wFpJp5aGT7TmLYSHHx4swQK2EYOyczu7l3Cn+NWXLEE="},"lastRemoteEphemeralKey":"BXm0d8OEH19tL6v/AsusBJQBG1JbuR2UDvsz8k6oUOc5","previousCounter":0,"rootKey":"QQeoZnPpYxkHu0iJgugL2rwdxPRcQyZAhfbKMSIrCTY="},"indexInfo":{"baseKey":"BUiMKixJOlaPOKeZUOgWzpQJECNFQy0KKol9kE3Kzu9t","baseKeyType":1,"closed":1706241573972,"used":1706241572816,"created":1706241572816,"remoteIdentityKey":"BfDML2y2IPd5HNypjjO3q6gjXogQmk8dB9jFwVh3vZRc"},"_chains":{"BYI/+qUle555rWizKTld5U040JTDnXd/mIRAT9tj5/wg":{"chainKey":{"counter":-1,"key":"b8sbk+QiE5ckWDuWENREGqbqLQdmrFrK8B4Cl/1TZ90="},"chainType":1,"messageKeys":{}}},"pendingPreKey":{"signedKeyId":30,"baseKey":"BUiMKixJOlaPOKeZUOgWzpQJECNFQy0KKol9kE3Kzu9t","preKeyId":6218118}},"BUsm8VOgTMsyNpqRaHOZyQmw/MarLv/CN85qfbwunnZ2":{"registrationId":248609470,"currentRatchet":{"ephemeralKeyPair":{"pubKey":"BceM/axnE6qCH4ksDxoZa86efJvLe1a0zCz1OZvpCmlX","privKey":"OBHZeSpWaS+cUdzSF5+Y78qGUgI7QPtLbP91qvSBal0="},"lastRemoteEphemeralKey":"BXm0d8OEH19tL6v/AsusBJQBG1JbuR2UDvsz8k6oUOc5","previousCounter":0,"rootKey":"2FpGCL9zVMWDejUmElRrgg5u3J77HpM3EeI3+Pm2B2s="},"indexInfo":{"baseKey":"BUsm8VOgTMsyNpqRaHOZyQmw/MarLv/CN85qfbwunnZ2","baseKeyType":1,"closed":-1,"used":1706241573970,"created":1706241573970,"remoteIdentityKey":"BfDML2y2IPd5HNypjjO3q6gjXogQmk8dB9jFwVh3vZRc"},"_chains":{"BceM/axnE6qCH4ksDxoZa86efJvLe1a0zCz1OZvpCmlX":{"chainKey":{"counter":7,"key":"igJdzulatU+n4sXhQOq9iIwRp6frsjXfo7Ie1QLrTrY="},"chainType":1,"messageKeys":{}}},"pendingPreKey":{"signedKeyId":30,"baseKey":"BUsm8VOgTMsyNpqRaHOZyQmw/MarLv/CN85qfbwunnZ2","preKeyId":6218459}}},"version":"v1"}