{"_sessions":{"BZLMrffcfrHuPbibq/p+49m8Bo9MRUAiDeNwrJ5dzN9Q":{"registrationId":1855797572,"currentRatchet":{"ephemeralKeyPair":{"pubKey":"BbzWQIucBUgMh0cbEGPM/3u4bI5gaW2dNR4q1+Uj0FUc","privKey":"kJdWQeV/xHydjeN4ZI6bawKbuLw2MaaeDQwaqHxtg1E="},"lastRemoteEphemeralKey":"Ba++7vWP9EbuAvoHvV/+A7uEIsECtXUqlTBRKaD/KxJT","previousCounter":0,"rootKey":"+l1kBJtixAKrQ9rS9lTgV6JxWpBj6glhWTkYjByOsuQ="},"indexInfo":{"baseKey":"BZLMrffcfrHuPbibq/p+49m8Bo9MRUAiDeNwrJ5dzN9Q","baseKeyType":1,"closed":1706241573286,"used":1706241572659,"created":1706241572659,"remoteIdentityKey":"BXKZ1Yfdx+2WfUkh+qiJ0YKop9fWzN2hlzfO7nCKEZNQ"},"_chains":{"BbzWQIucBUgMh0cbEGPM/3u4bI5gaW2dNR4q1+Uj0FUc":{"chainKey":{"counter":-1,"key":"9l3xlzt8Q/iwXVon0VOECvAMmdBz+PHejLu6O1rie2g="},"chainType":1,"messageKeys":{}}},"pendingPreKey":{"signedKeyId":1,"baseKey":"BZLMrffcfrHuPbibq/p+49m8Bo9MRUAiDeNwrJ5dzN9Q","preKeyId":12330846}},"BeVwK9vV9cJ3oN5oaMw1Xi4zlBIWfyrhw/A1qS6BwRgl":{"registrationId":1855797572,"currentRatchet":{"ephemeralKeyPair":{"pubKey":"BU6ztJfJGIzj7PfB6ueAo/1prIoShYkAljPMjYrh1rMl","privKey":"6CD2u6QW2L/YpnwZ4Wp/K0GFqP0OEa1vZc4jnhhz/m8="},"lastRemoteEphemeralKey":"Ba++7vWP9EbuAvoHvV/+A7uEIsECtXUqlTBRKaD/KxJT","previousCounter":0,"rootKey":"56rsnpBaAeRRc4tCu7Bb45y0VGBCeorxkfgXSoDzZaA="},"indexInfo":{"baseKey":"BeVwK9vV9cJ3oN5oaMw1Xi4zlBIWfyrhw/A1qS6BwRgl","baseKeyType":1,"closed":-1,"used":1706241573284,"created":1706241573284,"remoteIdentityKey":"BXKZ1Yfdx+2WfUkh+qiJ0YKop9fWzN2hlzfO7nCKEZNQ"},"_chains":{"BU6ztJfJGIzj7PfB6ueAo/1prIoShYkAljPMjYrh1rMl":{"chainKey":{"counter":7,"key":"hkOFpg03W4rTGUpkIbP0he8fmvboxCYsIECvzi96uq4="},"chainType":1,"messageKeys":{}}},"pendingPreKey":{"signedKeyId":1,"baseKey":"BeVwK9vV9cJ3oN5oaMw1Xi4zlBIWfyrhw/A1qS6BwRgl","preKeyId":12330727}}},"version":"v1"}