{"_sessions":{"BUc1z0kdsA+w5E17BkR4qVGinZ2QmA4iuMEWfexQ7sRo":{"registrationId":817248865,"currentRatchet":{"ephemeralKeyPair":{"pubKey":"BVn17EIFbBSA1WUQyn6Wf9LdZN1SwCC1YsJ3J65AJd5C","privKey":"WH7ZD52A/HJ3YxpnfTGrqB48VDURTKFkb2Ml+OuJI0w="},"lastRemoteEphemeralKey":"BV3NoZ3g76V5r5lKPgnYKlcyFVnEhdkrjirgeWhqhFtm","previousCounter":0,"rootKey":"2xM8S51lxgk/VAvmY7klFGmadw61lSCzwz98SUWTMis="},"indexInfo":{"baseKey":"BUc1z0kdsA+w5E17BkR4qVGinZ2QmA4iuMEWfexQ7sRo","baseKeyType":1,"closed":1706241575017,"used":1706241573099,"created":1706241573099,"remoteIdentityKey":"BRctmU20GFr3xXjV/ULKdBkCXWJ5ZOCTan+tbpcapalq"},"_chains":{"BVn17EIFbBSA1WUQyn6Wf9LdZN1SwCC1YsJ3J65AJd5C":{"chainKey":{"counter":-1,"key":"3LlswzLBfYvwumeHLP1WCAjN0SX5FvqOAuDzbVPqgPA="},"chainType":1,"messageKeys":{}}},"pendingPreKey":{"signedKeyId":1,"baseKey":"BUc1z0kdsA+w5E17BkR4qVGinZ2QmA4iuMEWfexQ7sRo","preKeyId":14959706}},"BQ3I1seWAYhDKd2o6agX502/IG819+TZRsnkW2BEumw7":{"registrationId":817248865,"currentRatchet":{"ephemeralKeyPair":{"pubKey":"BbgM0GJLY5dJrSbsF5elcMOLSLBjf5KwqARIwX2DIlJF","privKey":"WH3grtai9QsRcB1rwe/Ul8bWrMuIZv5pz4DjlVKqGn8="},"lastRemoteEphemeralKey":"BV3NoZ3g76V5r5lKPgnYKlcyFVnEhdkrjirgeWhqhFtm","previousCounter":0,"rootKey":"EVXQAHqRxpZnIN5H511cCA3yhHJ8nBcdh6PWzAc8Mm4="},"indexInfo":{"baseKey":"BQ3I1seWAYhDKd2o6agX502/IG819+TZRsnkW2BEumw7","baseKeyType":1,"closed":-1,"used":1706241575015,"created":1706241575015,"remoteIdentityKey":"BRctmU20GFr3xXjV/ULKdBkCXWJ5ZOCTan+tbpcapalq"},"_chains":{"BbgM0GJLY5dJrSbsF5elcMOLSLBjf5KwqARIwX2DIlJF":{"chainKey":{"counter":7,"key":"ZewPg0Pwr9udvqO6VzlrG9pcfGmy7J2ijerQIuq0USE="},"chainType":1,"messageKeys":{}}},"pendingPreKey":{"signedKeyId":1,"baseKey":"BQ3I1seWAYhDKd2o6agX502/IG819+TZRsnkW2BEumw7","preKeyId":14960208}}},"version":"v1"}