{"_sessions":{"BV+1V145h8WXfr7Ncm1H6hlhyeyCWDzJjBm06ekjuVJf":{"registrationId":2024866491,"currentRatchet":{"ephemeralKeyPair":{"pubKey":"BQThgDghovJiWEhyp7Mqd7hcF2T8NsX4XNBlo1w+9CpD","privKey":"aA14ZuptfGkyRXld3EE3DAOvD/8BZw6ypCNlM63lHVY="},"lastRemoteEphemeralKey":"BUCVgTnc/w70O0VbTtx42bhOhVaEJXzTtSIAQLdNMYIn","previousCounter":0,"rootKey":"haHgU56NbJNcIN2ijdxJX/Nhmy9QOt3NJZAZRS7xtwU="},"indexInfo":{"baseKey":"BV+1V145h8WXfr7Ncm1H6hlhyeyCWDzJjBm06ekjuVJf","baseKeyType":1,"closed":1706241573570,"used":1706241572719,"created":1706241572719,"remoteIdentityKey":"BUqBicVts5gA/iN/V2r5BM1dlkIos+7ZJRr0NHII5VcE"},"_chains":{"BQThgDghovJiWEhyp7Mqd7hcF2T8NsX4XNBlo1w+9CpD":{"chainKey":{"counter":-1,"key":"xtaAq/aZToUBcqM6yXhn9RrrsTXC/YVrrwoy0IoW7Zk="},"chainType":1,"messageKeys":{}}},"pendingPreKey":{"signedKeyId":13,"baseKey":"BV+1V145h8WXfr7Ncm1H6hlhyeyCWDzJjBm06ekjuVJf","preKeyId":15731791}},"Bf8Rz5DIHmjj1lauw3r/G/Wf44cBPfa0pne3XU3ERcBD":{"registrationId":2024866491,"currentRatchet":{"ephemeralKeyPair":{"pubKey":"BaIkKdwPfn3npeiNDhe8AMtV1zgmo5EqsjvxKWOyAW5/","privKey":"GMujzHSdHQB8/kkM7rrg/Vuxo+yOtuNTuJfzPeFo/Eo="},"lastRemoteEphemeralKey":"BUCVgTnc/w70O0VbTtx42bhOhVaEJXzTtSIAQLdNMYIn","previousCounter":0,"rootKey":"JcOUtG2kp44JRgnSlqEztrJCXhfqxPHhJWaDQtcIkpQ="},"indexInfo":{"baseKey":"Bf8Rz5DIHmjj1lauw3r/G/Wf44cBPfa0pne3XU3ERcBD","baseKeyType":1,"closed":-1,"used":1706241573568,"created":1706241573568,"remoteIdentityKey":"BUqBicVts5gA/iN/V2r5BM1dlkIos+7ZJRr0NHII5VcE"},"_chains":{"BaIkKdwPfn3npeiNDhe8AMtV1zgmo5EqsjvxKWOyAW5/":{"chainKey":{"counter":7,"key":"GfLWh+Y9KQYkSghW0jYg/QMhDGfLBUQhnKMBDtef8fE="},"chainType":1,"messageKeys":{}}},"pendingPreKey":{"signedKeyId":13,"baseKey":"Bf8Rz5DIHmjj1lauw3r/G/Wf44cBPfa0pne3XU3ERcBD","preKeyId":15731852}}},"version":"v1"}