{"_sessions":{"BdDaND0ifMCfvqBhNoFwLUHRCybkKgzBGCprRqHzid4I":{"registrationId":2101949810,"currentRatchet":{"ephemeralKeyPair":{"pubKey":"BY0lI6izf1WDe69os0GsgOjjOx2WLRKSEV+qe/fTwyJy","privKey":"kDDmUHrxOqpCsuEKpVTTvt25GOYlpLBeMNoIiXz2NWQ="},"lastRemoteEphemeralKey":"BdPFAh59OGqepZmFMG6zkBHgHgnnK/QYPtrYZ5aCOWxd","previousCounter":0,"rootKey":"lJdbyk+Thvoq9AJHk3SkLS4KmRVje6cM5OXTcdR6NvY="},"indexInfo":{"baseKey":"BdDaND0ifMCfvqBhNoFwLUHRCybkKgzBGCprRqHzid4I","baseKeyType":1,"closed":1706241573865,"used":1706241572797,"created":1706241572797,"remoteIdentityKey":"BSgiTTZ8AGUmQNi5oioEHns3asSCcJAVyaqNemvSrNsa"},"_chains":{"BY0lI6izf1WDe69os0GsgOjjOx2WLRKSEV+qe/fTwyJy":{"chainKey":{"counter":-1,"key":"jdEz7myS6XC0RJTzsUkBiWtj1ikY9VliwcmhVraiHMQ="},"chainType":1,"messageKeys":{}}},"pendingPreKey":{"signedKeyId":0,"baseKey":"BdDaND0ifMCfvqBhNoFwLUHRCybkKgzBGCprRqHzid4I"}},"BQU4zys1YorVp2QkE73yQiOY4fl0Jzpvr38zvHYxNMFM":{"registrationId":2101949810,"currentRatchet":{"ephemeralKeyPair":{"pubKey":"BWGnl9eBJROoXw9ZoNuvpX+bttpxC2uyh8Qp7sroxrpU","privKey":"eJXHD5akabmUZXsojvPCXU8q6BS9fRcTYekv7LNJIFg="},"lastRemoteEphemeralKey":"BdPFAh59OGqepZmFMG6zkBHgHgnnK/QYPtrYZ5aCOWxd","previousCounter":0,"rootKey":"ux97MJP87Ru2VLcKfCaelqlPW3M+QKFMgXAzlaJ8Zv0="},"indexInfo":{"baseKey":"BQU4zys1YorVp2QkE73yQiOY4fl0Jzpvr38zvHYxNMFM","baseKeyType":1,"closed":-1,"used":1706241573863,"created":1706241573863,"remoteIdentityKey":"BSgiTTZ8AGUmQNi5oioEHns3asSCcJAVyaqNemvSrNsa"},"_chains":{"BWGnl9eBJROoXw9ZoNuvpX+bttpxC2uyh8Qp7sroxrpU":{"chainKey":{"counter":7,"key":"5j0F2T/PJAIkdxgZ6CaAUsgmSnVv8gN4Br2G3s5qBlo="},"chainType":1,"messageKeys":{}}},"pendingPreKey":{"signedKeyId":0,"baseKey":"BQU4zys1YorVp2QkE73yQiOY4fl0Jzpvr38zvHYxNMFM"}}},"version":"v1"}