{"_sessions":{"BbF1raXqn5b8c0sIYUM6/YGfRi7xu7ErPUfWqFlgOV56":{"registrationId":1462822151,"currentRatchet":{"ephemeralKeyPair":{"pubKey":"BUv97eRI3pLgpN93zCeok0AQaKSlC1YOZxfXv4qfYpcv","privKey":"gPv8KWFpwmjLYE487xvxPDGriqSHxd6RB/Dxu32ofnI="},"lastRemoteEphemeralKey":"BfxZIsegCnSQ7QHLNihzWnVpArNPGYaO0mukWHvZ8plt","previousCounter":2,"rootKey":"6GPdKU32LCjlJni9Ji7hOfycWmj7xad3wSzlMAgSkZk="},"indexInfo":{"baseKey":"BbF1raXqn5b8c0sIYUM6/YGfRi7xu7ErPUfWqFlgOV56","baseKeyType":1,"closed":-1,"used":1706270362562,"created":1706203228207,"remoteIdentityKey":"BUNGfJwS0rNqpgf8kUw1TIEQwieUfbOJOc2X7/poKDpU"},"_chains":{"BfxZIsegCnSQ7QHLNihzWnVpArNPGYaO0mukWHvZ8plt":{"chainKey":{"counter":0,"key":"T4ZaOQ7A0pNu0tYeA8xURUCOizFjWhl1SR5JFbNn0bI="},"chainType":2,"messageKeys":{}},"BUv97eRI3pLgpN93zCeok0AQaKSlC1YOZxfXv4qfYpcv":{"chainKey":{"counter":-1,"key":"AbSaHx1ICwl6aaUCwm4QT5Jl/ksV6CexZT+sifCe7Bw="},"chainType":1,"messageKeys":{}}}}},"version":"v1"}