{"_sessions":{"BWjTJwbPG+OeFtY3w+LqMP86KDQpN+eXGrAiJ5A15Ggt":{"registrationId":2017173866,"currentRatchet":{"ephemeralKeyPair":{"pubKey":"BakvYowTY56Nk9AFVLdVxnFK/odz4MLAU3AjnUuRLQIy","privKey":"oM58vMSeasyriwmdsHR+GN/+ka/4G5ihYdj4zqrKmUA="},"lastRemoteEphemeralKey":"BdPQP+AQGWTID6dMrInF71I+dvW8ueOupI+mqw2x4+VN","previousCounter":0,"rootKey":"GaZqrrjRKdEdW7bt0c0LQ0NCULV4GydBZH990L7HcLE="},"indexInfo":{"baseKey":"BWjTJwbPG+OeFtY3w+LqMP86KDQpN+eXGrAiJ5A15Ggt","baseKeyType":1,"closed":-1,"used":1706203228170,"created":1706203228170,"remoteIdentityKey":"BeTqsmshJH44jclDl8UPnewt37kf8IWJhuv6unersx83"},"_chains":{"BakvYowTY56Nk9AFVLdVxnFK/odz4MLAU3AjnUuRLQIy":{"chainKey":{"counter":2,"key":"wsCYbYb9GAP8SFf2xjkvDS/EIptfqXUukLuk5wps7q8="},"chainType":1,"messageKeys":{}}},"pendingPreKey":{"signedKeyId":0,"baseKey":"BWjTJwbPG+OeFtY3w+LqMP86KDQpN+eXGrAiJ5A15Ggt","preKeyId":745272}}},"version":"v1"}