{"_sessions":{"BVcd8MYR9tk1mqcACFkz6rLat3HLSRX9xjt4K3Da9ic8":{"registrationId":1001525433,"currentRatchet":{"ephemeralKeyPair":{"pubKey":"BbIvvZSBcOePN55r1XSxf5QBIDKBHFREqCg8B9ZKzg0y","privKey":"0Me+49uUFH3YQqrjPsQrE9jwNOayaurdK68fgUfyDX0="},"lastRemoteEphemeralKey":"BavwfzXU9oaNbD/EbMCn4ij6LS5Tul0obYBEmD/yMrkb","previousCounter":0,"rootKey":"7cGyFP17E+eF+OXhQ/xUKKRqJ6jaFYXJR3L/FMNvXN0="},"indexInfo":{"baseKey":"BVcd8MYR9tk1mqcACFkz6rLat3HLSRX9xjt4K3Da9ic8","baseKeyType":1,"closed":-1,"used":1706203228058,"created":1706203228058,"remoteIdentityKey":"BSYm6GPV2GQracl47qJYJ7uk4jercuqXoy9mSFWvarp1"},"_chains":{"BbIvvZSBcOePN55r1XSxf5QBIDKBHFREqCg8B9ZKzg0y":{"chainKey":{"counter":2,"key":"zMaDpG82DD4n2ZwCvOb7AIaPCne2P81eAjCLOE2f5uw="},"chainType":1,"messageKeys":{}}},"pendingPreKey":{"signedKeyId":2,"baseKey":"BVcd8MYR9tk1mqcACFkz6rLat3HLSRX9xjt4K3Da9ic8","preKeyId":16431078}}},"version":"v1"}