{"_sessions":{"BW+5rtiFrhqyZq54TN2UHFWwqeeQnzg9rrIZ5+yhyiF7":{"registrationId":536971544,"currentRatchet":{"ephemeralKeyPair":{"pubKey":"BYpbWR11qFIxbLUjq5QRbmAWOd9jv8ofDBNiE0SWJpgZ","privKey":"cFuqqMsmkmjeZGyGQKeQhVv35pJ/e4UDeS+RP/m7/3c="},"lastRemoteEphemeralKey":"BSq6mqi3XbC4lRX2e8jenLQmy4pn476LTNfRV3Zzcx9Z","previousCounter":0,"rootKey":"2PnH05zrS4s//P1z2dp1t4ohNEp5L6Guex6UAdvdlbE="},"indexInfo":{"baseKey":"BW+5rtiFrhqyZq54TN2UHFWwqeeQnzg9rrIZ5+yhyiF7","baseKeyType":1,"closed":-1,"used":1706203228280,"created":1706203228280,"remoteIdentityKey":"BajFV3KrEyILLsuHuxrrIDMBVcdsEmEaZuh3by5POGZh"},"_chains":{"BYpbWR11qFIxbLUjq5QRbmAWOd9jv8ofDBNiE0SWJpgZ":{"chainKey":{"counter":2,"key":"dnfOOP40mfku8l3xuoyN/Toz4KucdP3CYmbdHFPbiwg="},"chainType":1,"messageKeys":{}}},"pendingPreKey":{"signedKeyId":1,"baseKey":"BW+5rtiFrhqyZq54TN2UHFWwqeeQnzg9rrIZ5+yhyiF7","preKeyId":6226825}}},"version":"v1"}