{"_sessions":{"BVhjTXQno0oe/t33+AuAmqnkYPl+kL/A8Stixhk+sJZQ":{"registrationId":1704131040,"currentRatchet":{"ephemeralKeyPair":{"pubKey":"BVWzfHb6TH2IQuBf8TZULdyjDxushmhwvADSD+SF2H9z","privKey":"cNH5gA2HHzABQ/GaEwO0fthJaW1uV5xuNuAWQm4fd0g="},"lastRemoteEphemeralKey":"BcyhL3r4zgYFm2cyORQ2JCF/gttvtiGga1hMU0eM77UB","previousCounter":1,"rootKey":"6K7GrVGYIKbYfeX2VYqrRb2Ix3KSpbgYFE4e5qYchdU="},"indexInfo":{"baseKey":"BVhjTXQno0oe/t33+AuAmqnkYPl+kL/A8Stixhk+sJZQ","baseKeyType":1,"closed":-1,"used":1706242774392,"created":1706203228074,"remoteIdentityKey":"BdwE0PmXiqlZ3hEtTJisdASDbtxGbXJKja/kSwXR569M"},"_chains":{"BcyhL3r4zgYFm2cyORQ2JCF/gttvtiGga1hMU0eM77UB":{"chainKey":{"counter":0,"key":"XQcXgVIuaq0OVK/pOA7aOrhXpwf36ke4852l4YW4Swc="},"chainType":2,"messageKeys":{}},"BVWzfHb6TH2IQuBf8TZULdyjDxushmhwvADSD+SF2H9z":{"chainKey":{"counter":0,"key":"+USie/WfItikSm+tFpG2QmFY9WRy82KWW2LS4grmyVg="},"chainType":1,"messageKeys":{}}}}},"version":"v1"}