{"_sessions":{"BWx7Uo8N2iWW7hspn73GqfHabjSu6fzjm6YJTOiaFZ8A":{"registrationId":70,"currentRatchet":{"ephemeralKeyPair":{"pubKey":"BUt4xYt/WsxwnOw/1Y2YUinmRwZ8nmC2IVLi3rEW4iN1","privKey":"IIEUW383SrlYZpdjWThi8+OWQh0LGDmUNFmCQ3LV63s="},"lastRemoteEphemeralKey":"BemtjDt7XB64/Wn3HtngoRLMBbEm+SgTVfbEqKZLjYVS","previousCounter":0,"rootKey":"uniFjSGinyz+dK+EEUILdMtDC/bdCh4ML0YAGm8zHwI="},"indexInfo":{"baseKey":"BWx7Uo8N2iWW7hspn73GqfHabjSu6fzjm6YJTOiaFZ8A","baseKeyType":1,"closed":-1,"used":1706203227870,"created":1706203227870,"remoteIdentityKey":"BaKnM7MlRY9NmZDan93R3idBot6tawXzhFLBwvqZ05YN"},"_chains":{"BUt4xYt/WsxwnOw/1Y2YUinmRwZ8nmC2IVLi3rEW4iN1":{"chainKey":{"counter":2,"key":"k+cHWJKk3ao/j3d9iF8g/ceoBEb0R9ZFopx4Nm+AoO4="},"chainType":1,"messageKeys":{}}},"pendingPreKey":{"signedKeyId":1,"baseKey":"BWx7Uo8N2iWW7hspn73GqfHabjSu6fzjm6YJTOiaFZ8A"}}},"version":"v1"}