{"_sessions":{"BWbiTuVp27vZGvCNutLsfq5QsOhgYiICskfLRTi+fM1p":{"registrationId":1802189216,"currentRatchet":{"ephemeralKeyPair":{"pubKey":"BbLva8/CbRNC9btxsn1IaK7wrPlL0VDh0dypoYJAk7hH","privKey":"KP8ppnRbFjjIKLWVz4EHXWfGsQuV+P2UMNNG2OSTz0Q="},"lastRemoteEphemeralKey":"BTOBgEvV6K+9jLjs8+VEk2FC5wpuUCqV+YUXLQTQFpQT","previousCounter":0,"rootKey":"i+Bv8rTFMMeeLDe8i+fBFe+iQ42xpqFrjBIV+YHwVaA="},"indexInfo":{"baseKey":"BWbiTuVp27vZGvCNutLsfq5QsOhgYiICskfLRTi+fM1p","baseKeyType":1,"closed":1706241574098,"used":1706241572843,"created":1706241572843,"remoteIdentityKey":"Ba0HB1NCvyVX0JbETKSS/0HQJDzm6FhttQ1rQzPbmg5R"},"_chains":{"BbLva8/CbRNC9btxsn1IaK7wrPlL0VDh0dypoYJAk7hH":{"chainKey":{"counter":-1,"key":"6vhas78vn6KoXd7mlnuAEfZ48bd1NTLjQg+DBKBsjXM="},"chainType":1,"messageKeys":{}}},"pendingPreKey":{"signedKeyId":1,"baseKey":"BWbiTuVp27vZGvCNutLsfq5QsOhgYiICskfLRTi+fM1p","preKeyId":8174640}},"BatBso8KjQXY5G4EN397jXnB+/vPwr0IDv195EWL53AA":{"registrationId":1802189216,"currentRatchet":{"ephemeralKeyPair":{"pubKey":"BUNw4KGbbi8o/E8T8bUOJJ7urvW499qNNJDxfjPdtQFa","privKey":"8PvqDpupUs16r9JgpQWL+HtP8WJtnmINaamMY5xQ80A="},"lastRemoteEphemeralKey":"BTOBgEvV6K+9jLjs8+VEk2FC5wpuUCqV+YUXLQTQFpQT","previousCounter":0,"rootKey":"SZ4bTG7oZZfKbnsGC+V3D4gJRh285fQzLnYQ2d+Ygdk="},"indexInfo":{"baseKey":"BatBso8KjQXY5G4EN397jXnB+/vPwr0IDv195EWL53AA","baseKeyType":1,"closed":-1,"used":1706241574096,"created":1706241574096,"remoteIdentityKey":"Ba0HB1NCvyVX0JbETKSS/0HQJDzm6FhttQ1rQzPbmg5R"},"_chains":{"BUNw4KGbbi8o/E8T8bUOJJ7urvW499qNNJDxfjPdtQFa":{"chainKey":{"counter":7,"key":"U1mH+ISpdl607z8LVRQ6yu3xfUQbENGBOxUs2gduhFw="},"chainType":1,"messageKeys":{}}},"pendingPreKey":{"signedKeyId":1,"baseKey":"BatBso8KjQXY5G4EN397jXnB+/vPwr0IDv195EWL53AA","preKeyId":8174837}}},"version":"v1"}