{"_sessions":{"BdOBtn+qm3UKsG4GFnhnUZGofBgOcncPl0kMrYiOHlwL":{"registrationId":2109367350,"currentRatchet":{"ephemeralKeyPair":{"pubKey":"BdAJq3kx+/idpaVSjaMvC7E5DlGryv1iJlMOmoQ5azh3","privKey":"ABwmr8GoqxsR9K/f00KYMHIhXA3z7rd5t61YH484E2Y="},"lastRemoteEphemeralKey":"BRFynECNQgSBW8KGjmzBiRf20ILirEy4Dt0YJF97L1la","previousCounter":0,"rootKey":"H9Qbk3HT1UYFt1IqisHfdF5uBqYdHmkVX/KTVuBgY8g="},"indexInfo":{"baseKey":"BdOBtn+qm3UKsG4GFnhnUZGofBgOcncPl0kMrYiOHlwL","baseKeyType":1,"closed":-1,"used":1706203228291,"created":1706203228291,"remoteIdentityKey":"BRFniypbhLgDzXQOjX2xDWnJJ2x2caVHgeMJM2jdUnoJ"},"_chains":{"BdAJq3kx+/idpaVSjaMvC7E5DlGryv1iJlMOmoQ5azh3":{"chainKey":{"counter":2,"key":"bk3DE9MkTWJyiFchdgunwxy+kGaivQO9UHCNTcMUfbc="},"chainType":1,"messageKeys":{}}},"pendingPreKey":{"signedKeyId":3,"baseKey":"BdOBtn+qm3UKsG4GFnhnUZGofBgOcncPl0kMrYiOHlwL","preKeyId":9355410}}},"version":"v1"}