{"_sessions":{"BciweZNixFHvDGJ3H2QRf/IWnCCUMSbfAnJryQ+JrUYH":{"registrationId":14294438,"currentRatchet":{"ephemeralKeyPair":{"pubKey":"BVATnpjYPhMTTZeNPf/IyqDV+MbGf9hv6XXn/kQa+P1B","privKey":"gBWXkEtYndODDNtwXQyUJ6QsOARUc5e+LhfsW0q7fU4="},"lastRemoteEphemeralKey":"BWi3czZQok7sbaZGKWj9FE1rHteviYJjhtPLikVImfIW","previousCounter":0,"rootKey":"B1Yhj6RNSjEGx+Ksa4FYpoP/Y6nUApYeKW8EgIDZrd4="},"indexInfo":{"baseKey":"BciweZNixFHvDGJ3H2QRf/IWnCCUMSbfAnJryQ+JrUYH","baseKeyType":1,"closed":-1,"used":1706203228152,"created":1706203228152,"remoteIdentityKey":"BfQmtJT91kaK8lhz07WOahHlSh6UP4pyvGOnsQF/vCgt"},"_chains":{"BVATnpjYPhMTTZeNPf/IyqDV+MbGf9hv6XXn/kQa+P1B":{"chainKey":{"counter":2,"key":"VVj6Oz+SeKnraD9Ae41bDxfYevQtAqSwcvpXkbqwWnE="},"chainType":1,"messageKeys":{}}},"pendingPreKey":{"signedKeyId":1,"baseKey":"BciweZNixFHvDGJ3H2QRf/IWnCCUMSbfAnJryQ+JrUYH","preKeyId":3914608}}},"version":"v1"}