{"_sessions":{"BWniCZtRraTs0JucrsRr8VQXxWaw6t5aXSP70ZSbTe1P":{"registrationId":719736495,"currentRatchet":{"ephemeralKeyPair":{"pubKey":"BXzBy9yc4iM4a0Ya02xKqlouo4gXsCbde+VOZGLzJqZ6","privKey":"CCPSYRNk4qc2d/SzAnD9Phlw8zv8TfkXhY2D62I/ZE4="},"lastRemoteEphemeralKey":"BWLBZBKdU5TxuEsOE0RbLf1+aaW3eA0LhFvhMwML1qUC","previousCounter":0,"rootKey":"RhIZOV62mnGwyni52Je2ZikA6Evo7aYqFogct5cXp14="},"indexInfo":{"baseKey":"BWniCZtRraTs0JucrsRr8VQXxWaw6t5aXSP70ZSbTe1P","baseKeyType":1,"closed":1706241573727,"used":1706241572751,"created":1706241572751,"remoteIdentityKey":"BcufrrkanYZwpxShJ33b2j1yp4gPQWvdqohJFVodr44L"},"_chains":{"BXzBy9yc4iM4a0Ya02xKqlouo4gXsCbde+VOZGLzJqZ6":{"chainKey":{"counter":-1,"key":"nLZy1biyjxM1jJ7Ax03HB/Dtydon+gstdze796GNr4s="},"chainType":1,"messageKeys":{}}},"pendingPreKey":{"signedKeyId":4,"baseKey":"BWniCZtRraTs0JucrsRr8VQXxWaw6t5aXSP70ZSbTe1P","preKeyId":8406523}},"BQYsX4n2MMU7MhEWUj0Cb31ZtzEMz6e7wI5B1aogOg5L":{"registrationId":719736495,"currentRatchet":{"ephemeralKeyPair":{"pubKey":"BbvomjiHs9qDKE3TMKrCHxNCCnr5WYmk5lEN3eCMkbl5","privKey":"MIPCCXcbksE+iiZpyc2yemF62mHr0a4UvruHG8VQmEU="},"lastRemoteEphemeralKey":"BWLBZBKdU5TxuEsOE0RbLf1+aaW3eA0LhFvhMwML1qUC","previousCounter":0,"rootKey":"GeCymJ4PaltWvyBZYxAUNOv1+aDybOXyYzUyp4O1LdA="},"indexInfo":{"baseKey":"BQYsX4n2MMU7MhEWUj0Cb31ZtzEMz6e7wI5B1aogOg5L","baseKeyType":1,"closed":-1,"used":1706241573726,"created":1706241573726,"remoteIdentityKey":"BcufrrkanYZwpxShJ33b2j1yp4gPQWvdqohJFVodr44L"},"_chains":{"BbvomjiHs9qDKE3TMKrCHxNCCnr5WYmk5lEN3eCMkbl5":{"chainKey":{"counter":7,"key":"RbQ7whxFoyUbMZ8XTYOyUxp5+lfWUqJ78WoB0/krfqo="},"chainType":1,"messageKeys":{}}},"pendingPreKey":{"signedKeyId":4,"baseKey":"BQYsX4n2MMU7MhEWUj0Cb31ZtzEMz6e7wI5B1aogOg5L","preKeyId":8406623}}},"version":"v1"}