{"_sessions":{"BWYRtcijl+59LIbfIPRGEU95ABTvrffy9uHEPyOY65gt":{"registrationId":67,"currentRatchet":{"ephemeralKeyPair":{"pubKey":"BTkVuBVVTK3F9c6b2bV9ZeBI1nHU93WvYW8tbXCedW0A","privKey":"UJ3+geLFPI2QdYoGDGPBnPKglmkk0t5QH6zFjkXihmk="},"lastRemoteEphemeralKey":"BXKv4f5vxKOsEymdzEy6RAmvAPoBWJ/xP/t9VniiGSsI","previousCounter":0,"rootKey":"x4N6L1m6kMrXg990KVm4KQP0A1G+wHPcVhBQZqKMVfU="},"indexInfo":{"baseKey":"BWYRtcijl+59LIbfIPRGEU95ABTvrffy9uHEPyOY65gt","baseKeyType":1,"closed":-1,"used":1706203227911,"created":1706203227911,"remoteIdentityKey":"BaFizHIoVNiqJ/SURZvtVEyg8E6M7BPHGdTblzt+dowh"},"_chains":{"BTkVuBVVTK3F9c6b2bV9ZeBI1nHU93WvYW8tbXCedW0A":{"chainKey":{"counter":2,"key":"yL12MHDRdRiVL4zq3940EFLJT4NPpWf9YpTgd8+b2t4="},"chainType":1,"messageKeys":{}}},"pendingPreKey":{"signedKeyId":1,"baseKey":"BWYRtcijl+59LIbfIPRGEU95ABTvrffy9uHEPyOY65gt"}}},"version":"v1"}