{"_sessions":{"BXQIrna5/8lmAbNus/eT+gwEokwvgR4DKXdKyNoDNBUJ":{"registrationId":1322284012,"currentRatchet":{"ephemeralKeyPair":{"pubKey":"BZoQBBPg2LKvBoieLAinlhs+vR15/J8qnxpBhJa5xFBr","privKey":"KPWZK8Uuovam2vQj49QPMKnwR5MDlAtmx3vUTMxEnF8="},"lastRemoteEphemeralKey":"Baufh1MnJiKaQL1hee7HWLOSb8Y6E7pNJF1yv6vrwFI8","previousCounter":0,"rootKey":"aFpw16HCTD3Mp/cCzc7QWkn2AirChJviF6gtIQjJ4vk="},"indexInfo":{"baseKey":"BXQIrna5/8lmAbNus/eT+gwEokwvgR4DKXdKyNoDNBUJ","baseKeyType":1,"closed":-1,"used":1706203228197,"created":1706203228197,"remoteIdentityKey":"BUzTiJLGLgmx+wlhbHnIbRaJ2+U4ZmxNNhNQrIWx0McB"},"_chains":{"BZoQBBPg2LKvBoieLAinlhs+vR15/J8qnxpBhJa5xFBr":{"chainKey":{"counter":2,"key":"wQAsdKwU/la4gwe/zROGRTaWUYIu3xSoYg1GtIcUsCA="},"chainType":1,"messageKeys":{}}},"pendingPreKey":{"signedKeyId":3,"baseKey":"BXQIrna5/8lmAbNus/eT+gwEokwvgR4DKXdKyNoDNBUJ","preKeyId":8242857}}},"version":"v1"}