{"_sessions":{"BdUbKi4JVh0R1y1NxfVF2Fr5WhhqxHLxfhvCHlC1mJ1v":{"registrationId":3259,"currentRatchet":{"ephemeralKeyPair":{"pubKey":"Bb55x1LueFV3ylwFmXeCVwRvQgorpUp7Ool41dzQ+DxI","privKey":"kK390e9rdfsWvx63JGJ4yCrCo5sa/cfCGe1nHCDztWQ="},"lastRemoteEphemeralKey":"Bf+HQ2eQXjuMt1BTd0L+hERNjqzmO3k2oU0LZ8gY5Aw+","previousCounter":0,"rootKey":"XPtaOuTv4V8FV8waE4z8th3quKOeEZvGj+xI2Dv2eHU="},"indexInfo":{"baseKey":"BdUbKi4JVh0R1y1NxfVF2Fr5WhhqxHLxfhvCHlC1mJ1v","baseKeyType":1,"closed":-1,"used":1706203227901,"created":1706203227901,"remoteIdentityKey":"BQqqYreZw3INwWWapU1CsPELx3ogCmihd7AccdOKoegr"},"_chains":{"Bb55x1LueFV3ylwFmXeCVwRvQgorpUp7Ool41dzQ+DxI":{"chainKey":{"counter":2,"key":"bLevUaplaFdvJ6exvYoDwrb9jisGm9Amdxa8+DhCwuM="},"chainType":1,"messageKeys":{}}},"pendingPreKey":{"signedKeyId":1,"baseKey":"BdUbKi4JVh0R1y1NxfVF2Fr5WhhqxHLxfhvCHlC1mJ1v","preKeyId":659}}},"version":"v1"}