{"_sessions":{"BVMDlNIZm3dSDZToakXxRPL1D/pzMbsw4NGj6HS9TKMX":{"registrationId":883001164,"currentRatchet":{"ephemeralKeyPair":{"pubKey":"BXFs/+cHsdd32vvI/lD8wL24tQVPmcrhleEcoGu2LgdX","privKey":"+NNsF4hQPTsFj+gfgOIIVV4h+F1kfxIEaA5ugQYRc1s="},"lastRemoteEphemeralKey":"Bf9fLlIPsFgShjjcXwcbMyLV2iP7mbnoMHyfQioQsIVy","previousCounter":0,"rootKey":"c7XbASAN9nbZTum2yXgCkyiWjfdGs7zLJ+Zz26nKrq4="},"indexInfo":{"baseKey":"BVMDlNIZm3dSDZToakXxRPL1D/pzMbsw4NGj6HS9TKMX","baseKeyType":1,"closed":-1,"used":1706203228300,"created":1706203228300,"remoteIdentityKey":"BbAg9b81U5cjOvecQB+Wvy07maB8bd5P3hGwrgc/LdZ6"},"_chains":{"BXFs/+cHsdd32vvI/lD8wL24tQVPmcrhleEcoGu2LgdX":{"chainKey":{"counter":2,"key":"tXGDdh321OjIKNTK+KM9+rRAPatMl2712yX7I+HsIjY="},"chainType":1,"messageKeys":{}}},"pendingPreKey":{"signedKeyId":1,"baseKey":"BVMDlNIZm3dSDZToakXxRPL1D/pzMbsw4NGj6HS9TKMX","preKeyId":11808842}}},"version":"v1"}