{"_sessions":{"BUUa5Ys0cUd1TrEJEQNUZIvRgsTUK4FTKobmKkDisKAD":{"registrationId":1425604004,"currentRatchet":{"ephemeralKeyPair":{"pubKey":"BXrLjd9qY28vvFwYrNpKczu65NvIHqjDg5gZurrh4p13","privKey":"YFRICPBg3MfNzba4uiWMJq5xfHKY+GfhJ1GC8nLnsmY="},"lastRemoteEphemeralKey":"BQpb8uAXqoWyN98gl16IpNB4gB3optS/aV8EGxAH4hI6","previousCounter":0,"rootKey":"5LDb/RCzNZE7Ed0Wmh5fkt3vMiLPptZrU0CLBuWKpmY="},"indexInfo":{"baseKey":"BUUa5Ys0cUd1TrEJEQNUZIvRgsTUK4FTKobmKkDisKAD","baseKeyType":1,"closed":1706241574599,"used":1706241572966,"created":1706241572966,"remoteIdentityKey":"BZdKWHFN+VTwmgj0nGTr1I7uQvdgNdrDqWEnveRe/NoT"},"_chains":{"BXrLjd9qY28vvFwYrNpKczu65NvIHqjDg5gZurrh4p13":{"chainKey":{"counter":-1,"key":"tjOPTjyqlCAKi5p1+nXCE6b0p+apUtkBe7/ZHt0q+uw="},"chainType":1,"messageKeys":{}}},"pendingPreKey":{"signedKeyId":0,"baseKey":"BUUa5Ys0cUd1TrEJEQNUZIvRgsTUK4FTKobmKkDisKAD"}},"BRiwF9KeCwciiNVzbN88q94JObYMJwEpLIYx0bn0+SY7":{"registrationId":1425604004,"currentRatchet":{"ephemeralKeyPair":{"pubKey":"Bckzelr5b9xFz0SJO1pDsEbe4t0uP99RHoVFQfwy2jIp","privKey":"4DYdUf2HpE4QagLYEhr037ZfNGvxn9/yO6NVTYK6ZWo="},"lastRemoteEphemeralKey":"BQpb8uAXqoWyN98gl16IpNB4gB3optS/aV8EGxAH4hI6","previousCounter":0,"rootKey":"MnwcPtm48/YpQhyoAjjDDsSPgm2OaoXlkrazgpM5t5c="},"indexInfo":{"baseKey":"BRiwF9KeCwciiNVzbN88q94JObYMJwEpLIYx0bn0+SY7","baseKeyType":1,"closed":-1,"used":1706241574593,"created":1706241574593,"remoteIdentityKey":"BZdKWHFN+VTwmgj0nGTr1I7uQvdgNdrDqWEnveRe/NoT"},"_chains":{"Bckzelr5b9xFz0SJO1pDsEbe4t0uP99RHoVFQfwy2jIp":{"chainKey":{"counter":7,"key":"j04uan8UnAfy5C9wirOgT4IUFkJEgDljMqRZdggnkiI="},"chainType":1,"messageKeys":{}}},"pendingPreKey":{"signedKeyId":0,"baseKey":"BRiwF9KeCwciiNVzbN88q94JObYMJwEpLIYx0bn0+SY7"}}},"version":"v1"}