{"_sessions":{"BYw9TNaQrVpHOusXPK8ZIOStGrAYiSOhqc7NXgBEy6Y+":{"registrationId":1029002989,"currentRatchet":{"ephemeralKeyPair":{"pubKey":"Be9eC3tEimh9Aqf7Y4nCRvuVOn15HLxmZuAp82MtClBj","privKey":"cIXa5PDOgX+IlHHQEgdCh6VOn7hD2bKTLEh4pb7/Sn0="},"lastRemoteEphemeralKey":"BUSUBpYgKHClbPu5dKkKHb9Nkmh98QkRUy3pHgUTgMRm","previousCounter":0,"rootKey":"ciVivYspFT8v3VQ7rchWN2dSAjVNi/K64M7mRyhNBeA="},"indexInfo":{"baseKey":"BYw9TNaQrVpHOusXPK8ZIOStGrAYiSOhqc7NXgBEy6Y+","baseKeyType":1,"closed":1706241574137,"used":1706241572848,"created":1706241572848,"remoteIdentityKey":"BfyXMTZbX0Wz3Z8+/mBwDEU9KROie0IgP8N2w1AvyI1a"},"_chains":{"Be9eC3tEimh9Aqf7Y4nCRvuVOn15HLxmZuAp82MtClBj":{"chainKey":{"counter":-1,"key":"zRU5WEDuw31TRtT9HMLIqgJGAYk0YGsL0x2kkV5cHdw="},"chainType":1,"messageKeys":{}}},"pendingPreKey":{"signedKeyId":7,"baseKey":"BYw9TNaQrVpHOusXPK8ZIOStGrAYiSOhqc7NXgBEy6Y+","preKeyId":10837487}},"BURs/zNrKv8QFURHNfMSPNuzga48tbPnrbMLi5VANddF":{"registrationId":1029002989,"currentRatchet":{"ephemeralKeyPair":{"pubKey":"BRupVvg7AiB8NlWdnOa9PhGFStOYKAScuzLwtGPKoQcs","privKey":"gNDSbmZMsmhJSdTweHl0woQlaaLuiydRCMqmmo953kk="},"lastRemoteEphemeralKey":"BXT8BNqrmETq6lKKjFsLa+c4yQus16OsVAHqW+9SDnpC","previousCounter":1,"rootKey":"/x0k6rsS8mUdz6tO9X4jHpoZMG/7EKPgNv4lbP/kfxc="},"indexInfo":{"baseKey":"BURs/zNrKv8QFURHNfMSPNuzga48tbPnrbMLi5VANddF","baseKeyType":1,"closed":-1,"used":1706242006727,"created":1706241574134,"remoteIdentityKey":"BfyXMTZbX0Wz3Z8+/mBwDEU9KROie0IgP8N2w1AvyI1a"},"_chains":{"BXT8BNqrmETq6lKKjFsLa+c4yQus16OsVAHqW+9SDnpC":{"chainKey":{"counter":0,"key":"ATyzt4hXHOnLv3WOiam5yQsBOyNxbblg/lLmz/+cjcM="},"chainType":2,"messageKeys":{}},"BRupVvg7AiB8NlWdnOa9PhGFStOYKAScuzLwtGPKoQcs":{"chainKey":{"counter":5,"key":"c1/HYq7ltcphq+2b/DBtrCU35KK+w8q7DRCLcItqZSw="},"chainType":1,"messageKeys":{}}}}},"version":"v1"}