{"_sessions":{"BXuS1m9Y7n5HxTuAKMfP2SSIFrNkAc8jbY0ed5kcQ5of":{"registrationId":1376615233,"currentRatchet":{"ephemeralKeyPair":{"pubKey":"BW9/eZlflvFlXfAExhyDftOO0Tme6hT9nEUKTNZtl/YD","privKey":"CKBE7SgFJNnoJwkx8zgFD80eCZ+znZg9T77B2SDVtn8="},"lastRemoteEphemeralKey":"BTeb0iG2Dc9YWXKGP+J/7uSjre6gVKFS7QIG61WzV3JH","previousCounter":0,"rootKey":"n/MxIGkpFMaD7ndcbIETIvF7A+unY38TcIJRdPpKGuU="},"indexInfo":{"baseKey":"BXuS1m9Y7n5HxTuAKMfP2SSIFrNkAc8jbY0ed5kcQ5of","baseKeyType":1,"closed":1706241574154,"used":1706241572853,"created":1706241572853,"remoteIdentityKey":"BfxC68s9ABRmWPAEzdNh43m27ly2Ou8M7NyUiSys5xFi"},"_chains":{"BW9/eZlflvFlXfAExhyDftOO0Tme6hT9nEUKTNZtl/YD":{"chainKey":{"counter":-1,"key":"mqyj4gv9rVjvGpso9fGs7rqgVy1j17MXkGed13vdJWI="},"chainType":1,"messageKeys":{}}},"pendingPreKey":{"signedKeyId":12,"baseKey":"BXuS1m9Y7n5HxTuAKMfP2SSIFrNkAc8jbY0ed5kcQ5of","preKeyId":15934700}},"BYdfLu9Hcp9m1P2z9BnKEIfrtpf3AH4N668Lygc2cRVz":{"registrationId":1376615233,"currentRatchet":{"ephemeralKeyPair":{"pubKey":"BWgfymO8ZRtTZkg97kX3z1ar+mr1eFu3RYsYWji4aT9N","privKey":"OMABMQh8Uq2cSgD4tCo7f5GtVdvfLjcChTtsLX/q2ms="},"lastRemoteEphemeralKey":"BTeb0iG2Dc9YWXKGP+J/7uSjre6gVKFS7QIG61WzV3JH","previousCounter":0,"rootKey":"P3ldNNsA0F6NXjtXnE8PABDDlWBm6S+H7KxV+LndMs8="},"indexInfo":{"baseKey":"BYdfLu9Hcp9m1P2z9BnKEIfrtpf3AH4N668Lygc2cRVz","baseKeyType":1,"closed":-1,"used":1706241574153,"created":1706241574153,"remoteIdentityKey":"BfxC68s9ABRmWPAEzdNh43m27ly2Ou8M7NyUiSys5xFi"},"_chains":{"BWgfymO8ZRtTZkg97kX3z1ar+mr1eFu3RYsYWji4aT9N":{"chainKey":{"counter":7,"key":"HJEAXUp7P0/u/hxPfntVkthmAy33SRbxjYxi0Plwzo8="},"chainType":1,"messageKeys":{}}},"pendingPreKey":{"signedKeyId":12,"baseKey":"BYdfLu9Hcp9m1P2z9BnKEIfrtpf3AH4N668Lygc2cRVz","preKeyId":15934429}}},"version":"v1"}