{"_sessions":{"BbTvdbPzZkV2Lr3O/8pG0i05r8VxTvkth7mjVLTHKiQZ":{"registrationId":28,"currentRatchet":{"ephemeralKeyPair":{"pubKey":"BUsw/SDcFy29E3GrfuuFJhSgucGoDMLj+7ha8QFzfj9j","privKey":"ODTpznQgKC4ruKEeHLPTcH1j1FKNvvXtHfyocSjyUmI="},"lastRemoteEphemeralKey":"BX8R/hEWUPtUcRWGcVgZcl6AmBsw/zpf97yhNHuHTu1g","previousCounter":0,"rootKey":"r3k4B9vuIQKyWhdy2gdc31SMc5ywSaDryXDU3C6Ooa0="},"indexInfo":{"baseKey":"BbTvdbPzZkV2Lr3O/8pG0i05r8VxTvkth7mjVLTHKiQZ","baseKeyType":1,"closed":-1,"used":1706203227881,"created":1706203227881,"remoteIdentityKey":"BROoDx94iHDJo9Sf8slNADCoTihLevWTtFgqmIuS5sJQ"},"_chains":{"BUsw/SDcFy29E3GrfuuFJhSgucGoDMLj+7ha8QFzfj9j":{"chainKey":{"counter":2,"key":"MM/Hy8z0YTvixP3OqrscqKctBUaKGF6jJuMN6OFEIro="},"chainType":1,"messageKeys":{}}},"pendingPreKey":{"signedKeyId":1,"baseKey":"BbTvdbPzZkV2Lr3O/8pG0i05r8VxTvkth7mjVLTHKiQZ"}}},"version":"v1"}