{"_sessions":{"BfyuLkCvf+HP/cLUEyGkq6wKULvxGeAARP6BSQFvGD5i":{"registrationId":1519579120,"currentRatchet":{"ephemeralKeyPair":{"pubKey":"BVXckDUQqF5OqikqGmEAjwXAGX7sau0IEUEDRHtoSDVq","privKey":"iNp1Lc1NYYJvNEW6gCr88EnLGmC2YE5KwnJVl18y5U4="},"lastRemoteEphemeralKey":"BSg/maFehggNW4aLOpKdYuucNzcEmWULb5mF1LDwGg4Q","previousCounter":0,"rootKey":"LePpoFDdSfBvU0nActP4u9wn5sOYVPRhxvT2K6drDxo="},"indexInfo":{"baseKey":"BfyuLkCvf+HP/cLUEyGkq6wKULvxGeAARP6BSQFvGD5i","baseKeyType":1,"closed":-1,"used":1706234402963,"created":1706203228231,"remoteIdentityKey":"BZ4Y3W8zQcF4K+i1IZbgTWndA/zKM4s/Z3t32CQsXupa"},"_chains":{"BSg/maFehggNW4aLOpKdYuucNzcEmWULb5mF1LDwGg4Q":{"chainKey":{"counter":0,"key":"egrHjw7fNJSyu39CLpG1OSSQ5D/CQmNlg0RCAKo0irE="},"chainType":2,"messageKeys":{}},"BVXckDUQqF5OqikqGmEAjwXAGX7sau0IEUEDRHtoSDVq":{"chainKey":{"counter":1,"key":"Oh/RyiSWMKL3LN6D9BBdZ4MrjQiDVYdrmHUuCuaALls="},"chainType":1,"messageKeys":{}}}}},"version":"v1"}