{"_sessions":{"BbQX3L7JD2Y+6qyvHr5CAAhv1V4yUQPnnZf6Hwwb9Qdh":{"registrationId":372857960,"currentRatchet":{"ephemeralKeyPair":{"pubKey":"Bb6UvYuV8ACQcPRoggfRnBOthitQ6Z2Rbf9eLjbuZmVl","privKey":"YHZxog3vOskMh31inHdOAnDZVxnEzh+PFvXJtqnXCn8="},"lastRemoteEphemeralKey":"BT9FsSwBghgsh/nxrBSPXcZfKuEwuu6TqEFyPkYR+Rwl","previousCounter":2,"rootKey":"1canCjKFusbJZYXt0B1MN0O/WVOTU1nZUl3IMhEz4Zs="},"indexInfo":{"baseKey":"BbQX3L7JD2Y+6qyvHr5CAAhv1V4yUQPnnZf6Hwwb9Qdh","baseKeyType":1,"closed":-1,"used":1706265403106,"created":1706203228270,"remoteIdentityKey":"BburlVWLEwPZ1s2qJy1A3xO4+ynn1qYL1EA2YuPcTQoY"},"_chains":{"BT9FsSwBghgsh/nxrBSPXcZfKuEwuu6TqEFyPkYR+Rwl":{"chainKey":{"counter":0,"key":"sohciXkTPlQVN0jaq54l80yvN8n9QUHIuaHv+sewNhs="},"chainType":2,"messageKeys":{}},"Bb6UvYuV8ACQcPRoggfRnBOthitQ6Z2Rbf9eLjbuZmVl":{"chainKey":{"counter":-1,"key":"FEJUR3gGsZerKztnuR9suDKt5w42v2ZRCtwbkQTapGk="},"chainType":1,"messageKeys":{}}}}},"version":"v1"}