{"_sessions":{"BVfKztqnA90/9dnnK25FjLAHGWBorBj0Er+R5I3T8wg4":{"registrationId":612254030,"currentRatchet":{"ephemeralKeyPair":{"pubKey":"Ba1GGWyORWLzr234UAvz6VYs0rpks9lym4GLTvu502tB","privKey":"YDn0RCUWTAuCr3B37Zu9q+Ce4idDYuRmZoc6b8Hdlls="},"lastRemoteEphemeralKey":"BUONlbOhoQpah3qjIZFI36A4W1ZWdtpkjol9LdUoaeM/","previousCounter":0,"rootKey":"Cxkv5KTRMR9ZgYAh75eCfPBRATu+A1URekIMeppFo3E="},"indexInfo":{"baseKey":"BVfKztqnA90/9dnnK25FjLAHGWBorBj0Er+R5I3T8wg4","baseKeyType":1,"closed":-1,"used":1706203228031,"created":1706203228031,"remoteIdentityKey":"BR4gUObtVRUnLX1c78C2eXMmshEevK3TmG5PJNxULhpM"},"_chains":{"Ba1GGWyORWLzr234UAvz6VYs0rpks9lym4GLTvu502tB":{"chainKey":{"counter":2,"key":"+Xm1YajUD8VhfJJ/hdkPTlV8CdOOppbxFtJC8e2oBy0="},"chainType":1,"messageKeys":{}}},"pendingPreKey":{"signedKeyId":11,"baseKey":"BVfKztqnA90/9dnnK25FjLAHGWBorBj0Er+R5I3T8wg4"}}},"version":"v1"}