{"_sessions":{"BfMIpzDUFoZtzWHS6efhg94QrBgDzayM/Eim5rcQWHcS":{"registrationId":872665654,"currentRatchet":{"ephemeralKeyPair":{"pubKey":"BTgHSz+VmbyacFxStKNwyfVIGLB1/zRB10IKdMUcDytk","privKey":"6JSgqUbcwfyrJL1stXMpYifla03t5vNyuWVE2ymm90U="},"lastRemoteEphemeralKey":"BfNIawShdLAfGkY2N6yvMM3g8FLE0+hsBehAso9iK1ps","previousCounter":0,"rootKey":"W5awyCraL+jaPwgLO2gS2r2ssJS8ZhSTh54co3Km6Wg="},"indexInfo":{"baseKey":"BfMIpzDUFoZtzWHS6efhg94QrBgDzayM/Eim5rcQWHcS","baseKeyType":1,"closed":1706241575059,"used":1706241573108,"created":1706241573108,"remoteIdentityKey":"BeL6S1dmWdMT8lsX0ygmLLImKSICY3XDxP2Tg4RzTnpU"},"_chains":{"BTgHSz+VmbyacFxStKNwyfVIGLB1/zRB10IKdMUcDytk":{"chainKey":{"counter":-1,"key":"MBwZpyk0fGRDQBtq3K5nX7E+vILqhWNbSiiSeQyQ1q8="},"chainType":1,"messageKeys":{}}},"pendingPreKey":{"signedKeyId":6,"baseKey":"BfMIpzDUFoZtzWHS6efhg94QrBgDzayM/Eim5rcQWHcS","preKeyId":6686602}},"BexDo1KbgFqWufn8xZA1SSsKyzeBXdtvxkKjsegLct5j":{"registrationId":872665654,"currentRatchet":{"ephemeralKeyPair":{"pubKey":"BXEk35jnCHZs309U4pMnumuctE/s5PpFmx9bC5O9wFcR","privKey":"ALD+h4dNRvmhBLXBAD6g7NRoqDaNVKLBsEGIld5mr0g="},"lastRemoteEphemeralKey":"BfNIawShdLAfGkY2N6yvMM3g8FLE0+hsBehAso9iK1ps","previousCounter":0,"rootKey":"1zUXrJ9MNyzkTG710zkBr4QvuVXkDma+WcWJMVqUmK8="},"indexInfo":{"baseKey":"BexDo1KbgFqWufn8xZA1SSsKyzeBXdtvxkKjsegLct5j","baseKeyType":1,"closed":-1,"used":1706241575057,"created":1706241575057,"remoteIdentityKey":"BeL6S1dmWdMT8lsX0ygmLLImKSICY3XDxP2Tg4RzTnpU"},"_chains":{"BXEk35jnCHZs309U4pMnumuctE/s5PpFmx9bC5O9wFcR":{"chainKey":{"counter":7,"key":"vvhOH9A76IavjDHvrGSc/86U+K2KNcBU7TNBN+OwIj8="},"chainType":1,"messageKeys":{}}},"pendingPreKey":{"signedKeyId":6,"baseKey":"BexDo1KbgFqWufn8xZA1SSsKyzeBXdtvxkKjsegLct5j","preKeyId":6686486}}},"version":"v1"}