{"_sessions":{"BdnLulP9nK84ce/pOcRTuNTgMtby/nH8ulbPf/v/p1Ef":{"registrationId":1472466705,"currentRatchet":{"ephemeralKeyPair":{"pubKey":"Ba/zbS53rij5YlFZAs90NtUU3pJt7cc8/rA0ujmcC89k","privKey":"aD4Ozp6+D9gsXZUVpq3FjaD/oFah6mykhYH5lSaUHWc="},"lastRemoteEphemeralKey":"BTebkIJAjlbFftNDCifZhSaBrAnADV5FhIa1tzZ+CiIv","previousCounter":0,"rootKey":"cNV2ngjCqEriABnIJI4ScxjR8BFnEz4LhLwVe9LPkaA="},"indexInfo":{"baseKey":"BdnLulP9nK84ce/pOcRTuNTgMtby/nH8ulbPf/v/p1Ef","baseKeyType":1,"closed":1706241574702,"used":1706241572998,"created":1706241572998,"remoteIdentityKey":"BdAUowWJFBWQWKrOPuF5s0Usz/Cnd8y6s9LeHpHyTuh7"},"_chains":{"Ba/zbS53rij5YlFZAs90NtUU3pJt7cc8/rA0ujmcC89k":{"chainKey":{"counter":-1,"key":"v6BBduuCY/T1qBcWGc27+QXH4wKZrkKfRZ3Lthn9FpI="},"chainType":1,"messageKeys":{}}},"pendingPreKey":{"signedKeyId":2,"baseKey":"BdnLulP9nK84ce/pOcRTuNTgMtby/nH8ulbPf/v/p1Ef","preKeyId":2312439}},"BcoJOD7S/wKJ6eXedvWk/ycCsyvfVqMsuTTEBRtD7Lg4":{"registrationId":1472466705,"currentRatchet":{"ephemeralKeyPair":{"pubKey":"Bacm2yWvOkkYcpGgOtUBq1E7drP7jUky4QBEbyEARQYd","privKey":"EIREFmFXqMYdoWPyIfyWB3byT4agVpZA1690HuZdTEw="},"lastRemoteEphemeralKey":"BTebkIJAjlbFftNDCifZhSaBrAnADV5FhIa1tzZ+CiIv","previousCounter":0,"rootKey":"KrrecvtNmraAr1w7yVy/iCzeSEtqn2wpZAvvd9bTWz4="},"indexInfo":{"baseKey":"BcoJOD7S/wKJ6eXedvWk/ycCsyvfVqMsuTTEBRtD7Lg4","baseKeyType":1,"closed":-1,"used":1706241574701,"created":1706241574701,"remoteIdentityKey":"BdAUowWJFBWQWKrOPuF5s0Usz/Cnd8y6s9LeHpHyTuh7"},"_chains":{"Bacm2yWvOkkYcpGgOtUBq1E7drP7jUky4QBEbyEARQYd":{"chainKey":{"counter":7,"key":"AaFYFSbv/rk6otXK/koT6nIGuLTYQVzjYD2vh3fhN3k="},"chainType":1,"messageKeys":{}}},"pendingPreKey":{"signedKeyId":2,"baseKey":"BcoJOD7S/wKJ6eXedvWk/ycCsyvfVqMsuTTEBRtD7Lg4","preKeyId":2312503}}},"version":"v1"}