{"_sessions":{"BXees7qulV/5rU5Q1saiZzIiQ9RODWQsHq8n5y/pDIUi":{"registrationId":1037196941,"currentRatchet":{"ephemeralKeyPair":{"pubKey":"BekU97OHjzXI4ftQ+OEhqRstGNAu1RlIvRCeBok2XL4L","privKey":"mLb8xHCEBA/9uS4XeiRWnGZU7BHEm8MOc9s6Z9O+9HA="},"lastRemoteEphemeralKey":"BXrt/Pte76qCI0EZZ4FAA9bnOFTrJroakR8OwFlUY1oA","previousCounter":2,"rootKey":"yiWDLegyFd4JpDeIE6U6Cl9Qng7cQjk9ejm3xyNdYK4="},"indexInfo":{"baseKey":"BXees7qulV/5rU5Q1saiZzIiQ9RODWQsHq8n5y/pDIUi","baseKeyType":1,"closed":-1,"used":1706265303757,"created":1706203228192,"remoteIdentityKey":"BRf48n8Xcj0rDME5DnK9e6tiTOl94dOQFeI0N/4QVWtd"},"_chains":{"BXrt/Pte76qCI0EZZ4FAA9bnOFTrJroakR8OwFlUY1oA":{"chainKey":{"counter":0,"key":"yx6lCSscHCJW5hleBSgc9jr1mw/GFWa29Ub8iR4dD4A="},"chainType":2,"messageKeys":{}},"BekU97OHjzXI4ftQ+OEhqRstGNAu1RlIvRCeBok2XL4L":{"chainKey":{"counter":-1,"key":"g0+ZUjh9c7wQOk9ntv0hZb5pwvdG20DtC1ILudaSBI4="},"chainType":1,"messageKeys":{}}}}},"version":"v1"}