{"_sessions":{"Bcx9wNgqBJCilgX5blTfsE1qH1K8tSN7UPloL6b/nIon":{"registrationId":291322612,"currentRatchet":{"ephemeralKeyPair":{"pubKey":"BdSAuddpzwgROzWm/SNL0/kGujzKOqHCc0NWFX4PHXAe","privKey":"ePCZmwZqfL246ndStJbjf5x0STPpJt1KCTEyrBE93mA="},"lastRemoteEphemeralKey":"BVR3sSbtcSOPGQNIgrduNZ/eXbrbz93S/W6A3FTpA54H","previousCounter":0,"rootKey":"XWzZwpcJwTmPH5KYKvw7hpQKDB8QFRSC35IgvVkymx4="},"indexInfo":{"baseKey":"Bcx9wNgqBJCilgX5blTfsE1qH1K8tSN7UPloL6b/nIon","baseKeyType":2,"closed":-1,"used":1706207557278,"created":1706207557278,"remoteIdentityKey":"BeMIBvtOaKBPuknsavrvkAzP48O7wUa4vpFoYnrhdsha"},"_chains":{"BVR3sSbtcSOPGQNIgrduNZ/eXbrbz93S/W6A3FTpA54H":{"chainKey":{"counter":0,"key":"8YljW6xfy1GVGnyCF3jHkUZ6lw69KFNMuiEl7R/yw1Q="},"chainType":2,"messageKeys":{}},"BdSAuddpzwgROzWm/SNL0/kGujzKOqHCc0NWFX4PHXAe":{"chainKey":{"counter":7,"key":"1WacHxBrfP+J9E3R1DGu+HNivzFO577cUS6aHKDMq70="},"chainType":1,"messageKeys":{}}}}},"version":"v1"}