{"_sessions":{"BZAc00sHpTfk9FR5SYPvOWE0xpygKLO6inkYry66fgh7":{"registrationId":1566607578,"currentRatchet":{"ephemeralKeyPair":{"pubKey":"Bb/Wh6C2Y2IlOXdIzidnLuxU1d8dE1LaMShGhHgBKntI","privKey":"OHH2GgbtDdu8H5XIxOIolH0LxwVTAmncaA1wLuACqX4="},"lastRemoteEphemeralKey":"BSXeEapM9zCkaDDWYvJyXcLQxN/UMv6PVAksxKI30Fof","previousCounter":0,"rootKey":"eZT1sfDP5BqCf2Qg+8Au2j+cfBzWNiCPBpe2o1ruNPE="},"indexInfo":{"baseKey":"BZAc00sHpTfk9FR5SYPvOWE0xpygKLO6inkYry66fgh7","baseKeyType":1,"closed":1706241574360,"used":1706241572898,"created":1706241572898,"remoteIdentityKey":"BZQACnQuQCvDDT7jcaVCrhgD/7ZyN6hLjYvgmwBX0js3"},"_chains":{"Bb/Wh6C2Y2IlOXdIzidnLuxU1d8dE1LaMShGhHgBKntI":{"chainKey":{"counter":-1,"key":"Wc9+1AF12Dc9595UtEmvzPLWkRICXR+kFQ0nwNER/5M="},"chainType":1,"messageKeys":{}}},"pendingPreKey":{"signedKeyId":1,"baseKey":"BZAc00sHpTfk9FR5SYPvOWE0xpygKLO6inkYry66fgh7"}},"BQPHhL0owczBWYEZe1BuQr28QV1bRCqo5eMBCvWLirYf":{"registrationId":1566607578,"currentRatchet":{"ephemeralKeyPair":{"pubKey":"BWy/o+wLyrw7VSdQOiMDbvRBlCGxEaI6qLO90Gu64HEd","privKey":"+FsWsPchVRwandl20xuPos1YNuUGYJgwXpX2a/YiQVI="},"lastRemoteEphemeralKey":"BSXeEapM9zCkaDDWYvJyXcLQxN/UMv6PVAksxKI30Fof","previousCounter":0,"rootKey":"EbUjwssNs8uhVk9EQYk5wHi9VBW8MvBPnMu8EFId4lg="},"indexInfo":{"baseKey":"BQPHhL0owczBWYEZe1BuQr28QV1bRCqo5eMBCvWLirYf","baseKeyType":1,"closed":-1,"used":1706241574359,"created":1706241574359,"remoteIdentityKey":"BZQACnQuQCvDDT7jcaVCrhgD/7ZyN6hLjYvgmwBX0js3"},"_chains":{"BWy/o+wLyrw7VSdQOiMDbvRBlCGxEaI6qLO90Gu64HEd":{"chainKey":{"counter":7,"key":"WQ6GIP4rJ7tUoA1FXZyLxpjwNS0Wzs4ITNHY58euvPE="},"chainType":1,"messageKeys":{}}},"pendingPreKey":{"signedKeyId":1,"baseKey":"BQPHhL0owczBWYEZe1BuQr28QV1bRCqo5eMBCvWLirYf"}}},"version":"v1"}