{"_sessions":{"BZ7FZq+TGuAJk/NDJKTd5il0NC8dhXyx3od1SeBDJpMv":{"registrationId":295745277,"currentRatchet":{"ephemeralKeyPair":{"pubKey":"Beara3z0FkSCyxHkscwtucac7L26q8ZanVYXymBJD4Fg","privKey":"gDdjrEFa3bz5vGyL8gQD2xJ1xS3re6g0Rk+BZbQVZWY="},"lastRemoteEphemeralKey":"BUeBijhKUPrHoOWe2U9qJY9CtAfkLMxn465tpUXlcdE3","previousCounter":0,"rootKey":"CivEYCM5+4pTiJfw90gHUzjKMzlE6lVWfUqgBTicE4E="},"indexInfo":{"baseKey":"BZ7FZq+TGuAJk/NDJKTd5il0NC8dhXyx3od1SeBDJpMv","baseKeyType":1,"closed":1706241573891,"used":1706241572802,"created":1706241572802,"remoteIdentityKey":"Bf2z4M03B2RbJvYLFrEs+F4Id38P5TttZictnk7xL0sG"},"_chains":{"Beara3z0FkSCyxHkscwtucac7L26q8ZanVYXymBJD4Fg":{"chainKey":{"counter":-1,"key":"Oh+KRapEoX0eFEbSuDRLtiFQlnx1ejyus4MmoXk++YI="},"chainType":1,"messageKeys":{}}},"pendingPreKey":{"signedKeyId":15,"baseKey":"BZ7FZq+TGuAJk/NDJKTd5il0NC8dhXyx3od1SeBDJpMv","preKeyId":13156625}},"BX6qPsZsFyrwoeucb/G9v+O3Phiw9xox1ck87/CDALc7":{"registrationId":295745277,"currentRatchet":{"ephemeralKeyPair":{"pubKey":"BcxBXPvi3kEGr4fSU6aEly46F0/zNB4Q42FqLZDUY6lN","privKey":"OK13qUGoKpDWDlLfPHZWJpGHP7lf+Ba7Qj0MWBraUHE="},"lastRemoteEphemeralKey":"BUeBijhKUPrHoOWe2U9qJY9CtAfkLMxn465tpUXlcdE3","previousCounter":0,"rootKey":"LZjYdqI/V6UkKttEUG8i4mMAlcg0i6jxQpSvaCTWC5U="},"indexInfo":{"baseKey":"BX6qPsZsFyrwoeucb/G9v+O3Phiw9xox1ck87/CDALc7","baseKeyType":1,"closed":-1,"used":1706241573889,"created":1706241573889,"remoteIdentityKey":"Bf2z4M03B2RbJvYLFrEs+F4Id38P5TttZictnk7xL0sG"},"_chains":{"BcxBXPvi3kEGr4fSU6aEly46F0/zNB4Q42FqLZDUY6lN":{"chainKey":{"counter":7,"key":"NbYgYxAp1+v3ee3H4HNkRtVmQDy4L8WAUBFJfdOOSBg="},"chainType":1,"messageKeys":{}}},"pendingPreKey":{"signedKeyId":15,"baseKey":"BX6qPsZsFyrwoeucb/G9v+O3Phiw9xox1ck87/CDALc7","preKeyId":13156665}}},"version":"v1"}