{"_sessions":{"BTkiTcc4hLSdnudR+kcyM4knKqZw6rQjRi6i78SvVI8c":{"registrationId":111,"currentRatchet":{"ephemeralKeyPair":{"pubKey":"BZzM5Ac2S5GgwcvlZk2wKq7faN67lTOCclBMeFpXsG8u","privKey":"6CnXG5hfbVGNtyO/7jpEkLI5ykq9Ne3jmx8hqDxrik0="},"lastRemoteEphemeralKey":"BXICr+pIbNThcTykjegwU0mheMHwTY7jylJF4c0cvw92","previousCounter":0,"rootKey":"XM5MsubiIxNkF8pmHKUhBwGzjYkrGsziWlYjt79kfUY="},"indexInfo":{"baseKey":"BTkiTcc4hLSdnudR+kcyM4knKqZw6rQjRi6i78SvVI8c","baseKeyType":2,"closed":1706242009083,"used":1706203440305,"created":1706203440305,"remoteIdentityKey":"BUPUgCXs3/1h/bdVedyvkBNFntCgN+2asmDE31vryY8r"},"_chains":{"BXICr+pIbNThcTykjegwU0mheMHwTY7jylJF4c0cvw92":{"chainKey":{"counter":0,"key":"d7XGx82NIqh0k4ph3/WpAOpABzBgaZ/1bJo7hzYG0Sw="},"chainType":2,"messageKeys":{}},"BZzM5Ac2S5GgwcvlZk2wKq7faN67lTOCclBMeFpXsG8u":{"chainKey":{"counter":1,"key":"qC2XDSVlw6RtT7+aDkmQiJxddAE8Pl8N1yCrBbhX68Y="},"chainType":1,"messageKeys":{}}}},"BXhIMKJ3NczPw2agW6U9StUa+MoK7A/a9E6w/FABLQAA":{"registrationId":111,"currentRatchet":{"ephemeralKeyPair":{"pubKey":"BdG+4HNHulHxRKiAJ96+ujy5KkYUeQkhS0cS8hoxMiZD","privKey":"YEh124/xDFsq9PAPScpGPFBXKDG2rR8EXRXGz/TlFVo="},"lastRemoteEphemeralKey":"Bc6WhIBhy1P9H8X8wllGV54ta8ORc5cztASeIvDPbkdh","previousCounter":0,"rootKey":"f6YBOWUDof3csLoh0703fW+GiFxu/cH/bbFf0uD31A8="},"indexInfo":{"baseKey":"BXhIMKJ3NczPw2agW6U9StUa+MoK7A/a9E6w/FABLQAA","baseKeyType":1,"closed":1706242010355,"used":1706242009079,"created":1706242009079,"remoteIdentityKey":"BUPUgCXs3/1h/bdVedyvkBNFntCgN+2asmDE31vryY8r"},"_chains":{"BdG+4HNHulHxRKiAJ96+ujy5KkYUeQkhS0cS8hoxMiZD":{"chainKey":{"counter":0,"key":"I3RW3k0Ro7L/qVzNjMl7EDvLMncFhWfCfcYLt0Igna0="},"chainType":1,"messageKeys":{}}},"pendingPreKey":{"signedKeyId":1,"baseKey":"BXhIMKJ3NczPw2agW6U9StUa+MoK7A/a9E6w/FABLQAA","preKeyId":1302}},"BakPJU8Wu3olfCWqYrUR4OQ0AYM72ZjlqyJQHGSINj8O":{"registrationId":111,"currentRatchet":{"ephemeralKeyPair":{"pubKey":"BYhxmS4tLJa3sBcVEpJ3/VeaKTKP4ynMEW9+8Ittf5YQ","privKey":"GFYYVV73LhSSNMOcu0o9tAIT07nEz541Rbq+l/y3T34="},"lastRemoteEphemeralKey":"Bc6WhIBhy1P9H8X8wllGV54ta8ORc5cztASeIvDPbkdh","previousCounter":0,"rootKey":"mMzlCkg6eT+/hHhk6pKAE4ZVHANqyfYu3DSlRj9uPro="},"indexInfo":{"baseKey":"BakPJU8Wu3olfCWqYrUR4OQ0AYM72ZjlqyJQHGSINj8O","baseKeyType":1,"closed":1706242011218,"used":1706242010353,"created":1706242010353,"remoteIdentityKey":"BUPUgCXs3/1h/bdVedyvkBNFntCgN+2asmDE31vryY8r"},"_chains":{"BYhxmS4tLJa3sBcVEpJ3/VeaKTKP4ynMEW9+8Ittf5YQ":{"chainKey":{"counter":0,"key":"mznz5nSdgHMOOAADkFLZtcVaPR7+3gx6m9OvB9RWVv4="},"chainType":1,"messageKeys":{}}},"pendingPreKey":{"signedKeyId":1,"baseKey":"BakPJU8Wu3olfCWqYrUR4OQ0AYM72ZjlqyJQHGSINj8O","preKeyId":1319}},"BSX/nprADP/dXoKTI1EmhrQDyd1Icq1Yuj2YBfh3stBV":{"registrationId":111,"currentRatchet":{"ephemeralKeyPair":{"pubKey":"BU5Iz96H3rfncMBbvLgMobC0wz5C0T3I3Adsz0ZMEu9g","privKey":"2MZUrifsyG7ZzMrUPd78g3/j+LKTCxdNgJijryhpnmA="},"lastRemoteEphemeralKey":"Bc6WhIBhy1P9H8X8wllGV54ta8ORc5cztASeIvDPbkdh","previousCounter":0,"rootKey":"R9k767eS6sNU6Rh7s9ULr7ZIHaqUKcqGljRZc/BzcZ4="},"indexInfo":{"baseKey":"BSX/nprADP/dXoKTI1EmhrQDyd1Icq1Yuj2YBfh3stBV","baseKeyType":1,"closed":1706242012051,"used":1706242011215,"created":1706242011215,"remoteIdentityKey":"BUPUgCXs3/1h/bdVedyvkBNFntCgN+2asmDE31vryY8r"},"_chains":{"BU5Iz96H3rfncMBbvLgMobC0wz5C0T3I3Adsz0ZMEu9g":{"chainKey":{"counter":0,"key":"i2bWQYVdx00ciTztF0ONMJPzKR73yYtDUc1lzGaxg0s="},"chainType":1,"messageKeys":{}}},"pendingPreKey":{"signedKeyId":1,"baseKey":"BSX/nprADP/dXoKTI1EmhrQDyd1Icq1Yuj2YBfh3stBV","preKeyId":1314}},"BXYYiNBDFEJRl3JhNM9RUWyPu8fBvDLdhrZ2LHf5nr8C":{"registrationId":111,"currentRatchet":{"ephemeralKeyPair":{"pubKey":"Bb03dLW5gpCw/JoM7tWnS7WCurOcM/9SgF3LbY/cQzEg","privKey":"oE7BEImomCu1F2dwrAj38TSVS8Vw8i8U1MHS5t4FSWE="},"lastRemoteEphemeralKey":"Bc6WhIBhy1P9H8X8wllGV54ta8ORc5cztASeIvDPbkdh","previousCounter":0,"rootKey":"ZPhaPJ15tXdLpRtnM6b/Y0fNM230pVagO5NtMLYiou8="},"indexInfo":{"baseKey":"BXYYiNBDFEJRl3JhNM9RUWyPu8fBvDLdhrZ2LHf5nr8C","baseKeyType":1,"closed":1706242013112,"used":1706242012048,"created":1706242012048,"remoteIdentityKey":"BUPUgCXs3/1h/bdVedyvkBNFntCgN+2asmDE31vryY8r"},"_chains":{"Bb03dLW5gpCw/JoM7tWnS7WCurOcM/9SgF3LbY/cQzEg":{"chainKey":{"counter":0,"key":"cS6jyzrRGGyc6afLFjRrp8L2+htOX1IPlAJL4bZvMTM="},"chainType":1,"messageKeys":{}}},"pendingPreKey":{"signedKeyId":1,"baseKey":"BXYYiNBDFEJRl3JhNM9RUWyPu8fBvDLdhrZ2LHf5nr8C","preKeyId":1309}},"Bbd386KJ6TTZQ0pQisKteEGmNw+Bm0/Upv0Hnl63uU8/":{"registrationId":111,"currentRatchet":{"ephemeralKeyPair":{"pubKey":"BYHF+Mxd7iRi64xg0wzem9mVwTCj1gJFclX0zqREKtEv","privKey":"GMYqXeTy04/tyGA7ipp4s/tzFyukqMMJ8w8dILgrOn4="},"lastRemoteEphemeralKey":"Bc6WhIBhy1P9H8X8wllGV54ta8ORc5cztASeIvDPbkdh","previousCounter":0,"rootKey":"xdOPJs6E+fGFxnapSv2JdFN8w/52DcIwfxC8FNErXc4="},"indexInfo":{"baseKey":"Bbd386KJ6TTZQ0pQisKteEGmNw+Bm0/Upv0Hnl63uU8/","baseKeyType":1,"closed":1706242013797,"used":1706242013110,"created":1706242013110,"remoteIdentityKey":"BUPUgCXs3/1h/bdVedyvkBNFntCgN+2asmDE31vryY8r"},"_chains":{"BYHF+Mxd7iRi64xg0wzem9mVwTCj1gJFclX0zqREKtEv":{"chainKey":{"counter":0,"key":"YLjDUVALzjWBvG+1DZSRDji+NlzyAF/BugeGYhLMHr4="},"chainType":1,"messageKeys":{}}},"pendingPreKey":{"signedKeyId":1,"baseKey":"Bbd386KJ6TTZQ0pQisKteEGmNw+Bm0/Upv0Hnl63uU8/","preKeyId":1311}},"BahBkQqMZffI3Wg6NIQfUriN15y6sTv3unBl+LPFANpK":{"registrationId":111,"currentRatchet":{"ephemeralKeyPair":{"pubKey":"BRuDUCLvHYQs3iSAMz7+f/VJbVfqwc62JDpO5rKdTvkT","privKey":"wMIsdj8lYa+TGsF0ZhA/e/6eyLQq5iuDj6SXyFDw4ns="},"lastRemoteEphemeralKey":"Bc6WhIBhy1P9H8X8wllGV54ta8ORc5cztASeIvDPbkdh","previousCounter":0,"rootKey":"Q8serpCOd9ZDTIVaHu38qyI8dW+NB/zJjTmIUZ+m+BY="},"indexInfo":{"baseKey":"BahBkQqMZffI3Wg6NIQfUriN15y6sTv3unBl+LPFANpK","baseKeyType":1,"closed":1706242014578,"used":1706242013795,"created":1706242013795,"remoteIdentityKey":"BUPUgCXs3/1h/bdVedyvkBNFntCgN+2asmDE31vryY8r"},"_chains":{"BRuDUCLvHYQs3iSAMz7+f/VJbVfqwc62JDpO5rKdTvkT":{"chainKey":{"counter":0,"key":"5486waDPKKuwS3nJOGIr7yvNPKYpde5huy2wAyszuUg="},"chainType":1,"messageKeys":{}}},"pendingPreKey":{"signedKeyId":1,"baseKey":"BahBkQqMZffI3Wg6NIQfUriN15y6sTv3unBl+LPFANpK","preKeyId":1330}},"BVrWRRAWT9PO8EBnSU7dC544VcKh1tlyS84qA8Z+2WUC":{"registrationId":111,"currentRatchet":{"ephemeralKeyPair":{"pubKey":"BcCgky5o8ham64PTpXOzvdm9JtErSqZ47258lqgoeP11","privKey":"WNUjex/9WRMcLoXVrr850Ozbd3B34qf5CsnTwyK4cUc="},"lastRemoteEphemeralKey":"Bc6WhIBhy1P9H8X8wllGV54ta8ORc5cztASeIvDPbkdh","previousCounter":0,"rootKey":"3fBYOql1jA1nSwMb+6LxYSeVG7+sRfGWGJBQxg5IPjM="},"indexInfo":{"baseKey":"BVrWRRAWT9PO8EBnSU7dC544VcKh1tlyS84qA8Z+2WUC","baseKeyType":1,"closed":1706242015400,"used":1706242014575,"created":1706242014575,"remoteIdentityKey":"BUPUgCXs3/1h/bdVedyvkBNFntCgN+2asmDE31vryY8r"},"_chains":{"BcCgky5o8ham64PTpXOzvdm9JtErSqZ47258lqgoeP11":{"chainKey":{"counter":0,"key":"XMVrCZaJ3T+SR52de5ex62QgLq1E/VLlN/e747eUWJI="},"chainType":1,"messageKeys":{}}},"pendingPreKey":{"signedKeyId":1,"baseKey":"BVrWRRAWT9PO8EBnSU7dC544VcKh1tlyS84qA8Z+2WUC","preKeyId":1306}},"BVbETg/xpRJ98l9WYJDt9kDb6zmmUS800lhfdNbmNRUK":{"registrationId":111,"currentRatchet":{"ephemeralKeyPair":{"pubKey":"Bf6CAK6Kf57QbbptMXLH63xslRS1CfgPRLrj1i7pykFT","privKey":"WANaZNkFwdbmZKF7CHy6GjSZoWFyEvmm0AvkJ21/QUA="},"lastRemoteEphemeralKey":"Bc6WhIBhy1P9H8X8wllGV54ta8ORc5cztASeIvDPbkdh","previousCounter":0,"rootKey":"lQwxWg7CqRajJOKdnSESlZu9xrF/ttCW51bbKsItiZk="},"indexInfo":{"baseKey":"BVbETg/xpRJ98l9WYJDt9kDb6zmmUS800lhfdNbmNRUK","baseKeyType":1,"closed":1706242016316,"used":1706242015398,"created":1706242015398,"remoteIdentityKey":"BUPUgCXs3/1h/bdVedyvkBNFntCgN+2asmDE31vryY8r"},"_chains":{"Bf6CAK6Kf57QbbptMXLH63xslRS1CfgPRLrj1i7pykFT":{"chainKey":{"counter":0,"key":"monL/U53vT4BDmzFUgy4Hq+NhKy9Wh9OtyjgR4LEjiM="},"chainType":1,"messageKeys":{}}},"pendingPreKey":{"signedKeyId":1,"baseKey":"BVbETg/xpRJ98l9WYJDt9kDb6zmmUS800lhfdNbmNRUK","preKeyId":1327}},"BfUQ1uwfDO5nKjPQtVI/YYvtz7qA6vROV9SANjOjuoFA":{"registrationId":111,"currentRatchet":{"ephemeralKeyPair":{"pubKey":"BSSZF2m4xNVy6GRnStESl57LPyLlfscmhrCkzC7YyQIf","privKey":"SErVYOo9AM2ShYedPmesRprZl1VpjhCiAai+woPFXVo="},"lastRemoteEphemeralKey":"Bc6WhIBhy1P9H8X8wllGV54ta8ORc5cztASeIvDPbkdh","previousCounter":0,"rootKey":"2HLj5vAllGELoYyd0N/VYU4pmch8Qdw31oephVhSqn0="},"indexInfo":{"baseKey":"BfUQ1uwfDO5nKjPQtVI/YYvtz7qA6vROV9SANjOjuoFA","baseKeyType":1,"closed":1706242017064,"used":1706242016314,"created":1706242016314,"remoteIdentityKey":"BUPUgCXs3/1h/bdVedyvkBNFntCgN+2asmDE31vryY8r"},"_chains":{"BSSZF2m4xNVy6GRnStESl57LPyLlfscmhrCkzC7YyQIf":{"chainKey":{"counter":0,"key":"cKu0xrkH5ccgV43tsEnflGmq4rpcCBSllwJzX8aGOKQ="},"chainType":1,"messageKeys":{}}},"pendingPreKey":{"signedKeyId":1,"baseKey":"BfUQ1uwfDO5nKjPQtVI/YYvtz7qA6vROV9SANjOjuoFA","preKeyId":1316}},"BRYvtzYnX1g8s8MYPEdtFnZQKauBjw1LjmDq5/FWrlV2":{"registrationId":111,"currentRatchet":{"ephemeralKeyPair":{"pubKey":"BdqySWJv7QSArlVv0ApfIAAmnmibc3fUkbMtZZMy3XIo","privKey":"qP4dUqF7+D9HqM10YDcra9QHlEQnFRDvNLyF6DKGT2o="},"lastRemoteEphemeralKey":"Bc6WhIBhy1P9H8X8wllGV54ta8ORc5cztASeIvDPbkdh","previousCounter":0,"rootKey":"zGgXuLt2VT9QeruU15z2rXak7XGLssBimSk8iNeI3PM="},"indexInfo":{"baseKey":"BRYvtzYnX1g8s8MYPEdtFnZQKauBjw1LjmDq5/FWrlV2","baseKeyType":1,"closed":1706242018804,"used":1706242017062,"created":1706242017062,"remoteIdentityKey":"BUPUgCXs3/1h/bdVedyvkBNFntCgN+2asmDE31vryY8r"},"_chains":{"BdqySWJv7QSArlVv0ApfIAAmnmibc3fUkbMtZZMy3XIo":{"chainKey":{"counter":0,"key":"Q4qWQQbfcgRR4LEGKMrUmVkhlIBzcEc6F5zi3Oo3BR0="},"chainType":1,"messageKeys":{}}},"pendingPreKey":{"signedKeyId":1,"baseKey":"BRYvtzYnX1g8s8MYPEdtFnZQKauBjw1LjmDq5/FWrlV2","preKeyId":1322}},"BXcXcI9++NZrSUOOdjs+396URR9ecL9Q72/jv0uLoDUL":{"registrationId":111,"currentRatchet":{"ephemeralKeyPair":{"pubKey":"BWtXButDFfBWOANQlD92jc5gK98W1Cxxter1uZKKOwss","privKey":"uLwm6gczExsAoWr7riYtb3JfCYRXEJhnnZ1IIej6A2A="},"lastRemoteEphemeralKey":"Bc6WhIBhy1P9H8X8wllGV54ta8ORc5cztASeIvDPbkdh","previousCounter":0,"rootKey":"Z39fEEIcWdEeySDdyc4ZbNmkuaqpm3efGsWLXXpH5pI="},"indexInfo":{"baseKey":"BXcXcI9++NZrSUOOdjs+396URR9ecL9Q72/jv0uLoDUL","baseKeyType":1,"closed":1706242033298,"used":1706242018802,"created":1706242018802,"remoteIdentityKey":"BUPUgCXs3/1h/bdVedyvkBNFntCgN+2asmDE31vryY8r"},"_chains":{"BWtXButDFfBWOANQlD92jc5gK98W1Cxxter1uZKKOwss":{"chainKey":{"counter":1,"key":"4fvbSSsCUIzT66pmLP5DIPD8RCc3bRc6FtahxT7Hmj0="},"chainType":1,"messageKeys":{}}},"pendingPreKey":{"signedKeyId":1,"baseKey":"BXcXcI9++NZrSUOOdjs+396URR9ecL9Q72/jv0uLoDUL","preKeyId":1320}},"BcTGsbGrDwtstAvQAmGdF58NXkqude96L0YYV7bZAcUn":{"registrationId":111,"currentRatchet":{"ephemeralKeyPair":{"pubKey":"BSGBjN/hP+beIcnRKyKbAr4HuHwhNRKO9kpNpXuNoXU8","privKey":"EL7c0+3/Xu4Uqj5GZ4nPJ7iRlrQE89vHFEh5OdQvEVo="},"lastRemoteEphemeralKey":"Bc6WhIBhy1P9H8X8wllGV54ta8ORc5cztASeIvDPbkdh","previousCounter":0,"rootKey":"FwvpPSTQgBTdQA0ogIcefceGV/fY6JDgRTYvZ77YLPE="},"indexInfo":{"baseKey":"BcTGsbGrDwtstAvQAmGdF58NXkqude96L0YYV7bZAcUn","baseKeyType":1,"closed":1706242033498,"used":1706242033296,"created":1706242033296,"remoteIdentityKey":"BUPUgCXs3/1h/bdVedyvkBNFntCgN+2asmDE31vryY8r"},"_chains":{"BSGBjN/hP+beIcnRKyKbAr4HuHwhNRKO9kpNpXuNoXU8":{"chainKey":{"counter":0,"key":"yrCAu+239Z7gGmncTZjJUQ9koiOasCLHRl3DqUGuqKc="},"chainType":1,"messageKeys":{}}},"pendingPreKey":{"signedKeyId":1,"baseKey":"BcTGsbGrDwtstAvQAmGdF58NXkqude96L0YYV7bZAcUn","preKeyId":1305}},"BZLofsOrpKo11+mREng2KbJNyD+xfko4tgsZP9PLTi8V":{"registrationId":111,"currentRatchet":{"ephemeralKeyPair":{"pubKey":"BQKubvZeeaXn2S5ZxSm7ahGjvIbDZIj+XWSSsg7kInID","privKey":"aO65vMpVzIY6ZCOukkDvUeRIZLhq6/za+2dacJlMb3o="},"lastRemoteEphemeralKey":"BVZhzUy+cdX64dNVTvSiriqaUV65PZIIyJHJikqLUMhn","previousCounter":0,"rootKey":"k4jzc8+DwghxJuYq7X2qvyLTyHQtV8PkFsPY82wiXyU="},"indexInfo":{"baseKey":"BZLofsOrpKo11+mREng2KbJNyD+xfko4tgsZP9PLTi8V","baseKeyType":2,"closed":1706242034712,"used":1706242033503,"created":1706242033503,"remoteIdentityKey":"BUPUgCXs3/1h/bdVedyvkBNFntCgN+2asmDE31vryY8r"},"_chains":{"BVZhzUy+cdX64dNVTvSiriqaUV65PZIIyJHJikqLUMhn":{"chainKey":{"counter":0,"key":"6lToL18dh6yp+OdcFgwaJv/EW0gQ/3qgpC0w9dxDHQQ="},"chainType":2,"messageKeys":{}},"BQKubvZeeaXn2S5ZxSm7ahGjvIbDZIj+XWSSsg7kInID":{"chainKey":{"counter":-1,"key":"tO7OLoY9x8HcZpxWWLFfcLIla+w3afOW6b+fpckiM1Y="},"chainType":1,"messageKeys":{}}}},"BYMbPTT6vpGF4qkW2qyEYCH/vNh/iNuyNwDWQdNPOaVM":{"registrationId":111,"currentRatchet":{"ephemeralKeyPair":{"pubKey":"BZ7aElMcPjXHcbOILBvPx6jCIqrJo3H8I+QNvTdEz6BL","privKey":"cA0R/cmWud4vsasZgZjxaPjVpc36Vca3jHzTN69CplY="},"lastRemoteEphemeralKey":"Bc6WhIBhy1P9H8X8wllGV54ta8ORc5cztASeIvDPbkdh","previousCounter":0,"rootKey":"03UW1suZaNyrXN/xV36WS3V71yiqeZVWdMerDKsk4e8="},"indexInfo":{"baseKey":"BYMbPTT6vpGF4qkW2qyEYCH/vNh/iNuyNwDWQdNPOaVM","baseKeyType":1,"closed":1706242035426,"used":1706242034710,"created":1706242034710,"remoteIdentityKey":"BUPUgCXs3/1h/bdVedyvkBNFntCgN+2asmDE31vryY8r"},"_chains":{"BZ7aElMcPjXHcbOILBvPx6jCIqrJo3H8I+QNvTdEz6BL":{"chainKey":{"counter":0,"key":"kxhp5JWVuNl2MqAZemZatCBLpGFiZY3u1VxKZeMhrok="},"chainType":1,"messageKeys":{}}},"pendingPreKey":{"signedKeyId":1,"baseKey":"BYMbPTT6vpGF4qkW2qyEYCH/vNh/iNuyNwDWQdNPOaVM","preKeyId":1304}},"BTi1n1TiZ8iNQkNCikUtiysWuxV4pQeDLeWpq5HAYsUi":{"registrationId":111,"currentRatchet":{"ephemeralKeyPair":{"pubKey":"BcFXh9/7aRae+VXHsO19AlAZUhQwuSPEb4gOFYZr9DEt","privKey":"YIyiW9lLgpEp95GmY5ydUyGd2KGYWFyvhyBNQwdZBEQ="},"lastRemoteEphemeralKey":"Bc6WhIBhy1P9H8X8wllGV54ta8ORc5cztASeIvDPbkdh","previousCounter":0,"rootKey":"tfQz6Motq6R5hDa3qzphVLTISwtPTeOa/KpihPcy8qQ="},"indexInfo":{"baseKey":"BTi1n1TiZ8iNQkNCikUtiysWuxV4pQeDLeWpq5HAYsUi","baseKeyType":1,"closed":1706242036151,"used":1706242035424,"created":1706242035424,"remoteIdentityKey":"BUPUgCXs3/1h/bdVedyvkBNFntCgN+2asmDE31vryY8r"},"_chains":{"BcFXh9/7aRae+VXHsO19AlAZUhQwuSPEb4gOFYZr9DEt":{"chainKey":{"counter":0,"key":"vNqWVGk5l79WXvk3Y2DEtqKmZXOFXIZSu73FtwinB8A="},"chainType":1,"messageKeys":{}}},"pendingPreKey":{"signedKeyId":1,"baseKey":"BTi1n1TiZ8iNQkNCikUtiysWuxV4pQeDLeWpq5HAYsUi","preKeyId":1313}},"BeOf+ykanZDgktooj3HzruPjYrYDMGQcv+LCOtZddZkB":{"registrationId":111,"currentRatchet":{"ephemeralKeyPair":{"pubKey":"BTFHwrOAmtTUaSt7Q7s8PtYCtUrJYca2eLchS1hDdkcC","privKey":"oKeVJ1jgeW8xQG4LafavPNz7+AAEYt/ON4y6CmVKZ2M="},"lastRemoteEphemeralKey":"Bc6WhIBhy1P9H8X8wllGV54ta8ORc5cztASeIvDPbkdh","previousCounter":0,"rootKey":"+rZ4K1wAd/Ry2x5Fli/r9Z3FJ8wxtdaeIEao7D/0OBQ="},"indexInfo":{"baseKey":"BeOf+ykanZDgktooj3HzruPjYrYDMGQcv+LCOtZddZkB","baseKeyType":1,"closed":1706242037092,"used":1706242036148,"created":1706242036148,"remoteIdentityKey":"BUPUgCXs3/1h/bdVedyvkBNFntCgN+2asmDE31vryY8r"},"_chains":{"BTFHwrOAmtTUaSt7Q7s8PtYCtUrJYca2eLchS1hDdkcC":{"chainKey":{"counter":0,"key":"RByU/dFWlAKB9SvHdQM8QtDu/TX3PCGuRV99raw3B7E="},"chainType":1,"messageKeys":{}}},"pendingPreKey":{"signedKeyId":1,"baseKey":"BeOf+ykanZDgktooj3HzruPjYrYDMGQcv+LCOtZddZkB","preKeyId":1329}},"BX0Sy562ZaX/2pSYX7cJkskPMdoEpvqCIKulHZsA+18q":{"registrationId":111,"currentRatchet":{"ephemeralKeyPair":{"pubKey":"BcLdJH+dUYn7Wa8Ed0Vr/7RM7GW+IJVIatqZuNHug7wj","privKey":"KEC6+AewKeEZjUogBJfEU7EH6zONICCYqinSvvdXp14="},"lastRemoteEphemeralKey":"Bc6WhIBhy1P9H8X8wllGV54ta8ORc5cztASeIvDPbkdh","previousCounter":0,"rootKey":"eoRzksM17ZIx7G6ZmyG19wKNumNtQj0UyCPVx2BBgsI="},"indexInfo":{"baseKey":"BX0Sy562ZaX/2pSYX7cJkskPMdoEpvqCIKulHZsA+18q","baseKeyType":1,"closed":1706242037782,"used":1706242037090,"created":1706242037090,"remoteIdentityKey":"BUPUgCXs3/1h/bdVedyvkBNFntCgN+2asmDE31vryY8r"},"_chains":{"BcLdJH+dUYn7Wa8Ed0Vr/7RM7GW+IJVIatqZuNHug7wj":{"chainKey":{"counter":0,"key":"asPwXa4+HrWpZ7dogsALd/jv33F1TA7IieKZ4dzvfzw="},"chainType":1,"messageKeys":{}}},"pendingPreKey":{"signedKeyId":1,"baseKey":"BX0Sy562ZaX/2pSYX7cJkskPMdoEpvqCIKulHZsA+18q","preKeyId":1323}},"Bb+YpD0brWpQq0BHqJxN8oesyicxF/IfBMx+bOJo421N":{"registrationId":111,"currentRatchet":{"ephemeralKeyPair":{"pubKey":"BZw1KNYJYBVIYLqyznbtiWVzQugPEQ+Vu7G49OajLptm","privKey":"kL60XKaM2+/w018V0puf+wa/+Vdx9CR2KYCN2BIA2lA="},"lastRemoteEphemeralKey":"Bc6WhIBhy1P9H8X8wllGV54ta8ORc5cztASeIvDPbkdh","previousCounter":0,"rootKey":"2HgyeIaYa3BQNBYXiq8OcEElx1nsZ+iYFOaq3EK/7bs="},"indexInfo":{"baseKey":"Bb+YpD0brWpQq0BHqJxN8oesyicxF/IfBMx+bOJo421N","baseKeyType":1,"closed":1706242038686,"used":1706242037780,"created":1706242037780,"remoteIdentityKey":"BUPUgCXs3/1h/bdVedyvkBNFntCgN+2asmDE31vryY8r"},"_chains":{"BZw1KNYJYBVIYLqyznbtiWVzQugPEQ+Vu7G49OajLptm":{"chainKey":{"counter":0,"key":"ULuQpP0LmysYgMW5VTNR0QxB57ZuqqyrrA1TZVn6iy4="},"chainType":1,"messageKeys":{}}},"pendingPreKey":{"signedKeyId":1,"baseKey":"Bb+YpD0brWpQq0BHqJxN8oesyicxF/IfBMx+bOJo421N","preKeyId":1328}},"BRRHEMON9pcE8rHkbkYW4Ou58irISk1+u3MYstiPJl5d":{"registrationId":111,"currentRatchet":{"ephemeralKeyPair":{"pubKey":"Bf5jxL4cSz+r1bfANNbO3ynBFf/HUlFqwyYyRDtDIpVe","privKey":"EPNumC7MpvNRs0U1OlvZ9t9ZjG2SW+0p3/uXOXVHaF0="},"lastRemoteEphemeralKey":"Bc6WhIBhy1P9H8X8wllGV54ta8ORc5cztASeIvDPbkdh","previousCounter":0,"rootKey":"7UHMb8pCm9OQXsneowOIk/+HqxKgAdpGh/zdocYKoAE="},"indexInfo":{"baseKey":"BRRHEMON9pcE8rHkbkYW4Ou58irISk1+u3MYstiPJl5d","baseKeyType":1,"closed":1706242039442,"used":1706242038683,"created":1706242038683,"remoteIdentityKey":"BUPUgCXs3/1h/bdVedyvkBNFntCgN+2asmDE31vryY8r"},"_chains":{"Bf5jxL4cSz+r1bfANNbO3ynBFf/HUlFqwyYyRDtDIpVe":{"chainKey":{"counter":0,"key":"utC3KjjqaDMFft6nOQSJlVvMvufHQEc+Xyt0tfcLNhM="},"chainType":1,"messageKeys":{}}},"pendingPreKey":{"signedKeyId":1,"baseKey":"BRRHEMON9pcE8rHkbkYW4Ou58irISk1+u3MYstiPJl5d","preKeyId":1326}},"BfxSrDBUF39M5BTcI06UszOf453vGG5KR7Z5m22FHtdI":{"registrationId":111,"currentRatchet":{"ephemeralKeyPair":{"pubKey":"BWt/nwGhnkNoxxwMc1Y2ojdAl/SfcomghMvpO733RBhd","privKey":"SGIZrPlZuZEK30oZ3k4PTUg1CBmhUbncEriN3mFTA04="},"lastRemoteEphemeralKey":"Bc6WhIBhy1P9H8X8wllGV54ta8ORc5cztASeIvDPbkdh","previousCounter":0,"rootKey":"rITUi9I2i4IEJ6gZQp5SlHh300iLBIeGWW2WHuzLqS4="},"indexInfo":{"baseKey":"BfxSrDBUF39M5BTcI06UszOf453vGG5KR7Z5m22FHtdI","baseKeyType":1,"closed":1706242040254,"used":1706242039440,"created":1706242039440,"remoteIdentityKey":"BUPUgCXs3/1h/bdVedyvkBNFntCgN+2asmDE31vryY8r"},"_chains":{"BWt/nwGhnkNoxxwMc1Y2ojdAl/SfcomghMvpO733RBhd":{"chainKey":{"counter":0,"key":"7eF3bh/1reXWRChMorJQJY07E8m2r7DccxmO1gl3BLA="},"chainType":1,"messageKeys":{}}},"pendingPreKey":{"signedKeyId":1,"baseKey":"BfxSrDBUF39M5BTcI06UszOf453vGG5KR7Z5m22FHtdI","preKeyId":1303}},"BZlcDs5EOVbrBinlqG6HH9LbgtU7+efWsY0cxC/9Cmtt":{"registrationId":111,"currentRatchet":{"ephemeralKeyPair":{"pubKey":"Bf4XjHG6CRxePeHV2v29tx8WEGesdSrD3XUzrE9LVRQa","privKey":"gKXSAFkzqDrPIqwD5FcB4yamEgpLpZKZxzkwoSbIiFU="},"lastRemoteEphemeralKey":"Bc6WhIBhy1P9H8X8wllGV54ta8ORc5cztASeIvDPbkdh","previousCounter":0,"rootKey":"vaciWXBRO0ag4HWuKeTNosHYxoIbCVNsRHTaTXQO9PY="},"indexInfo":{"baseKey":"BZlcDs5EOVbrBinlqG6HH9LbgtU7+efWsY0cxC/9Cmtt","baseKeyType":1,"closed":1706242041005,"used":1706242040251,"created":1706242040251,"remoteIdentityKey":"BUPUgCXs3/1h/bdVedyvkBNFntCgN+2asmDE31vryY8r"},"_chains":{"Bf4XjHG6CRxePeHV2v29tx8WEGesdSrD3XUzrE9LVRQa":{"chainKey":{"counter":0,"key":"3k+DRcocIVDSwLfCDLoWYT8FNxFpLMCkfThYsK5rWMg="},"chainType":1,"messageKeys":{}}},"pendingPreKey":{"signedKeyId":1,"baseKey":"BZlcDs5EOVbrBinlqG6HH9LbgtU7+efWsY0cxC/9Cmtt","preKeyId":1318}},"BTUgKK8lXKRuKwzr+riChywh2v/3cxGkVbq0UI597pRr":{"registrationId":111,"currentRatchet":{"ephemeralKeyPair":{"pubKey":"BQmvfZzuRTsbbHUIqNVWjNAZQJMzG7DnAOXgn5HeKQFS","privKey":"MGr3Hpq19wG5lEqxti02lIR2Ovw+QRQlNcYYyySYSkU="},"lastRemoteEphemeralKey":"Bc6WhIBhy1P9H8X8wllGV54ta8ORc5cztASeIvDPbkdh","previousCounter":0,"rootKey":"tP4rdpOAZgwSmO4Fuhp3z6eLKA5XeFTutBOgBKxQfJ0="},"indexInfo":{"baseKey":"BTUgKK8lXKRuKwzr+riChywh2v/3cxGkVbq0UI597pRr","baseKeyType":1,"closed":1706242043876,"used":1706242041002,"created":1706242041002,"remoteIdentityKey":"BUPUgCXs3/1h/bdVedyvkBNFntCgN+2asmDE31vryY8r"},"_chains":{"BQmvfZzuRTsbbHUIqNVWjNAZQJMzG7DnAOXgn5HeKQFS":{"chainKey":{"counter":0,"key":"Lqv0TsbDztYTIW4k0g+DGlM2dMNioEtxJRUn6cFyEO4="},"chainType":1,"messageKeys":{}}},"pendingPreKey":{"signedKeyId":1,"baseKey":"BTUgKK8lXKRuKwzr+riChywh2v/3cxGkVbq0UI597pRr","preKeyId":1321}},"BUzIZkJW+pzbfqpFgVgUHNHsRmVRHv820FiEVAyk3xAo":{"registrationId":111,"currentRatchet":{"ephemeralKeyPair":{"pubKey":"BRhWwNWxkrYYwSBkkUNtcvl4HH1phuidpewu/7oC64pG","privKey":"SIg1uDe2WQlOHpGChl13s6+wPQp4b9piLe9Xi3j4cmg="},"lastRemoteEphemeralKey":"BYUVCYr9mqINlLYJtCXv/zmE0xPzLZ0ekBWwuxPzH4AC","previousCounter":0,"rootKey":"3TPoldwjUoiWn3uWAIOwamJ6CKnbvaiXez3FL+G08Yo="},"indexInfo":{"baseKey":"BUzIZkJW+pzbfqpFgVgUHNHsRmVRHv820FiEVAyk3xAo","baseKeyType":2,"closed":1706242080137,"used":1706242043884,"created":1706242043884,"remoteIdentityKey":"BUPUgCXs3/1h/bdVedyvkBNFntCgN+2asmDE31vryY8r"},"_chains":{"BYUVCYr9mqINlLYJtCXv/zmE0xPzLZ0ekBWwuxPzH4AC":{"chainKey":{"counter":0,"key":"V2GtsnLZuNL6uo1r37/eMNRYAirk6CzYMHRv/sjLKUE="},"chainType":2,"messageKeys":{}},"BRhWwNWxkrYYwSBkkUNtcvl4HH1phuidpewu/7oC64pG":{"chainKey":{"counter":-1,"key":"Ao+8+z2WylWe+X686eyb/ZSYZrnTYXS9O6dfA/QDfD0="},"chainType":1,"messageKeys":{}}}},"BTdc2TbQHLWAbHZIYpUNHBRWvSAYTDxBOUd/rdEYP49s":{"registrationId":111,"currentRatchet":{"ephemeralKeyPair":{"pubKey":"BVxeLvOzQbFywV7BhB4C7vtU7OQBRR4pX9nLmJieuFZ0","privKey":"AN2Ei8RONsu7sqqAlSnnNmKacCKV/WyblhXI5gtS8Gw="},"lastRemoteEphemeralKey":"Bc5IdgwG2BgF08cslePbCZZu66+yzhos6DyHIXeksZY2","previousCounter":0,"rootKey":"qXD6TZtU6Tc1u4t1kjyDZKZrlL1aQwuCyG5lELz1dHM="},"indexInfo":{"baseKey":"BTdc2TbQHLWAbHZIYpUNHBRWvSAYTDxBOUd/rdEYP49s","baseKeyType":2,"closed":1706242081491,"used":1706242080143,"created":1706242080143,"remoteIdentityKey":"BUPUgCXs3/1h/bdVedyvkBNFntCgN+2asmDE31vryY8r"},"_chains":{"Bc5IdgwG2BgF08cslePbCZZu66+yzhos6DyHIXeksZY2":{"chainKey":{"counter":0,"key":"An/AZI7F25lZC65ZDkexr1aIQdqn6ZUBcllVJeR0H6c="},"chainType":2,"messageKeys":{}},"BVxeLvOzQbFywV7BhB4C7vtU7OQBRR4pX9nLmJieuFZ0":{"chainKey":{"counter":-1,"key":"0l/mOWyLvlhX6eq7hegmUWig/wgIb2ALqc46D5QfGXs="},"chainType":1,"messageKeys":{}}}},"BYr/NgbmyKQaVcm9qEOL2/bZoB2+LwGg1HBnllybE6xv":{"registrationId":111,"currentRatchet":{"ephemeralKeyPair":{"pubKey":"BWXZVaxf5jtfktabk+kX5YvM2P6B4U8CJnndEQnIq60W","privKey":"yIFutMextElEGlGMOP8stN2uy6WVDcBILfq8R7KJcnc="},"lastRemoteEphemeralKey":"Bc6WhIBhy1P9H8X8wllGV54ta8ORc5cztASeIvDPbkdh","previousCounter":0,"rootKey":"SijQy3Jne0/rpc1bBIQKEDNB0ZVuyA8bsFdrY8A8XQY="},"indexInfo":{"baseKey":"BYr/NgbmyKQaVcm9qEOL2/bZoB2+LwGg1HBnllybE6xv","baseKeyType":1,"closed":1706242082268,"used":1706242081489,"created":1706242081489,"remoteIdentityKey":"BUPUgCXs3/1h/bdVedyvkBNFntCgN+2asmDE31vryY8r"},"_chains":{"BWXZVaxf5jtfktabk+kX5YvM2P6B4U8CJnndEQnIq60W":{"chainKey":{"counter":0,"key":"zqUTpwgj4jNhbulJNC6s163jgRVCN/3/l+4Zjpp3AnM="},"chainType":1,"messageKeys":{}}},"pendingPreKey":{"signedKeyId":1,"baseKey":"BYr/NgbmyKQaVcm9qEOL2/bZoB2+LwGg1HBnllybE6xv","preKeyId":1301}},"BfNZGzwKBCezQieLK2Bp5UGjL1pCQPLsuszkFZhPFhwi":{"registrationId":111,"currentRatchet":{"ephemeralKeyPair":{"pubKey":"BS3qGttPbTUyTTYu3nJkxcHIJwocsDo2k+H1+jPCmRJP","privKey":"aJ3axtv3lFOyfPl0ybeKXZNpz47r6dVXWfkHubVcjHA="},"lastRemoteEphemeralKey":"Bc6WhIBhy1P9H8X8wllGV54ta8ORc5cztASeIvDPbkdh","previousCounter":0,"rootKey":"tiz8LkOjDwqtE7+K3sFGN/KO1/YBhsYczKvfMJvOGnI="},"indexInfo":{"baseKey":"BfNZGzwKBCezQieLK2Bp5UGjL1pCQPLsuszkFZhPFhwi","baseKeyType":1,"closed":1706242082968,"used":1706242082267,"created":1706242082267,"remoteIdentityKey":"BUPUgCXs3/1h/bdVedyvkBNFntCgN+2asmDE31vryY8r"},"_chains":{"BS3qGttPbTUyTTYu3nJkxcHIJwocsDo2k+H1+jPCmRJP":{"chainKey":{"counter":0,"key":"Wd7ug7+qj+iL52O3uefBdwrMi4ceEcPkRn7b7st9aDc="},"chainType":1,"messageKeys":{}}},"pendingPreKey":{"signedKeyId":1,"baseKey":"BfNZGzwKBCezQieLK2Bp5UGjL1pCQPLsuszkFZhPFhwi","preKeyId":1315}},"BROW4KhH2+p7EZ9WTvbT7SZhKXU5xOjByEiBo2EGBAdi":{"registrationId":111,"currentRatchet":{"ephemeralKeyPair":{"pubKey":"BeGLMo2/KXY9O7E9CmTtq7Cppa/oOH8G1+qW74wY7qMX","privKey":"sLWFqF7W7lakv1GW2SA7iFzuXnqljGJxitft5qIlhVs="},"lastRemoteEphemeralKey":"Bc6WhIBhy1P9H8X8wllGV54ta8ORc5cztASeIvDPbkdh","previousCounter":0,"rootKey":"54oVWKfL7f5F5pEcMlFMytwlcrFkon191Abrhssem/8="},"indexInfo":{"baseKey":"BROW4KhH2+p7EZ9WTvbT7SZhKXU5xOjByEiBo2EGBAdi","baseKeyType":1,"closed":1706242083815,"used":1706242082964,"created":1706242082964,"remoteIdentityKey":"BUPUgCXs3/1h/bdVedyvkBNFntCgN+2asmDE31vryY8r"},"_chains":{"BeGLMo2/KXY9O7E9CmTtq7Cppa/oOH8G1+qW74wY7qMX":{"chainKey":{"counter":0,"key":"gJIbWZ4EKbwTrBMZz6VgvjmvjXuG4qF6gRGFc3jZdLo="},"chainType":1,"messageKeys":{}}},"pendingPreKey":{"signedKeyId":1,"baseKey":"BROW4KhH2+p7EZ9WTvbT7SZhKXU5xOjByEiBo2EGBAdi","preKeyId":1308}},"BWt48zhfXqcs4XxIkunBuiOy7OeSGr8jmIMRm4zzvBhr":{"registrationId":111,"currentRatchet":{"ephemeralKeyPair":{"pubKey":"BQl0NILzg6Jpu+ubIBpdfidbjceLJOnnKijwCJirTdMv","privKey":"AAu6yziioVQ2x8rencqOrYlQibvZNkwKDqOf+v6OZHc="},"lastRemoteEphemeralKey":"Bc6WhIBhy1P9H8X8wllGV54ta8ORc5cztASeIvDPbkdh","previousCounter":0,"rootKey":"veuJugmYd1hB0y+jlkJtQOYZGf0b0BSXm0X9bGAUAWU="},"indexInfo":{"baseKey":"BWt48zhfXqcs4XxIkunBuiOy7OeSGr8jmIMRm4zzvBhr","baseKeyType":1,"closed":1706242084607,"used":1706242083813,"created":1706242083813,"remoteIdentityKey":"BUPUgCXs3/1h/bdVedyvkBNFntCgN+2asmDE31vryY8r"},"_chains":{"BQl0NILzg6Jpu+ubIBpdfidbjceLJOnnKijwCJirTdMv":{"chainKey":{"counter":0,"key":"rG8Q5IexsIqTI/My410GUzBtKbdxrfEcWeWOUJWOXZQ="},"chainType":1,"messageKeys":{}}},"pendingPreKey":{"signedKeyId":1,"baseKey":"BWt48zhfXqcs4XxIkunBuiOy7OeSGr8jmIMRm4zzvBhr","preKeyId":1312}},"Bfp6ChL59RTEOMdGL8tW9V4Fz2NCCKjzeqnX9HHztvtj":{"registrationId":111,"currentRatchet":{"ephemeralKeyPair":{"pubKey":"BT390JDLSTW1DYOWrRYDYScdGYFGj4NP6OtfKZu7aZ1H","privKey":"8Ib8ICkFzaIi7t/1SmYtGE4mmUFdYhuF634WzpFS1nE="},"lastRemoteEphemeralKey":"Bc6WhIBhy1P9H8X8wllGV54ta8ORc5cztASeIvDPbkdh","previousCounter":0,"rootKey":"saMt08Q1GTwLuxRsUpNNycHSZtTiG8S5I3uC3gHelf8="},"indexInfo":{"baseKey":"Bfp6ChL59RTEOMdGL8tW9V4Fz2NCCKjzeqnX9HHztvtj","baseKeyType":1,"closed":1706242085500,"used":1706242084604,"created":1706242084604,"remoteIdentityKey":"BUPUgCXs3/1h/bdVedyvkBNFntCgN+2asmDE31vryY8r"},"_chains":{"BT390JDLSTW1DYOWrRYDYScdGYFGj4NP6OtfKZu7aZ1H":{"chainKey":{"counter":0,"key":"JlKj8d4NrTeoRsAGDINVklxxAHUpjL/N0r6wcMWK59o="},"chainType":1,"messageKeys":{}}},"pendingPreKey":{"signedKeyId":1,"baseKey":"Bfp6ChL59RTEOMdGL8tW9V4Fz2NCCKjzeqnX9HHztvtj","preKeyId":1310}},"BbtdCOIlXSU+mFr+b3r6NtuEC7mngbNwlMefJsAapEF1":{"registrationId":111,"currentRatchet":{"ephemeralKeyPair":{"pubKey":"BeIwEeNo8pz3WHaWGj5JQ2hYMsu4OQYf5BRfMa3YWf8S","privKey":"8I5WbK9gcOdOyYxYim1NFvmZLbGHnHxffYaDefmhk1Y="},"lastRemoteEphemeralKey":"Bc6WhIBhy1P9H8X8wllGV54ta8ORc5cztASeIvDPbkdh","previousCounter":0,"rootKey":"dHhzt4cL/CpRGx5LENCVjZ+67x7eVveKBkObj21cIJQ="},"indexInfo":{"baseKey":"BbtdCOIlXSU+mFr+b3r6NtuEC7mngbNwlMefJsAapEF1","baseKeyType":1,"closed":1706242086193,"used":1706242085498,"created":1706242085498,"remoteIdentityKey":"BUPUgCXs3/1h/bdVedyvkBNFntCgN+2asmDE31vryY8r"},"_chains":{"BeIwEeNo8pz3WHaWGj5JQ2hYMsu4OQYf5BRfMa3YWf8S":{"chainKey":{"counter":0,"key":"RTGjQj36zuvjiA/2psNLvU99FeTbyn0icKlX8PKWM6E="},"chainType":1,"messageKeys":{}}},"pendingPreKey":{"signedKeyId":1,"baseKey":"BbtdCOIlXSU+mFr+b3r6NtuEC7mngbNwlMefJsAapEF1","preKeyId":1325}},"BX8tqGsnXoL8Kl65qg90injeAWeGV1GEGWQIUxu7S3cG":{"registrationId":111,"currentRatchet":{"ephemeralKeyPair":{"pubKey":"Bafq2nev9AIeuHJXeYehwzUl8/YI/dPJvMhEZNR5jgAK","privKey":"wMmAp7aDxynizvDR7B7r/sm2aDLJBC+MRs6J+uQWhmQ="},"lastRemoteEphemeralKey":"Bc6WhIBhy1P9H8X8wllGV54ta8ORc5cztASeIvDPbkdh","previousCounter":0,"rootKey":"TUiQBcorgXe+g4g7EQeNqEfAQyBCIbCtN3CtLYII9OI="},"indexInfo":{"baseKey":"BX8tqGsnXoL8Kl65qg90injeAWeGV1GEGWQIUxu7S3cG","baseKeyType":1,"closed":1706242086441,"used":1706242086191,"created":1706242086191,"remoteIdentityKey":"BUPUgCXs3/1h/bdVedyvkBNFntCgN+2asmDE31vryY8r"},"_chains":{"Bafq2nev9AIeuHJXeYehwzUl8/YI/dPJvMhEZNR5jgAK":{"chainKey":{"counter":0,"key":"IETsE5xUxN0R37EetkiY/67aYVXzqWMnQ1xEBjH5nN8="},"chainType":1,"messageKeys":{}}},"pendingPreKey":{"signedKeyId":1,"baseKey":"BX8tqGsnXoL8Kl65qg90injeAWeGV1GEGWQIUxu7S3cG","preKeyId":1324}},"BXtRUeghfHuLBV/N4eI/71osWNvRIojmJQ/XS7RT1vIO":{"registrationId":111,"currentRatchet":{"ephemeralKeyPair":{"pubKey":"BYlip72ac6cFl3mAd8MUXtHTUQvSZR3qQup/xSgHxcQa","privKey":"OLR+RR76ZJlkgHJ6ZFryCyRAHDvIwIhqlooOVM5DaXA="},"lastRemoteEphemeralKey":"BaVJLJiPj00KsoAYla/ZYWe/cRMZp8ReE5MB1dx53Rww","previousCounter":0,"rootKey":"ScpqnQShgLCObiRpWk361/DMuDYi6Q0xxzFxVwykNso="},"indexInfo":{"baseKey":"BXtRUeghfHuLBV/N4eI/71osWNvRIojmJQ/XS7RT1vIO","baseKeyType":2,"closed":1706242087045,"used":1706242086445,"created":1706242086445,"remoteIdentityKey":"BUPUgCXs3/1h/bdVedyvkBNFntCgN+2asmDE31vryY8r"},"_chains":{"BaVJLJiPj00KsoAYla/ZYWe/cRMZp8ReE5MB1dx53Rww":{"chainKey":{"counter":0,"key":"hV8fiW2QCXXAslXVpE5SkxmlG7kwouJXw9KkL4huTzU="},"chainType":2,"messageKeys":{}},"BYlip72ac6cFl3mAd8MUXtHTUQvSZR3qQup/xSgHxcQa":{"chainKey":{"counter":-1,"key":"zu0bvKyOwByf3JtRINjLEkl4MAzSK+wqmyK2cR/nAfA="},"chainType":1,"messageKeys":{}}}},"Bdy2LkMLbzY4zuALan+E1MwLVT2aKfn6lF0c+T3OyJ8J":{"registrationId":111,"currentRatchet":{"ephemeralKeyPair":{"pubKey":"BbPdiwqj5AM69LfozAwiw2WXVMbsz6idXc6nmo+7OsUj","privKey":"iGUL95zJ4S67aUwkQ5+PNQpxCibUCXa7kxm8afiUpms="},"lastRemoteEphemeralKey":"Bc6WhIBhy1P9H8X8wllGV54ta8ORc5cztASeIvDPbkdh","previousCounter":0,"rootKey":"PjKzMhqZK8ltMXBlnqKJFyu4ZLJN5+phg1vQkV26yY4="},"indexInfo":{"baseKey":"Bdy2LkMLbzY4zuALan+E1MwLVT2aKfn6lF0c+T3OyJ8J","baseKeyType":1,"closed":1706242087655,"used":1706242087043,"created":1706242087043,"remoteIdentityKey":"BUPUgCXs3/1h/bdVedyvkBNFntCgN+2asmDE31vryY8r"},"_chains":{"BbPdiwqj5AM69LfozAwiw2WXVMbsz6idXc6nmo+7OsUj":{"chainKey":{"counter":0,"key":"L6IET6HUb/I9ycRVvYiVFKwegic6aDOIB571wjSBMVg="},"chainType":1,"messageKeys":{}}},"pendingPreKey":{"signedKeyId":1,"baseKey":"Bdy2LkMLbzY4zuALan+E1MwLVT2aKfn6lF0c+T3OyJ8J","preKeyId":1317}},"BTcY5I0Ptf9vq5YJilqJMDZI9LtCsz3a1kH7CUFEIdUm":{"registrationId":111,"currentRatchet":{"ephemeralKeyPair":{"pubKey":"BaG4l8ELQF9F0Za6cNbdAeNpNCgCtqwyWbzUbYCruTlw","privKey":"IDBWeDeupqJtAu8DAhzX2Kid/7oqVurVhHK2tRqr3kI="},"lastRemoteEphemeralKey":"Bc6WhIBhy1P9H8X8wllGV54ta8ORc5cztASeIvDPbkdh","previousCounter":0,"rootKey":"D1Pv9qwPPforwVgsS2BUwRhXNMEseNf0KsEMkem7aA8="},"indexInfo":{"baseKey":"BTcY5I0Ptf9vq5YJilqJMDZI9LtCsz3a1kH7CUFEIdUm","baseKeyType":1,"closed":1706242088249,"used":1706242087653,"created":1706242087653,"remoteIdentityKey":"BUPUgCXs3/1h/bdVedyvkBNFntCgN+2asmDE31vryY8r"},"_chains":{"BaG4l8ELQF9F0Za6cNbdAeNpNCgCtqwyWbzUbYCruTlw":{"chainKey":{"counter":0,"key":"b4VCE1/CtbrecMInjilup0J73OmxBAaHzGfVPWeujrs="},"chainType":1,"messageKeys":{}}},"pendingPreKey":{"signedKeyId":1,"baseKey":"BTcY5I0Ptf9vq5YJilqJMDZI9LtCsz3a1kH7CUFEIdUm"}},"BbNA2tdNashjhkZtYFuf/LOZIQgF6aahnLk27Rc1dPFJ":{"registrationId":111,"currentRatchet":{"ephemeralKeyPair":{"pubKey":"BcOmjejjtB2VURYaLE89wZouemZskJlcs4ct2WqDVORM","privKey":"oIVpzhD++Vd/n8SPK0CupbqBYYDc4flnafqzLmu0xmc="},"lastRemoteEphemeralKey":"BSoAaX94dBy/kfn0vr7ui4c0a/okCKixI/wadrG92EY3","previousCounter":0,"rootKey":"hKbf/h2Os0hM8SKaj3Vn5jCcTDF7tqWmE0iWfEDuaCs="},"indexInfo":{"baseKey":"BbNA2tdNashjhkZtYFuf/LOZIQgF6aahnLk27Rc1dPFJ","baseKeyType":1,"closed":1706242467032,"used":1706242107773,"created":1706242088246,"remoteIdentityKey":"BUPUgCXs3/1h/bdVedyvkBNFntCgN+2asmDE31vryY8r"},"_chains":{"BSoAaX94dBy/kfn0vr7ui4c0a/okCKixI/wadrG92EY3":{"chainKey":{"counter":1,"key":"uaBWYl2aQlZaUCOIWlz9jL6sYvKcxgTvdq8rHeBhd6s="},"chainType":2,"messageKeys":{}},"BcOmjejjtB2VURYaLE89wZouemZskJlcs4ct2WqDVORM":{"chainKey":{"counter":-1,"key":"Cz1PRQwVVjOmpgopd3oGbzxRgqgBYnzxA5ac4xAkn8Q="},"chainType":1,"messageKeys":{}}}},"BaIBFXcLYQXvpOqTn2pLMPsCHVYdFGWk3mZ+1Z6SHNoA":{"registrationId":111,"currentRatchet":{"ephemeralKeyPair":{"pubKey":"Bawv19i/fiqLIbB9+xrCTozXPpplVtYm3w3G+8zx6pFd","privKey":"kOA7K8G89L8F6Pef+MzjwoEyN9K+ZpeG/AxyD1BbU0E="},"lastRemoteEphemeralKey":"BcG4VAF9PS2FFbe1ofsIlH5CqN63JbosGZ0xuPHUtPJq","previousCounter":0,"rootKey":"fqL9567js8jEDeUS9MC7MRGXj98iKfxFIvpTm6mj2c8="},"indexInfo":{"baseKey":"BaIBFXcLYQXvpOqTn2pLMPsCHVYdFGWk3mZ+1Z6SHNoA","baseKeyType":1,"closed":-1,"used":1706260015247,"created":1706242467014,"remoteIdentityKey":"BUPUgCXs3/1h/bdVedyvkBNFntCgN+2asmDE31vryY8r"},"_chains":{"BcG4VAF9PS2FFbe1ofsIlH5CqN63JbosGZ0xuPHUtPJq":{"chainKey":{"counter":0,"key":"JA8jXS/sA2r4jiiKPfjVCSU1hqyLN54XUN3m4RTZhwE="},"chainType":2,"messageKeys":{}},"Bawv19i/fiqLIbB9+xrCTozXPpplVtYm3w3G+8zx6pFd":{"chainKey":{"counter":-1,"key":"zY1mNfOKFl1yaXshfu1KSo19Zf7M7N8ABS1oP4Pgtf0="},"chainType":1,"messageKeys":{}}}}},"version":"v1"}