{"_sessions":{"BTT2OjbAs7dazAXOVQ/abrxLnCLCCRncS8AYRBgQovJy":{"registrationId":713279549,"currentRatchet":{"ephemeralKeyPair":{"pubKey":"BdMai1mFEd+Ynadfd7iZmPtKpedqBxKiOjPCkNNMRwtP","privKey":"eGmTiMHaYVAStFhfNNUkfj3Tiz9qruqq6ogTQxd5EXw="},"lastRemoteEphemeralKey":"BVike+VWUK+QeRbbE+6RHhm3NPtUqWbw41h33xp24l1E","previousCounter":2,"rootKey":"JlzM10atIxaCcYBkObcJrTu4iEow/Sj3qM6psKjxmDI="},"indexInfo":{"baseKey":"BTT2OjbAs7dazAXOVQ/abrxLnCLCCRncS8AYRBgQovJy","baseKeyType":1,"closed":-1,"used":1706267371204,"created":1706203228042,"remoteIdentityKey":"BdMVijAgoqMoa2MLOt2ueMP/aIrGIcG0J08d8fSujm1S"},"_chains":{"BVike+VWUK+QeRbbE+6RHhm3NPtUqWbw41h33xp24l1E":{"chainKey":{"counter":0,"key":"h3C6JGE3BD62o/eQ9/DW2g4ss3+d3LgoV/6rdftl+Bo="},"chainType":2,"messageKeys":{}},"BdMai1mFEd+Ynadfd7iZmPtKpedqBxKiOjPCkNNMRwtP":{"chainKey":{"counter":-1,"key":"aHwfGCKzwLqPv32uLOEnytDiQnE9kKSCjK6MaHXQSGI="},"chainType":1,"messageKeys":{}}}}},"version":"v1"}