{"_sessions":{"Beywx12t/vr8ZqTVbwieXlEgHRvsXfJdbRTXRjmlo4Nm":{"registrationId":578374389,"currentRatchet":{"ephemeralKeyPair":{"pubKey":"BbnFfNhUoT8rcUi7EW1BGiyah33hPn5jVPPxBTsthS9G","privKey":"wP9oXOQLAIwNFZWSie3UxJDOy4Y/us+8f7VsHbwCMlQ="},"lastRemoteEphemeralKey":"BSfy/bHhOte7UH1kP737PKs2s9yIHzy9eyeQLwkoFEEU","previousCounter":0,"rootKey":"ejoiyeHH8gsN3O5CgRrBu/uBlcHOPfVP17O3H9hO568="},"indexInfo":{"baseKey":"Beywx12t/vr8ZqTVbwieXlEgHRvsXfJdbRTXRjmlo4Nm","baseKeyType":1,"closed":1706234427627,"used":1706203228147,"created":1706203228147,"remoteIdentityKey":"BTllcxhctaZ7lZ0EtqFV7epm1WTpCO7LMQVHO8JJciZR"},"_chains":{"BbnFfNhUoT8rcUi7EW1BGiyah33hPn5jVPPxBTsthS9G":{"chainKey":{"counter":0,"key":"cAM1IfSB9h9DV5J/Q9PGKblIlwNf6FNzrdaAiBox0Jc="},"chainType":1,"messageKeys":{}}},"pendingPreKey":{"signedKeyId":0,"baseKey":"Beywx12t/vr8ZqTVbwieXlEgHRvsXfJdbRTXRjmlo4Nm","preKeyId":13193984}},"BbxomdkZ6g98TWK1YCU+SblKZTD0INKj2tiKA8HEGRJz":{"registrationId":578374389,"currentRatchet":{"ephemeralKeyPair":{"pubKey":"BVcNp6I8e38++al1ntLDfcPImq95AHRZtZ8Q8JQyupxp","privKey":"EDIj9BrsbbCgZXe5SO1EGtHlW2weXQrCZzB8rULHtW0="},"lastRemoteEphemeralKey":"BdytTEuYWSjihS+yw9ffihnhrRWHLdo20dW4yRrbMQgy","previousCounter":1,"rootKey":"gUdQcmB5RPLiqv0GtvV+MJb4Kj0pqxkO6UjbQQUXA5A="},"indexInfo":{"baseKey":"BbxomdkZ6g98TWK1YCU+SblKZTD0INKj2tiKA8HEGRJz","baseKeyType":1,"closed":-1,"used":1706327894925,"created":1706234427618,"remoteIdentityKey":"BTllcxhctaZ7lZ0EtqFV7epm1WTpCO7LMQVHO8JJciZR"},"_chains":{"BdytTEuYWSjihS+yw9ffihnhrRWHLdo20dW4yRrbMQgy":{"chainKey":{"counter":0,"key":"C0WKHoD1WdNmvEAawsxH2frLZZbqOTaQBtYcdvJNE5k="},"chainType":2,"messageKeys":{}},"BVcNp6I8e38++al1ntLDfcPImq95AHRZtZ8Q8JQyupxp":{"chainKey":{"counter":-1,"key":"XjBsawxSc5/lLZqNo2ojeDwmAMfe0jRmgIwITC6LoaE="},"chainType":1,"messageKeys":{}}}}},"version":"v1"}