{"_sessions":{"BbLXKZ0j2yWQcAPh9x2w7kLt16qZmKQi3Fy+97KwnRYP":{"registrationId":674743934,"currentRatchet":{"ephemeralKeyPair":{"pubKey":"BcClQG/qNYnXWLnhp0FFYy44yL4BVEOzvYs049q4bpE8","privKey":"eI9a6LS6AS92aw9j23/pJYiw09h4BsV/15dEEJ81N24="},"lastRemoteEphemeralKey":"BaQmc5AryJ9GspVioT6f223wBmByQGaeCPsZ1czjN8tG","previousCounter":0,"rootKey":"qx1pW+uzUkQMIbhRuaA/o5wOdIqg/R0K4cPKn/VnPq8="},"indexInfo":{"baseKey":"BbLXKZ0j2yWQcAPh9x2w7kLt16qZmKQi3Fy+97KwnRYP","baseKeyType":1,"closed":1706241573660,"used":1706241572735,"created":1706241572735,"remoteIdentityKey":"BddLlJS5fLh2z5PT7ZPinIvJSXJD4Qm9jxQZq3rb5eI8"},"_chains":{"BcClQG/qNYnXWLnhp0FFYy44yL4BVEOzvYs049q4bpE8":{"chainKey":{"counter":-1,"key":"Plen/WvDOLPsq5OmOkml/tPc2UXbfB5zx4xLUDiU8JQ="},"chainType":1,"messageKeys":{}}},"pendingPreKey":{"signedKeyId":3,"baseKey":"BbLXKZ0j2yWQcAPh9x2w7kLt16qZmKQi3Fy+97KwnRYP"}},"BQIy9D3gj4NYz1qS17BLvgxSjqueSI1W1OdEaXABAP4v":{"registrationId":674743934,"currentRatchet":{"ephemeralKeyPair":{"pubKey":"BTJM/EbGhSCf78sZlCkwQH/KHdUe2r8ku8mgjCIWfyIn","privKey":"CImKj9GC2naOxc8gwdm679uStFPk1QXrsDdIn0A2ilY="},"lastRemoteEphemeralKey":"BaQmc5AryJ9GspVioT6f223wBmByQGaeCPsZ1czjN8tG","previousCounter":0,"rootKey":"M7ZhetgqfPv7/xkT1hr6cFa2J4X3cljj4GDOKgZ4k+c="},"indexInfo":{"baseKey":"BQIy9D3gj4NYz1qS17BLvgxSjqueSI1W1OdEaXABAP4v","baseKeyType":1,"closed":-1,"used":1706241573657,"created":1706241573657,"remoteIdentityKey":"BddLlJS5fLh2z5PT7ZPinIvJSXJD4Qm9jxQZq3rb5eI8"},"_chains":{"BTJM/EbGhSCf78sZlCkwQH/KHdUe2r8ku8mgjCIWfyIn":{"chainKey":{"counter":7,"key":"1f0qjjQ4cMSJWutch79eeuQdhV6xezbHobOYFFwWNZI="},"chainType":1,"messageKeys":{}}},"pendingPreKey":{"signedKeyId":3,"baseKey":"BQIy9D3gj4NYz1qS17BLvgxSjqueSI1W1OdEaXABAP4v"}}},"version":"v1"}