{"_sessions":{"BUsJH6lF0/7pDYrnLiL9CmWbYovtwDokwUrAUHwRfnV0":{"registrationId":1335140465,"currentRatchet":{"ephemeralKeyPair":{"pubKey":"Bcpge3IJ4EHwxajRARO+O48reGJy0CZyVTSgxrj4bIBZ","privKey":"0AiqdTCLeVUfYCWR6nEpLagMIonl6Pcf4dVxbj2iPnE="},"lastRemoteEphemeralKey":"Bbafj4Y8Xuwf7D1KCQtjOklMZUaPWg4avbDIXjG6PnJQ","previousCounter":0,"rootKey":"/iARWBGCQdf47mjV0EvC4j9OXpSeefJEJckzwem6Yb0="},"indexInfo":{"baseKey":"BUsJH6lF0/7pDYrnLiL9CmWbYovtwDokwUrAUHwRfnV0","baseKeyType":1,"closed":-1,"used":1706203228047,"created":1706203228047,"remoteIdentityKey":"Bag840qC8KEAPU+/5zIt+MU7EkizdRLzfi4arNwraGR3"},"_chains":{"Bcpge3IJ4EHwxajRARO+O48reGJy0CZyVTSgxrj4bIBZ":{"chainKey":{"counter":2,"key":"Y08Oy60v+/pdF0fV+KMaO0ck/431GGWbfCLGlk2us/Y="},"chainType":1,"messageKeys":{}}},"pendingPreKey":{"signedKeyId":3,"baseKey":"BUsJH6lF0/7pDYrnLiL9CmWbYovtwDokwUrAUHwRfnV0","preKeyId":8458071}}},"version":"v1"}