{"_sessions":{"BU168e4McYSAlNJTd122eyBXVXr392g2HrCiXAen5IpX":{"registrationId":53815390,"currentRatchet":{"ephemeralKeyPair":{"pubKey":"BSmZkTfiEZNYR6nT9vNif9oIwi74UkfILogR3vMFGX4D","privKey":"EEpgZ++1L3cT3Wza6fjKrwFn0bwRDpEk8DOnGJu2gFU="},"lastRemoteEphemeralKey":"BVe7Fyl/AT/htw868RkMUQM6Uewn9pUYoDoBlPXLE0Mu","previousCounter":0,"rootKey":"8AdPFwGPwnmhSRf5C46byiHTDz4ej6CNB3RIlAtBqSY="},"indexInfo":{"baseKey":"BU168e4McYSAlNJTd122eyBXVXr392g2HrCiXAen5IpX","baseKeyType":1,"closed":1706241574257,"used":1706241572873,"created":1706241572873,"remoteIdentityKey":"Baf/eziMhw0nk93JyFjmKXq1zO4r0WFMlY6Nn/r2RvY0"},"_chains":{"BSmZkTfiEZNYR6nT9vNif9oIwi74UkfILogR3vMFGX4D":{"chainKey":{"counter":-1,"key":"yyRziHEh9zwX4rmSx38Tjw1fW6nAHzpixcJExGeRjME="},"chainType":1,"messageKeys":{}}},"pendingPreKey":{"signedKeyId":1,"baseKey":"BU168e4McYSAlNJTd122eyBXVXr392g2HrCiXAen5IpX","preKeyId":10749515}},"BQnVFVDbpwfaNnTS4bMhAic/ZkXg5InMPErWsr2s9L5m":{"registrationId":53815390,"currentRatchet":{"ephemeralKeyPair":{"pubKey":"BcYzqxekCrjmUwqoXDKQ06kPGHmqK82uGRLtINIRyDst","privKey":"SLtBMNqeq9lh7twiSt98l59DMHuq582FhXk1Lw4EEkA="},"lastRemoteEphemeralKey":"BVe7Fyl/AT/htw868RkMUQM6Uewn9pUYoDoBlPXLE0Mu","previousCounter":0,"rootKey":"P684kUOWItDjyZlIv54TbcV31FV9miKwP1e7RUAngz4="},"indexInfo":{"baseKey":"BQnVFVDbpwfaNnTS4bMhAic/ZkXg5InMPErWsr2s9L5m","baseKeyType":1,"closed":-1,"used":1706241574255,"created":1706241574255,"remoteIdentityKey":"Baf/eziMhw0nk93JyFjmKXq1zO4r0WFMlY6Nn/r2RvY0"},"_chains":{"BcYzqxekCrjmUwqoXDKQ06kPGHmqK82uGRLtINIRyDst":{"chainKey":{"counter":7,"key":"lSYhURjdT6ZTyaI/wEGpaoAPeag6J7jYbu7J4LsW38M="},"chainType":1,"messageKeys":{}}},"pendingPreKey":{"signedKeyId":1,"baseKey":"BQnVFVDbpwfaNnTS4bMhAic/ZkXg5InMPErWsr2s9L5m","preKeyId":10749493}}},"version":"v1"}