{"_sessions":{"Bdxo1NrqwMZdK/RTEJNwCiytO1YcAip5lgYj+h+OD/Vj":{"registrationId":657033845,"currentRatchet":{"ephemeralKeyPair":{"pubKey":"BdvHs0x7e1Hmy2RWliXjBxkOEnb63IbvCV8GqrvhyZ17","privKey":"sCTmetDyUG5qykF4/OutxJVxf+80wdCf+16D9fL2Yks="},"lastRemoteEphemeralKey":"BUP4eSXxGPuXdE5aWLOXh4GYcbZyjb+U0E9Eqt29n0Iu","previousCounter":0,"rootKey":"71JwEb1gNoBsJf1/HINI3JSi7DMYBc6Yjj5ggNf99zs="},"indexInfo":{"baseKey":"Bdxo1NrqwMZdK/RTEJNwCiytO1YcAip5lgYj+h+OD/Vj","baseKeyType":1,"closed":1706241575129,"used":1706241573123,"created":1706241573123,"remoteIdentityKey":"BQJh6DIl4/XsV8pI9Un1Aep4jF/0RxrD/QbHamABXJhC"},"_chains":{"BdvHs0x7e1Hmy2RWliXjBxkOEnb63IbvCV8GqrvhyZ17":{"chainKey":{"counter":-1,"key":"ujFpThbOfRbNE0hlCyNdrVgp0aOFIeRFemkneAqG94c="},"chainType":1,"messageKeys":{}}},"pendingPreKey":{"signedKeyId":1,"baseKey":"Bdxo1NrqwMZdK/RTEJNwCiytO1YcAip5lgYj+h+OD/Vj","preKeyId":11347093}},"BWUEkn0UYYrSD6Twd1X7koVTT8qkaIBKE5IvSDw4stIr":{"registrationId":657033845,"currentRatchet":{"ephemeralKeyPair":{"pubKey":"BfIewcV8ktVC2oDP8Yvp7XU07NrRQ4hEa4p8G1hAMKk7","privKey":"iKtixkKSHK5O/BNh14G6nd04IB+KbtvKWNNhwntrDXk="},"lastRemoteEphemeralKey":"BUP4eSXxGPuXdE5aWLOXh4GYcbZyjb+U0E9Eqt29n0Iu","previousCounter":0,"rootKey":"v2I54GpwGLF2xXxjzw6K8ASdKE3pDPSuz0ggYGpUJFw="},"indexInfo":{"baseKey":"BWUEkn0UYYrSD6Twd1X7koVTT8qkaIBKE5IvSDw4stIr","baseKeyType":1,"closed":-1,"used":1706241575127,"created":1706241575127,"remoteIdentityKey":"BQJh6DIl4/XsV8pI9Un1Aep4jF/0RxrD/QbHamABXJhC"},"_chains":{"BfIewcV8ktVC2oDP8Yvp7XU07NrRQ4hEa4p8G1hAMKk7":{"chainKey":{"counter":7,"key":"vN26P/0HFG/hsMtlbDE0M0709tRSsS1vntYnTEiqin8="},"chainType":1,"messageKeys":{}}},"pendingPreKey":{"signedKeyId":1,"baseKey":"BWUEkn0UYYrSD6Twd1X7koVTT8qkaIBKE5IvSDw4stIr","preKeyId":11347133}}},"version":"v1"}