{"_sessions":{"BUMXdtboXqZuCD+u+Q2JI13gi26hFd/k3T1bMuoDiJ14":{"registrationId":925436841,"currentRatchet":{"ephemeralKeyPair":{"pubKey":"BW1FZcZMYwXx0ZGi1Hfj5f8l42yxKnW0IrBvEnhYo3F6","privKey":"SB2uXP9Kb6IISsznge6JhOXU2f+3yH0iR7LgqoowrWA="},"lastRemoteEphemeralKey":"BUTpCa7WAtIxJ65VKQZYnD/8HS4XNj9JpyeFBlbuQhY+","previousCounter":0,"rootKey":"7RHFLm/iv5+4KaZL9hsbKwaWFGbmLmoFCwJUY/VQKEg="},"indexInfo":{"baseKey":"BUMXdtboXqZuCD+u+Q2JI13gi26hFd/k3T1bMuoDiJ14","baseKeyType":1,"closed":1706241575222,"used":1706241573147,"created":1706241573147,"remoteIdentityKey":"BWYrn942bsiVrEhlldkD40kBdPbVRz5ICPw1OwVkhLFx"},"_chains":{"BW1FZcZMYwXx0ZGi1Hfj5f8l42yxKnW0IrBvEnhYo3F6":{"chainKey":{"counter":-1,"key":"ogr/dDn/hMr27/qhCcLpq0mJfZs5CDFHvOkfYr5CUlk="},"chainType":1,"messageKeys":{}}},"pendingPreKey":{"signedKeyId":1,"baseKey":"BUMXdtboXqZuCD+u+Q2JI13gi26hFd/k3T1bMuoDiJ14"}},"BSUHT74gG+zonWEnKVuNGyfa+p1gzV9Z0DxSqRvmPLEE":{"registrationId":925436841,"currentRatchet":{"ephemeralKeyPair":{"pubKey":"BRd7ucTsPi3sShQ2X/9xqM/VWCaRl9Q2hflXx480fc85","privKey":"AJTLNKWaUtjFufSnaThFCn0kfAMoaJN9dazJ6V/53mQ="},"lastRemoteEphemeralKey":"BUTpCa7WAtIxJ65VKQZYnD/8HS4XNj9JpyeFBlbuQhY+","previousCounter":0,"rootKey":"W5j6YPdXuQjylaj0KwUdmRDQVQEu91YW6J38gSUzfVk="},"indexInfo":{"baseKey":"BSUHT74gG+zonWEnKVuNGyfa+p1gzV9Z0DxSqRvmPLEE","baseKeyType":1,"closed":-1,"used":1706241575219,"created":1706241575219,"remoteIdentityKey":"BWYrn942bsiVrEhlldkD40kBdPbVRz5ICPw1OwVkhLFx"},"_chains":{"BRd7ucTsPi3sShQ2X/9xqM/VWCaRl9Q2hflXx480fc85":{"chainKey":{"counter":7,"key":"Ku5iJT3c25BT7YgsESYDHnDuxGD9p+jH9X138Q5U/ms="},"chainType":1,"messageKeys":{}}},"pendingPreKey":{"signedKeyId":1,"baseKey":"BSUHT74gG+zonWEnKVuNGyfa+p1gzV9Z0DxSqRvmPLEE"}}},"version":"v1"}