{"_sessions":{"BemDliRzuG9S43+bJiGujcDxo79DBLxEbi/qgsUb0e9m":{"registrationId":908413204,"currentRatchet":{"ephemeralKeyPair":{"pubKey":"BfmenlBUp/SuzbmpzkHuatlWjAYb3W6TNnXnBpNeg844","privKey":"qMGG3ETi2AoEpTLFHI5+DFM6qSiwOB0MsE3BgD12GW4="},"lastRemoteEphemeralKey":"BaHTdskt6VCVv44rWWC+GyWhLfV2+5bgoC/1j59cffIn","previousCounter":0,"rootKey":"NpesQNDCjYZ42njuBzAKFn+Grm+xblH69zGQ3W4YitE="},"indexInfo":{"baseKey":"BemDliRzuG9S43+bJiGujcDxo79DBLxEbi/qgsUb0e9m","baseKeyType":1,"closed":-1,"used":1706203228099,"created":1706203228099,"remoteIdentityKey":"BeRSU/+3MqeZolKGm5wISf2Fk51bYYyT2+YQXyQtTTtK"},"_chains":{"BfmenlBUp/SuzbmpzkHuatlWjAYb3W6TNnXnBpNeg844":{"chainKey":{"counter":2,"key":"fpmoytkhXTkcl9Xxv6TC69Fz3w3zr6zMijMoETiN7QU="},"chainType":1,"messageKeys":{}}},"pendingPreKey":{"signedKeyId":1,"baseKey":"BemDliRzuG9S43+bJiGujcDxo79DBLxEbi/qgsUb0e9m","preKeyId":7603138}}},"version":"v1"}