{"_sessions":{"BXUtuKOyAVQ5cdHOB+S2/eH3I4kIItiZ9w3QrkJKWZkv":{"registrationId":294085798,"currentRatchet":{"ephemeralKeyPair":{"pubKey":"Baje1PwqGC2uoaE5gOhkDPllaPAaW0p9KU3rkNa4qsd2","privKey":"2G544aL4SIbRz1cUiypEH8IVhOhjK3R/AQc4+FX5E3Y="},"lastRemoteEphemeralKey":"BXGEC/UbpOKHIp4IW0vv8ZJgOY5aAaVeFZ2ZhXjndOUR","previousCounter":0,"rootKey":"a4tS2T3qVgkKAvuXSLxPWzWtJipWtXC6XZzVQ017yWI="},"indexInfo":{"baseKey":"BXUtuKOyAVQ5cdHOB+S2/eH3I4kIItiZ9w3QrkJKWZkv","baseKeyType":1,"closed":1706241574779,"used":1706241573024,"created":1706241573024,"remoteIdentityKey":"Bf5d2+K9q0KXhj48kDt+yktFk7uxh23n3tPrnVG6eOVi"},"_chains":{"Baje1PwqGC2uoaE5gOhkDPllaPAaW0p9KU3rkNa4qsd2":{"chainKey":{"counter":-1,"key":"GVYwu+6qYYUquRc4M+A358u4T1ROUpdaBN8/Xsu3XuY="},"chainType":1,"messageKeys":{}}},"pendingPreKey":{"signedKeyId":0,"baseKey":"BXUtuKOyAVQ5cdHOB+S2/eH3I4kIItiZ9w3QrkJKWZkv","preKeyId":15120986}},"BZVxWQ0SZ67MHtm+hSBcRQ+AHYV0xyuTlKYSf6ep9oEJ":{"registrationId":294085798,"currentRatchet":{"ephemeralKeyPair":{"pubKey":"BWolFh7XtHa9xK9a3/31RaT2VlJWDN41TDpmjgDHn74S","privKey":"CFZ/F0M+xmOhEHPmGmPp4+4sWYN1LrFFmWX328FIx2Y="},"lastRemoteEphemeralKey":"BXGEC/UbpOKHIp4IW0vv8ZJgOY5aAaVeFZ2ZhXjndOUR","previousCounter":0,"rootKey":"6E9y+bbe1U5Xmfc9I240zOwjSsBNH2YkC5mq13gjzeY="},"indexInfo":{"baseKey":"BZVxWQ0SZ67MHtm+hSBcRQ+AHYV0xyuTlKYSf6ep9oEJ","baseKeyType":1,"closed":-1,"used":1706241574776,"created":1706241574776,"remoteIdentityKey":"Bf5d2+K9q0KXhj48kDt+yktFk7uxh23n3tPrnVG6eOVi"},"_chains":{"BWolFh7XtHa9xK9a3/31RaT2VlJWDN41TDpmjgDHn74S":{"chainKey":{"counter":7,"key":"pDxPX1Aeg/Gd1XSugTR7Mw8VydQ//euxTjMyuo4rVUw="},"chainType":1,"messageKeys":{}}},"pendingPreKey":{"signedKeyId":0,"baseKey":"BZVxWQ0SZ67MHtm+hSBcRQ+AHYV0xyuTlKYSf6ep9oEJ","preKeyId":15120945}}},"version":"v1"}