{"_sessions":{"BYviuJPFIBMixwAhKN0UdKnHlGgJQ2fwVLtb8mEQclhO":{"registrationId":1824850677,"currentRatchet":{"ephemeralKeyPair":{"pubKey":"BWv/AtplfJP9s9CTnlIEqf7rpRjLzMI9X34kCGaBZgF+","privKey":"oKMjTRrYEECKSWyEyhLaZqm2IMmqZresqIvAUf4Gulo="},"lastRemoteEphemeralKey":"BS79AgNZFywjwoy2OCb6CbsQmT4TMB+G3Io0tM73bcNN","previousCounter":0,"rootKey":"HIihIf3NtjmpmMXkVaWC4KZtnqbIhGVgPnyMjXAwwB4="},"indexInfo":{"baseKey":"BYviuJPFIBMixwAhKN0UdKnHlGgJQ2fwVLtb8mEQclhO","baseKeyType":1,"closed":1706241574911,"used":1706241573066,"created":1706241573066,"remoteIdentityKey":"BdMbmW34lTWKQ19rGukPTYcl1h5NtUt+1zNe/N804Psd"},"_chains":{"BWv/AtplfJP9s9CTnlIEqf7rpRjLzMI9X34kCGaBZgF+":{"chainKey":{"counter":-1,"key":"wwCIbsgnn32t0iuTjwSApYWPv7+SjRDGYy4RXZOEopQ="},"chainType":1,"messageKeys":{}}},"pendingPreKey":{"signedKeyId":0,"baseKey":"BYviuJPFIBMixwAhKN0UdKnHlGgJQ2fwVLtb8mEQclhO","preKeyId":14860343}},"BbGdz5FByMNqoSqpcpmMzDLTZ70raCQn7C+e82b46bVH":{"registrationId":1824850677,"currentRatchet":{"ephemeralKeyPair":{"pubKey":"Bc02OdOvoy4+2ER5Mn8ozK712eSg3D+JilsQNkMhc+sN","privKey":"sF4Mf4bLhporh1lIo98nCyzewbHaOBW3/svUt1iLjHA="},"lastRemoteEphemeralKey":"BS79AgNZFywjwoy2OCb6CbsQmT4TMB+G3Io0tM73bcNN","previousCounter":0,"rootKey":"/Gi571zeKiUxz8d3lWwbYR3m3W7oz8e8Ew9eGrHnK4Y="},"indexInfo":{"baseKey":"BbGdz5FByMNqoSqpcpmMzDLTZ70raCQn7C+e82b46bVH","baseKeyType":1,"closed":-1,"used":1706241574909,"created":1706241574909,"remoteIdentityKey":"BdMbmW34lTWKQ19rGukPTYcl1h5NtUt+1zNe/N804Psd"},"_chains":{"Bc02OdOvoy4+2ER5Mn8ozK712eSg3D+JilsQNkMhc+sN":{"chainKey":{"counter":7,"key":"hLu+sadDujSgL1wyhqisTDyNyM4s8yDjtVWwnoeaAVc="},"chainType":1,"messageKeys":{}}},"pendingPreKey":{"signedKeyId":0,"baseKey":"BbGdz5FByMNqoSqpcpmMzDLTZ70raCQn7C+e82b46bVH","preKeyId":14860380}}},"version":"v1"}