{"_sessions":{"BdIBg/10HscGjzsUD1uXRh0GEliL2Jc6nNqsRw0howVm":{"registrationId":1338621088,"currentRatchet":{"ephemeralKeyPair":{"pubKey":"BTtY62msHoas7CcAvi8Bo+TQMGbrC4EAuMpwUvBxhQwK","privKey":"6GPaKXU+8hwTVXHqmwFq2cmHhNrh959IPTa4BkdSpmg="},"lastRemoteEphemeralKey":"BefX5ApNi0mqogt+1jNH1eP6CWfaWfI3NaJ5ji59UGhs","previousCounter":0,"rootKey":"ycSzzAWP6RNuF4GFrW2XHu2bBvwZzobzJtFjQyh+E1A="},"indexInfo":{"baseKey":"BdIBg/10HscGjzsUD1uXRh0GEliL2Jc6nNqsRw0howVm","baseKeyType":1,"closed":1706241575204,"used":1706241573143,"created":1706241573143,"remoteIdentityKey":"BUl1P13T6jPKt1NQxnv2739FNHTCScfzzQWA/4UC1ENu"},"_chains":{"BTtY62msHoas7CcAvi8Bo+TQMGbrC4EAuMpwUvBxhQwK":{"chainKey":{"counter":-1,"key":"giTuAoQ3yO+CjPSb/cRA/EEwHAg3sRfRRHUwaNYhXo4="},"chainType":1,"messageKeys":{}}},"pendingPreKey":{"signedKeyId":1,"baseKey":"BdIBg/10HscGjzsUD1uXRh0GEliL2Jc6nNqsRw0howVm","preKeyId":12791323}},"Bd+f26d4TstmUYmvUlMl+ND2fWfJZREneiiN0dtU2+ZG":{"registrationId":1338621088,"currentRatchet":{"ephemeralKeyPair":{"pubKey":"BbRzyv9JAnh1EE3owkt2fSac9yFSfIP3U0ypgT/8CPpZ","privKey":"AIr1+CQxYKfG53KGkSvW3yE/HCPJaYSq5teKe26CVXE="},"lastRemoteEphemeralKey":"BefX5ApNi0mqogt+1jNH1eP6CWfaWfI3NaJ5ji59UGhs","previousCounter":0,"rootKey":"d2N03ainHlQRx+0rLIiTJdAblIKipQ2jaaky/eqMxn4="},"indexInfo":{"baseKey":"Bd+f26d4TstmUYmvUlMl+ND2fWfJZREneiiN0dtU2+ZG","baseKeyType":1,"closed":-1,"used":1706241575201,"created":1706241575201,"remoteIdentityKey":"BUl1P13T6jPKt1NQxnv2739FNHTCScfzzQWA/4UC1ENu"},"_chains":{"BbRzyv9JAnh1EE3owkt2fSac9yFSfIP3U0ypgT/8CPpZ":{"chainKey":{"counter":7,"key":"9ghQzjajjhIEpsgvUarUhp79WYaj3Ka+hviCWs0j6y8="},"chainType":1,"messageKeys":{}}},"pendingPreKey":{"signedKeyId":1,"baseKey":"Bd+f26d4TstmUYmvUlMl+ND2fWfJZREneiiN0dtU2+ZG","preKeyId":12791365}}},"version":"v1"}