{"_sessions":{"BWabvYUFDC9RKKpAAdrBMItrv4HLNtaigIAXLemo95I+":{"registrationId":1030389851,"currentRatchet":{"ephemeralKeyPair":{"pubKey":"BVNuJc2o/vjwAyv3uIVZSmyrMsrbkWtxDKauGWYd0cIk","privKey":"CC/3zzycAFzI2YXRm02aXBrAKP38Qarbq5WiXjE7p2A="},"lastRemoteEphemeralKey":"BZmrlxq8g960rE/xnOZbri2tBF8Y2KxaMocTjRdQaToJ","previousCounter":0,"rootKey":"ZCDhxpmS3UPeRH+NJllx379drwY6X00AG8/yksz74oU="},"indexInfo":{"baseKey":"BWabvYUFDC9RKKpAAdrBMItrv4HLNtaigIAXLemo95I+","baseKeyType":2,"closed":-1,"used":1706234401785,"created":1706234401785,"remoteIdentityKey":"BaCsBzwuhL6HDShAg7Oh+ySua3gR5v7wtUU0Mp6T8IYP"},"_chains":{"BZmrlxq8g960rE/xnOZbri2tBF8Y2KxaMocTjRdQaToJ":{"chainKey":{"counter":1,"key":"Lj8exdvgOzv5llJ056K5lbp29sZ9CEm6ETIDMIfNFkg="},"chainType":2,"messageKeys":{}},"BVNuJc2o/vjwAyv3uIVZSmyrMsrbkWtxDKauGWYd0cIk":{"chainKey":{"counter":7,"key":"PUeiqUjIbYlWsfthqayWY231c1r8Y+dyzrgfZFfugj0="},"chainType":1,"messageKeys":{}}}}},"version":"v1"}