{"_sessions":{"BfMfw3XZgMlrA1RdT31k974iXf9E6gcYjrcTC73HaT0v":{"registrationId":1730112673,"currentRatchet":{"ephemeralKeyPair":{"pubKey":"BXEiZobdQJR/8kPMHdILMTEn9aWG24zD+nojbUTcpBNi","privKey":"8MIiz6GbQ7f8dHQ0qo1ElP01h3pf7sKGkzZEB9VGpU8="},"lastRemoteEphemeralKey":"BVOCVEMexjlf/7Z2W6yr3KnERsZQA/It327Elk5EtKtP","previousCounter":0,"rootKey":"5Gih9XBc+cHopOLkmAiG4mjzz0MUHJmM06TBylImvwI="},"indexInfo":{"baseKey":"BfMfw3XZgMlrA1RdT31k974iXf9E6gcYjrcTC73HaT0v","baseKeyType":1,"closed":1706241573776,"used":1706241572765,"created":1706241572765,"remoteIdentityKey":"BYVxnr6M2MpJISCWdC4aCrx25uhCZApuZo/33dvchxs4"},"_chains":{"BXEiZobdQJR/8kPMHdILMTEn9aWG24zD+nojbUTcpBNi":{"chainKey":{"counter":-1,"key":"R9NyEPtJj3i/NbthR3Gl3wwDOnjyG7kuH9LSklGTZzM="},"chainType":1,"messageKeys":{}}},"pendingPreKey":{"signedKeyId":1,"baseKey":"BfMfw3XZgMlrA1RdT31k974iXf9E6gcYjrcTC73HaT0v","preKeyId":15216097}},"BeBlNdoQmUPkYTurRlBI30c5RtkVZ0Vn1Mi22niKwPhK":{"registrationId":1730112673,"currentRatchet":{"ephemeralKeyPair":{"pubKey":"BXkGNwkuK/7Jg2VoEL09ijWPWZgphMxxBzK65Q9JCWgW","privKey":"6KFvkSLYK2eKIf1V8UY7O8vq1B9Qtx+zGMRaaiIIFk0="},"lastRemoteEphemeralKey":"BVOCVEMexjlf/7Z2W6yr3KnERsZQA/It327Elk5EtKtP","previousCounter":0,"rootKey":"qk2rqyP3eQ1VnZf8N2Ue8cKtmxKKdKRx9MUdPgbAGk0="},"indexInfo":{"baseKey":"BeBlNdoQmUPkYTurRlBI30c5RtkVZ0Vn1Mi22niKwPhK","baseKeyType":1,"closed":-1,"used":1706241573771,"created":1706241573771,"remoteIdentityKey":"BYVxnr6M2MpJISCWdC4aCrx25uhCZApuZo/33dvchxs4"},"_chains":{"BXkGNwkuK/7Jg2VoEL09ijWPWZgphMxxBzK65Q9JCWgW":{"chainKey":{"counter":7,"key":"okjgE1jvfzYpb1lRtpM/rRuyg7LHXB6yWEm11QyE5yI="},"chainType":1,"messageKeys":{}}},"pendingPreKey":{"signedKeyId":1,"baseKey":"BeBlNdoQmUPkYTurRlBI30c5RtkVZ0Vn1Mi22niKwPhK","preKeyId":15215343}}},"version":"v1"}