{"_sessions":{"Bd2tbfWki8Wmv0BJALSO0UZRC69C6h3n6me/nrYknU0U":{"registrationId":1127603472,"currentRatchet":{"ephemeralKeyPair":{"pubKey":"BftAK6S4Q712iucfUdZ1REIhy+b2xiQ8YkJB0xqzsfNq","privKey":"YNsqEnNU+oSA2AGTkQ62iORHyCHBjZMpgSV7zlbBlXE="},"lastRemoteEphemeralKey":"BeuuXPtsFNC9apPhndM5FfO9AA5zU6mTH/A7IutIvBRF","previousCounter":0,"rootKey":"tABSNBsG9lzOfnXnP6HXNEl6jX1KrkM0DCzqnHGGcXo="},"indexInfo":{"baseKey":"Bd2tbfWki8Wmv0BJALSO0UZRC69C6h3n6me/nrYknU0U","baseKeyType":1,"closed":-1,"used":1706203228027,"created":1706203228027,"remoteIdentityKey":"Bb7UBrOznsUVdxM5SSHl7lTdQRwdlMPjIC4s4M6gQlsm"},"_chains":{"BftAK6S4Q712iucfUdZ1REIhy+b2xiQ8YkJB0xqzsfNq":{"chainKey":{"counter":2,"key":"WClz59VyKzUe2YWgg0MIN0FSRK7eYWTsc4v93K3P3JE="},"chainType":1,"messageKeys":{}}},"pendingPreKey":{"signedKeyId":2,"baseKey":"Bd2tbfWki8Wmv0BJALSO0UZRC69C6h3n6me/nrYknU0U","preKeyId":457276}}},"version":"v1"}