{"_sessions":{"BVTdLEjB4w9yTIq/+Ht1WuKIvdWX0v4RJcesniAsKOtb":{"registrationId":404506382,"currentRatchet":{"ephemeralKeyPair":{"pubKey":"BfSMUtygYFyrCaeAQJy6Q9G/l1virV9kYbSG/MZ82JJE","privKey":"cP2z5MbwaQqwlVt92pjsBgCbphvj3bS3QMyAnlXiU3M="},"lastRemoteEphemeralKey":"BQ1EbhUHl5wjBE9vHqg3FESPfBWsDkIKJlfcPRknJpRH","previousCounter":0,"rootKey":"vva51yJnOoEO1182iVdAQF+xM1OwaSVdUebRVm+H/lI="},"indexInfo":{"baseKey":"BVTdLEjB4w9yTIq/+Ht1WuKIvdWX0v4RJcesniAsKOtb","baseKeyType":1,"closed":1706241574741,"used":1706241573011,"created":1706241573011,"remoteIdentityKey":"BRlCFqz+zuNE/W5RdwH4A9VdNDFgTtzsRol8RpTJ43d+"},"_chains":{"BfSMUtygYFyrCaeAQJy6Q9G/l1virV9kYbSG/MZ82JJE":{"chainKey":{"counter":-1,"key":"0QQBjgwVEj0PxmiBuYLUcfTR5wyaNrWINw6CsaIUvvk="},"chainType":1,"messageKeys":{}}},"pendingPreKey":{"signedKeyId":3,"baseKey":"BVTdLEjB4w9yTIq/+Ht1WuKIvdWX0v4RJcesniAsKOtb","preKeyId":10370025}},"BSKvqicWIUCqFOzGO4nlMf126cCottRYOH8HaaGh7KYW":{"registrationId":404506382,"currentRatchet":{"ephemeralKeyPair":{"pubKey":"BZ8pLbGr3/ya/bFjUBkcqCtRwtguLhMWp1ecg0HirFcL","privKey":"uK6y8tfWM5/yeQgK7H3X81z+ps49V9s7gaFWc7AVi2M="},"lastRemoteEphemeralKey":"BQ1EbhUHl5wjBE9vHqg3FESPfBWsDkIKJlfcPRknJpRH","previousCounter":0,"rootKey":"O8oR3lAzMlpbQwdyXIWhHY289IaZyy3NWTJ7La0BQ5U="},"indexInfo":{"baseKey":"BSKvqicWIUCqFOzGO4nlMf126cCottRYOH8HaaGh7KYW","baseKeyType":1,"closed":-1,"used":1706241574739,"created":1706241574739,"remoteIdentityKey":"BRlCFqz+zuNE/W5RdwH4A9VdNDFgTtzsRol8RpTJ43d+"},"_chains":{"BZ8pLbGr3/ya/bFjUBkcqCtRwtguLhMWp1ecg0HirFcL":{"chainKey":{"counter":7,"key":"FHJjiUxTbCW/BYDhZ29SsHyOEObXVDzf7cpMFr3Tm+I="},"chainType":1,"messageKeys":{}}},"pendingPreKey":{"signedKeyId":3,"baseKey":"BSKvqicWIUCqFOzGO4nlMf126cCottRYOH8HaaGh7KYW","preKeyId":10370135}}},"version":"v1"}